roi,cell_id,leiden_cluster,umap_1,umap_2,n_genes,total_counts,cell_type
Sample_007_Region,16142-sample_1_lv_0046706_007,18,16.21776,1.7649878,0,349,Th
Sample_007_Region,16143-sample_1_lv_0046706_007,5,12.303864,5.2408586,0,541,Mono_mac
Sample_007_Region,16144-sample_1_lv_0046706_007,12,13.540216,6.627721,0,187,F1
Sample_007_Region,21172-sample_1_lv_0046706_007,23,6.0435486,17.95495,0,257,Differentiated_KC
Sample_007_Region,21173-sample_1_lv_0046706_007,21,17.01293,18.051353,0,369,Undifferentiated_KC
Sample_007_Region,21174-sample_1_lv_0046706_007,6,13.152396,13.610772,0,481,Undifferentiated_KC
Sample_007_Region,21175-sample_1_lv_0046706_007,7,15.77419,12.83194,0,228,MigDC
Sample_007_Region,21176-sample_1_lv_0046706_007,7,15.781157,12.464948,0,290,LC
Sample_007_Region,21177-sample_1_lv_0046706_007,21,16.6526,18.003603,0,182,Differentiated_KC
Sample_007_Region,21178-sample_1_lv_0046706_007,1,9.844206,10.284827,0,516,LC
Sample_007_Region,21179-sample_1_lv_0046706_007,30,17.187433,-0.36291695,0,117,Th
Sample_007_Region,21181-sample_1_lv_0046706_007,0,-4.3746095,5.7329087,0,88,Mono_mac
Sample_007_Region,21182-sample_1_lv_0046706_007,0,-4.802198,5.35544,0,2,Differentiated_KC
Sample_007_Region,21183-sample_1_lv_0046706_007,12,12.771086,7.6981497,0,243,Th
Sample_007_Region,21184-sample_1_lv_0046706_007,31,10.376612,-1.2807035,0,453,Undifferentiated_KC
Sample_007_Region,21185-sample_1_lv_0046706_007,31,10.698461,-1.3744365,0,533,Undifferentiated_KC
Sample_007_Region,21186-sample_1_lv_0046706_007,6,14.233932,14.832313,0,1092,Undifferentiated_KC
Sample_007_Region,21187-sample_1_lv_0046706_007,1,9.289833,9.957153,0,528,Undifferentiated_KC
Sample_007_Region,21188-sample_1_lv_0046706_007,6,13.328487,13.597876,0,578,Undifferentiated_KC
Sample_007_Region,21189-sample_1_lv_0046706_007,6,13.843637,14.6482935,0,781,Undifferentiated_KC
Sample_007_Region,21190-sample_1_lv_0046706_007,6,13.23893,13.655648,0,589,Undifferentiated_KC
Sample_007_Region,21191-sample_1_lv_0046706_007,21,16.493324,20.130123,0,780,Macro_1
Sample_007_Region,21192-sample_1_lv_0046706_007,21,16.742056,19.669588,0,356,Macro_1
Sample_007_Region,21193-sample_1_lv_0046706_007,21,16.39536,20.121769,0,685,F1
Sample_007_Region,21194-sample_1_lv_0046706_007,21,16.649607,19.60125,0,261,Differentiated_KC
Sample_007_Region,21195-sample_1_lv_0046706_007,1,4.6602893,0.4003545,0,314,Undifferentiated_KC
Sample_007_Region,21196-sample_1_lv_0046706_007,6,14.243386,15.822253,0,447,Undifferentiated_KC
Sample_007_Region,21197-sample_1_lv_0046706_007,14,10.997914,4.1125216,0,612,F1
Sample_007_Region,21198-sample_1_lv_0046706_007,6,13.551228,14.97709,0,791,Undifferentiated_KC
Sample_007_Region,21199-sample_1_lv_0046706_007,1,4.7731895,0.4703374,0,537,Undifferentiated_KC
Sample_007_Region,21200-sample_1_lv_0046706_007,6,13.679948,15.006473,0,275,Undifferentiated_KC
Sample_007_Region,21201-sample_1_lv_0046706_007,6,12.252584,14.062163,0,377,Undifferentiated_KC
Sample_007_Region,21202-sample_1_lv_0046706_007,6,14.198227,15.7294235,0,523,Undifferentiated_KC
Sample_007_Region,21203-sample_1_lv_0046706_007,21,16.893951,17.957287,0,518,Differentiated_KC
Sample_007_Region,21204-sample_1_lv_0046706_007,4,15.393805,9.809132,0,518,Undifferentiated_KC
Sample_007_Region,21205-sample_1_lv_0046706_007,4,14.222584,6.1110106,0,892,Undifferentiated_KC
Sample_007_Region,21206-sample_1_lv_0046706_007,6,13.442017,14.050121,0,910,Undifferentiated_KC
Sample_007_Region,21207-sample_1_lv_0046706_007,21,16.621172,19.918194,0,842,Differentiated_KC
Sample_007_Region,21208-sample_1_lv_0046706_007,21,16.44918,19.55682,0,648,Undifferentiated_KC
Sample_007_Region,21209-sample_1_lv_0046706_007,21,16.44637,19.82147,0,594,Undifferentiated_KC
Sample_007_Region,21210-sample_1_lv_0046706_007,6,14.154836,14.3917885,0,603,Mono_mac
Sample_007_Region,21211-sample_1_lv_0046706_007,6,13.295808,15.38303,0,252,Undifferentiated_KC
Sample_007_Region,21212-sample_1_lv_0046706_007,21,22.294926,13.574079,0,318,F1
Sample_007_Region,21213-sample_1_lv_0046706_007,21,16.505568,20.005253,0,864,Differentiated_KC
Sample_007_Region,21214-sample_1_lv_0046706_007,21,16.48467,20.176771,0,377,Differentiated_KC
Sample_007_Region,21215-sample_1_lv_0046706_007,21,16.62984,19.79825,0,219,F1
Sample_007_Region,21216-sample_1_lv_0046706_007,21,16.75728,19.831903,0,430,F1
Sample_007_Region,21217-sample_1_lv_0046706_007,21,17.036217,18.061235,0,188,F1
Sample_007_Region,21218-sample_1_lv_0046706_007,21,16.712177,20.10592,0,23,Differentiated_KC
Sample_007_Region,21219-sample_1_lv_0046706_007,21,16.760876,17.614895,0,34,Undifferentiated_KC
Sample_007_Region,21220-sample_1_lv_0046706_007,7,16.37395,11.77358,0,321,MigDC
Sample_007_Region,21221-sample_1_lv_0046706_007,1,4.717608,0.44072434,0,495,Undifferentiated_KC
Sample_007_Region,21222-sample_1_lv_0046706_007,6,13.123764,13.666286,0,352,Undifferentiated_KC
Sample_007_Region,21223-sample_1_lv_0046706_007,7,15.569012,11.841327,0,513,Undifferentiated_KC
Sample_007_Region,21224-sample_1_lv_0046706_007,7,15.874212,12.56948,0,538,Undifferentiated_KC
Sample_007_Region,21225-sample_1_lv_0046706_007,4,7.9042287,8.860947,0,344,Undifferentiated_KC
Sample_007_Region,21226-sample_1_lv_0046706_007,21,16.551622,20.139341,0,264,F1
Sample_007_Region,21227-sample_1_lv_0046706_007,9,9.466437,13.854036,0,389,F2
Sample_007_Region,21228-sample_1_lv_0046706_007,2,10.0028715,6.8871036,0,114,Tc
Sample_007_Region,21229-sample_1_lv_0046706_007,4,14.445499,8.422357,0,651,ILC1_3
Sample_007_Region,21230-sample_1_lv_0046706_007,3,8.917128,6.208953,0,402,F2
Sample_007_Region,21231-sample_1_lv_0046706_007,3,7.561306,4.988402,0,144,F1
Sample_007_Region,21232-sample_1_lv_0046706_007,15,7.8848395,0.14099711,0,112,F3
Sample_007_Region,21233-sample_1_lv_0046706_007,3,9.897875,5.536139,0,153,F1
Sample_007_Region,21234-sample_1_lv_0046706_007,33,1.2817838,21.095695,0,626,F2
Sample_007_Region,21235-sample_1_lv_0046706_007,2,11.29815,8.138942,0,218,Mono_mac
Sample_007_Region,21236-sample_1_lv_0046706_007,19,19.808958,14.740879,0,441,Tc
Sample_007_Region,21237-sample_1_lv_0046706_007,0,-4.3263946,5.7665157,0,332,F3
Sample_007_Region,21238-sample_1_lv_0046706_007,19,19.868584,11.538078,0,190,Tc
Sample_007_Region,21239-sample_1_lv_0046706_007,0,-2.6448376,6.6983066,0,239,F1
Sample_007_Region,21240-sample_1_lv_0046706_007,4,13.796113,8.163705,0,158,F1
Sample_007_Region,21241-sample_1_lv_0046706_007,15,5.5832286,2.987333,0,82,Tc
Sample_007_Region,21242-sample_1_lv_0046706_007,1,7.4122086,7.6570864,0,81,Tc
Sample_007_Region,21243-sample_1_lv_0046706_007,3,8.333261,5.0685687,0,97,F1
Sample_007_Region,21244-sample_1_lv_0046706_007,1,7.3786645,7.7839155,0,52,Macro_1
Sample_007_Region,21245-sample_1_lv_0046706_007,8,12.269189,1.4391279,0,464,F1
Sample_007_Region,21246-sample_1_lv_0046706_007,1,12.02146,10.82794,0,92,F3
Sample_007_Region,21247-sample_1_lv_0046706_007,2,10.330539,7.5293937,0,567,Mono_mac
Sample_007_Region,21248-sample_1_lv_0046706_007,15,6.944439,2.5802505,0,754,F3
Sample_007_Region,21249-sample_1_lv_0046706_007,9,9.076954,13.888514,0,264,F1
Sample_007_Region,21250-sample_1_lv_0046706_007,10,12.987226,9.479681,0,1051,F1
Sample_007_Region,21251-sample_1_lv_0046706_007,4,14.194555,7.814178,0,590,Mono_mac
Sample_007_Region,21252-sample_1_lv_0046706_007,10,13.321997,9.667729,0,1528,F2
Sample_007_Region,21253-sample_1_lv_0046706_007,32,1.4758836,11.607992,0,107,Mono_mac
Sample_007_Region,21254-sample_1_lv_0046706_007,18,15.852248,2.2660697,0,89,Mono_mac
Sample_007_Region,21255-sample_1_lv_0046706_007,0,-6.0947723,8.329583,0,93,Th
Sample_007_Region,21256-sample_1_lv_0046706_007,4,14.5883255,9.095275,0,560,F1
Sample_007_Region,21257-sample_1_lv_0046706_007,8,13.877814,2.1155689,0,948,Mono_mac
Sample_007_Region,21258-sample_1_lv_0046706_007,4,14.753235,8.841524,0,672,F1
Sample_007_Region,21259-sample_1_lv_0046706_007,22,10.001206,18.824589,0,308,VE3
Sample_007_Region,21260-sample_1_lv_0046706_007,2,9.477937,6.9645877,0,293,F3
Sample_007_Region,21261-sample_1_lv_0046706_007,4,15.29788,7.3803453,0,533,F3
Sample_007_Region,21262-sample_1_lv_0046706_007,3,8.3118925,6.2018113,0,75,F1
Sample_007_Region,21263-sample_1_lv_0046706_007,1,7.7814865,10.177092,0,67,F2
Sample_007_Region,21264-sample_1_lv_0046706_007,4,15.069135,9.051087,0,145,F1
Sample_007_Region,21265-sample_1_lv_0046706_007,15,5.6127696,2.4811394,0,338,Mono_mac
Sample_007_Region,21266-sample_1_lv_0046706_007,5,9.877834,3.7339222,0,521,Mono_mac
Sample_007_Region,21267-sample_1_lv_0046706_007,0,-4.5496287,7.0272875,0,646,F2
Sample_007_Region,21268-sample_1_lv_0046706_007,5,12.796366,4.3228755,0,637,Pericyte_2
Sample_007_Region,21269-sample_1_lv_0046706_007,15,5.6803637,2.140318,0,275,Pericyte_2
Sample_007_Region,21270-sample_1_lv_0046706_007,22,10.03652,19.298887,0,409,Mono_mac
Sample_007_Region,21271-sample_1_lv_0046706_007,22,10.090236,19.195303,0,1027,Mono_mac
Sample_007_Region,21272-sample_1_lv_0046706_007,6,13.836155,15.5646715,0,381,Undifferentiated_KC
Sample_007_Region,21273-sample_1_lv_0046706_007,6,15.14295,15.316926,0,409,Undifferentiated_KC
Sample_007_Region,21274-sample_1_lv_0046706_007,6,13.013115,14.544624,0,464,Undifferentiated_KC
Sample_007_Region,21275-sample_1_lv_0046706_007,12,13.525943,7.5580225,0,112,Mono_mac
Sample_007_Region,21276-sample_1_lv_0046706_007,2,9.737172,6.46749,0,140,Tc
Sample_007_Region,21277-sample_1_lv_0046706_007,2,11.479341,7.4311576,0,245,F1
Sample_007_Region,21278-sample_1_lv_0046706_007,6,13.3602085,15.155716,0,715,Undifferentiated_KC
Sample_007_Region,21279-sample_1_lv_0046706_007,6,12.519629,13.442334,0,674,Undifferentiated_KC
Sample_007_Region,21280-sample_1_lv_0046706_007,6,12.655715,13.804887,0,546,Undifferentiated_KC
Sample_007_Region,21281-sample_1_lv_0046706_007,1,7.112566,10.06429,0,742,MigDC
Sample_007_Region,21282-sample_1_lv_0046706_007,20,16.646915,15.131765,0,772,Undifferentiated_KC
Sample_007_Region,21283-sample_1_lv_0046706_007,6,12.585774,13.795783,0,414,Undifferentiated_KC
Sample_007_Region,21284-sample_1_lv_0046706_007,4,15.4097,9.867572,0,319,Undifferentiated_KC
Sample_007_Region,21285-sample_1_lv_0046706_007,4,8.13645,8.954827,0,839,Undifferentiated_KC
Sample_007_Region,21286-sample_1_lv_0046706_007,6,12.632884,13.835614,0,559,Undifferentiated_KC
Sample_007_Region,21287-sample_1_lv_0046706_007,8,12.176534,0.8822741,0,480,Undifferentiated_KC
Sample_007_Region,21288-sample_1_lv_0046706_007,6,12.645608,13.771992,0,441,Undifferentiated_KC
Sample_007_Region,21289-sample_1_lv_0046706_007,6,12.58742,13.78242,0,880,Undifferentiated_KC
Sample_007_Region,21290-sample_1_lv_0046706_007,2,11.274528,6.762391,0,1186,F1
Sample_007_Region,21291-sample_1_lv_0046706_007,9,9.08971,13.72633,0,116,F1
Sample_007_Region,21292-sample_1_lv_0046706_007,4,15.411927,7.228971,0,125,Mono_mac
Sample_007_Region,21293-sample_1_lv_0046706_007,13,9.637624,11.774404,0,553,Th
Sample_007_Region,21294-sample_1_lv_0046706_007,2,11.252401,6.8962536,0,204,Th
Sample_007_Region,21295-sample_1_lv_0046706_007,6,12.62914,13.734755,0,613,Undifferentiated_KC
Sample_007_Region,21296-sample_1_lv_0046706_007,6,14.992305,15.530175,0,527,Undifferentiated_KC
Sample_007_Region,21297-sample_1_lv_0046706_007,14,10.9324875,3.6694212,0,237,moDC
Sample_007_Region,21298-sample_1_lv_0046706_007,9,9.740218,14.050204,0,813,Macro_1
Sample_007_Region,21299-sample_1_lv_0046706_007,2,9.854155,6.7462535,0,156,F1
Sample_007_Region,21300-sample_1_lv_0046706_007,10,13.595991,9.969073,0,359,F1
Sample_007_Region,21301-sample_1_lv_0046706_007,23,6.336791,18.7501,0,439,Undifferentiated_KC
Sample_007_Region,21302-sample_1_lv_0046706_007,14,12.159283,4.0256,0,274,Undifferentiated_KC
Sample_007_Region,21303-sample_1_lv_0046706_007,14,11.752192,4.387131,0,198,Undifferentiated_KC
Sample_007_Region,21304-sample_1_lv_0046706_007,14,11.234316,4.080127,0,395,Melanocyte
Sample_007_Region,21305-sample_1_lv_0046706_007,1,9.838602,9.074984,0,145,F3
Sample_007_Region,21306-sample_1_lv_0046706_007,9,9.436129,13.868583,0,242,F2
Sample_007_Region,21307-sample_1_lv_0046706_007,0,-2.790291,8.20093,0,210,F2
Sample_007_Region,21308-sample_1_lv_0046706_007,5,8.955523,3.556884,0,147,Schwann_1
Sample_007_Region,21309-sample_1_lv_0046706_007,1,11.990513,10.920848,0,270,F1
Sample_007_Region,21310-sample_1_lv_0046706_007,14,11.6879425,4.044235,0,152,F1
Sample_007_Region,21311-sample_1_lv_0046706_007,7,15.924869,12.148058,0,1114,Undifferentiated_KC
Sample_007_Region,21312-sample_1_lv_0046706_007,6,12.535924,13.834429,0,183,Undifferentiated_KC
Sample_007_Region,21313-sample_1_lv_0046706_007,6,13.007943,14.127973,0,956,Undifferentiated_KC
Sample_007_Region,21314-sample_1_lv_0046706_007,3,7.254977,5.4476123,0,68,F1
Sample_007_Region,21317-sample_1_lv_0046706_007,3,7.718963,4.6882772,0,250,Mono_mac
Sample_007_Region,21421-sample_1_lv_0046706_007,29,2.839068,3.449516,0,232,Undifferentiated_KC
Sample_007_Region,21422-sample_1_lv_0046706_007,1,4.340144,0.09734915,0,125,Undifferentiated_KC
Sample_007_Region,21423-sample_1_lv_0046706_007,1,4.3433614,0.12181428,0,134,Tc
Sample_007_Region,21424-sample_1_lv_0046706_007,7,15.754356,12.990807,0,131,Undifferentiated_KC
Sample_007_Region,21425-sample_1_lv_0046706_007,0,-5.4501686,8.356839,0,63,Undifferentiated_KC
Sample_007_Region,21426-sample_1_lv_0046706_007,0,-4.74126,7.903446,0,242,Undifferentiated_KC
Sample_007_Region,21427-sample_1_lv_0046706_007,29,3.0015197,2.8492951,0,394,Undifferentiated_KC
Sample_007_Region,21428-sample_1_lv_0046706_007,29,2.4238148,3.1725795,0,184,Undifferentiated_KC
Sample_007_Region,21429-sample_1_lv_0046706_007,6,12.897414,14.528542,0,374,Undifferentiated_KC
Sample_007_Region,21430-sample_1_lv_0046706_007,1,8.604149,8.89978,0,673,F1
Sample_007_Region,21431-sample_1_lv_0046706_007,26,7.4351954,-5.502894,0,354,Th
Sample_007_Region,21432-sample_1_lv_0046706_007,11,11.896009,9.463697,0,483,F3
Sample_007_Region,21433-sample_1_lv_0046706_007,2,10.472096,7.5832224,0,377,F2
Sample_007_Region,21434-sample_1_lv_0046706_007,9,8.98981,13.283961,0,142,F2
Sample_007_Region,21435-sample_1_lv_0046706_007,15,4.8487835,2.100029,0,186,VE2
Sample_007_Region,21436-sample_1_lv_0046706_007,12,13.020677,7.2147865,0,195,F1
Sample_007_Region,21437-sample_1_lv_0046706_007,20,16.663385,14.443746,0,175,Mono_mac
Sample_007_Region,21438-sample_1_lv_0046706_007,5,12.669036,4.9795074,0,657,F1
Sample_007_Region,21439-sample_1_lv_0046706_007,12,13.077784,7.7875366,0,247,Mono_mac
Sample_007_Region,21440-sample_1_lv_0046706_007,3,6.596305,4.884464,0,246,F1
Sample_007_Region,21441-sample_1_lv_0046706_007,2,12.409244,7.144609,0,293,F1
Sample_007_Region,21442-sample_1_lv_0046706_007,7,15.064757,11.308965,0,541,F3
Sample_007_Region,21443-sample_1_lv_0046706_007,32,1.6682361,11.29144,0,428,Undifferentiated_KC
Sample_007_Region,21444-sample_1_lv_0046706_007,7,15.400955,12.745131,0,190,Undifferentiated_KC
Sample_007_Region,21445-sample_1_lv_0046706_007,14,10.945884,3.9627352,0,204,F3
Sample_007_Region,21446-sample_1_lv_0046706_007,4,15.23475,7.455572,0,279,Undifferentiated_KC
Sample_007_Region,21447-sample_1_lv_0046706_007,31,10.23471,-1.2189466,0,554,Undifferentiated_KC
Sample_007_Region,21448-sample_1_lv_0046706_007,6,13.936398,15.46115,0,208,Undifferentiated_KC
Sample_007_Region,21449-sample_1_lv_0046706_007,4,15.541448,7.6726537,0,370,Undifferentiated_KC
Sample_007_Region,21450-sample_1_lv_0046706_007,1,4.6310024,0.3616701,0,432,Undifferentiated_KC
Sample_007_Region,21451-sample_1_lv_0046706_007,6,12.340074,13.960215,0,491,Undifferentiated_KC
Sample_007_Region,21452-sample_1_lv_0046706_007,6,12.876259,15.349635,0,163,VE2
Sample_007_Region,21453-sample_1_lv_0046706_007,7,16.675259,11.82177,0,331,Undifferentiated_KC
Sample_007_Region,21454-sample_1_lv_0046706_007,7,15.649607,12.775814,0,341,Undifferentiated_KC
Sample_007_Region,21455-sample_1_lv_0046706_007,31,10.813996,-2.4194098,0,251,Undifferentiated_KC
Sample_007_Region,21456-sample_1_lv_0046706_007,29,3.593086,3.5765355,0,202,Undifferentiated_KC
Sample_007_Region,21457-sample_1_lv_0046706_007,24,9.325246,0.701624,0,121,Th
Sample_007_Region,21458-sample_1_lv_0046706_007,19,20.234812,13.867672,0,259,Mono_mac
Sample_007_Region,21459-sample_1_lv_0046706_007,6,13.03988,15.447251,0,313,Undifferentiated_KC
Sample_007_Region,21460-sample_1_lv_0046706_007,29,2.468096,3.2056696,0,343,Undifferentiated_KC
Sample_007_Region,21461-sample_1_lv_0046706_007,7,5.548104,8.707958,0,379,Undifferentiated_KC
Sample_007_Region,21462-sample_1_lv_0046706_007,20,16.174267,15.088588,0,204,Undifferentiated_KC
Sample_007_Region,21463-sample_1_lv_0046706_007,0,-3.1093118,6.8489957,0,296,Undifferentiated_KC
Sample_007_Region,21464-sample_1_lv_0046706_007,29,3.4220974,4.4310346,0,122,Undifferentiated_KC
Sample_007_Region,21465-sample_1_lv_0046706_007,29,3.94644,3.7814515,0,130,Undifferentiated_KC
Sample_007_Region,21466-sample_1_lv_0046706_007,0,-3.4511473,7.321671,0,82,Undifferentiated_KC
Sample_007_Region,21467-sample_1_lv_0046706_007,29,3.825079,3.6513195,0,311,Undifferentiated_KC
Sample_007_Region,21468-sample_1_lv_0046706_007,0,-4.1357694,7.3455563,0,117,Undifferentiated_KC
Sample_007_Region,21469-sample_1_lv_0046706_007,20,16.608128,15.242329,0,423,Undifferentiated_KC
Sample_007_Region,21470-sample_1_lv_0046706_007,0,-4.2615395,6.905522,0,231,Undifferentiated_KC
Sample_007_Region,21528-sample_1_lv_0046706_007,6,12.019364,13.987686,0,479,Undifferentiated_KC
Sample_007_Region,21531-sample_1_lv_0046706_007,29,2.471452,2.875894,0,257,Undifferentiated_KC
Sample_007_Region,21532-sample_1_lv_0046706_007,7,15.565751,12.518419,0,564,Mono_mac
Sample_007_Region,21533-sample_1_lv_0046706_007,7,15.425809,12.323145,0,268,Undifferentiated_KC
Sample_007_Region,21534-sample_1_lv_0046706_007,1,8.131429,8.681558,0,262,Undifferentiated_KC
Sample_007_Region,21535-sample_1_lv_0046706_007,7,5.637223,8.619749,0,262,Undifferentiated_KC
Sample_007_Region,21536-sample_1_lv_0046706_007,4,14.466717,9.018217,0,306,Mono_mac
Sample_007_Region,21537-sample_1_lv_0046706_007,31,10.264508,-1.2226545,0,334,Undifferentiated_KC
Sample_007_Region,21538-sample_1_lv_0046706_007,6,13.959199,14.8322525,0,439,Undifferentiated_KC
Sample_007_Region,21539-sample_1_lv_0046706_007,0,-3.862447,7.1445236,0,161,Undifferentiated_KC
Sample_007_Region,21540-sample_1_lv_0046706_007,0,-5.990518,7.285739,0,111,Undifferentiated_KC
Sample_007_Region,21541-sample_1_lv_0046706_007,4,15.407033,9.909341,0,324,VE2
Sample_007_Region,21542-sample_1_lv_0046706_007,0,-5.2885427,7.126042,0,201,Undifferentiated_KC
Sample_007_Region,21543-sample_1_lv_0046706_007,25,9.277403,22.205006,0,337,Undifferentiated_KC
Sample_007_Region,21544-sample_1_lv_0046706_007,29,3.0601652,3.4393086,0,220,VE2
Sample_007_Region,21545-sample_1_lv_0046706_007,11,11.436837,9.727143,0,331,Undifferentiated_KC
Sample_007_Region,21546-sample_1_lv_0046706_007,11,10.946196,9.959031,0,427,Undifferentiated_KC
Sample_007_Region,21547-sample_1_lv_0046706_007,29,3.5527196,3.5197945,0,224,Undifferentiated_KC
Sample_007_Region,21548-sample_1_lv_0046706_007,0,-4.712104,5.671265,0,39,Undifferentiated_KC
Sample_007_Region,21549-sample_1_lv_0046706_007,0,-5.070966,7.6279063,0,40,Undifferentiated_KC
Sample_007_Region,21550-sample_1_lv_0046706_007,7,4.113808,7.2900496,0,107,Undifferentiated_KC
Sample_007_Region,21551-sample_1_lv_0046706_007,0,-4.0550094,5.5560703,0,96,Undifferentiated_KC
Sample_007_Region,21552-sample_1_lv_0046706_007,0,-3.646143,8.0976925,0,146,Undifferentiated_KC
Sample_007_Region,21553-sample_1_lv_0046706_007,7,15.656027,12.897398,0,350,Undifferentiated_KC
Sample_007_Region,21554-sample_1_lv_0046706_007,1,12.368083,10.285056,0,373,Undifferentiated_KC
Sample_007_Region,21555-sample_1_lv_0046706_007,6,12.467845,13.920912,0,721,Undifferentiated_KC
Sample_007_Region,21556-sample_1_lv_0046706_007,0,-4.089644,9.036959,0,0,Differentiated_KC
Sample_007_Region,21557-sample_1_lv_0046706_007,7,14.483341,11.884298,0,267,Undifferentiated_KC
Sample_007_Region,21558-sample_1_lv_0046706_007,6,14.0228815,14.605264,0,331,Undifferentiated_KC
Sample_007_Region,21559-sample_1_lv_0046706_007,1,4.6992135,0.51378536,0,287,Undifferentiated_KC
Sample_007_Region,21560-sample_1_lv_0046706_007,7,4.351881,7.916744,0,64,Differentiated_KC
Sample_007_Region,21561-sample_1_lv_0046706_007,7,4.4194245,8.047325,0,65,Differentiated_KC
Sample_007_Region,21562-sample_1_lv_0046706_007,7,4.331324,7.7461243,0,36,Undifferentiated_KC
Sample_007_Region,21563-sample_1_lv_0046706_007,29,3.4161599,4.53634,0,160,Undifferentiated_KC
Sample_007_Region,21564-sample_1_lv_0046706_007,0,-5.3266454,8.532025,0,109,Undifferentiated_KC
Sample_007_Region,21565-sample_1_lv_0046706_007,0,-3.4760973,6.205016,0,286,Undifferentiated_KC
Sample_007_Region,21566-sample_1_lv_0046706_007,0,-5.9708323,8.047826,0,45,Differentiated_KC
Sample_007_Region,21567-sample_1_lv_0046706_007,7,4.4259596,8.224871,0,19,Differentiated_KC
Sample_007_Region,21568-sample_1_lv_0046706_007,23,6.3531113,18.190746,0,638,Undifferentiated_KC
Sample_007_Region,21569-sample_1_lv_0046706_007,6,12.20708,14.099091,0,527,Undifferentiated_KC
Sample_007_Region,21570-sample_1_lv_0046706_007,6,12.379849,13.470438,0,554,Undifferentiated_KC
Sample_007_Region,21571-sample_1_lv_0046706_007,7,4.3958173,8.2032,0,57,Differentiated_KC
Sample_007_Region,21572-sample_1_lv_0046706_007,7,4.278069,7.619235,0,57,Differentiated_KC
Sample_007_Region,21573-sample_1_lv_0046706_007,0,-5.3902173,8.674944,0,77,Differentiated_KC
Sample_007_Region,21574-sample_1_lv_0046706_007,7,4.36661,7.8343706,0,142,Differentiated_KC
Sample_007_Region,21575-sample_1_lv_0046706_007,0,-4.5918474,8.043184,0,72,Differentiated_KC
Sample_007_Region,21576-sample_1_lv_0046706_007,17,5.0138183,9.874235,0,363,Undifferentiated_KC
Sample_007_Region,21577-sample_1_lv_0046706_007,7,4.4166026,7.9853663,0,40,Undifferentiated_KC
Sample_007_Region,21578-sample_1_lv_0046706_007,0,-5.3369184,6.7486153,0,196,Undifferentiated_KC
Sample_007_Region,24155-sample_1_lv_0046706_007,4,14.923238,7.4242353,0,420,MigDC
Sample_007_Region,24156-sample_1_lv_0046706_007,6,12.388477,13.549217,0,660,Undifferentiated_KC
Sample_007_Region,24157-sample_1_lv_0046706_007,23,6.142752,17.742573,0,557,LC
Sample_007_Region,24158-sample_1_lv_0046706_007,1,4.745632,0.45666116,0,336,Differentiated_KC
Sample_007_Region,24159-sample_1_lv_0046706_007,19,20.154528,13.761577,0,344,Undifferentiated_KC
Sample_007_Region,24160-sample_1_lv_0046706_007,11,11.83267,9.882613,0,87,Mono_mac
Sample_007_Region,24161-sample_1_lv_0046706_007,6,13.042378,15.612504,0,478,Undifferentiated_KC
Sample_007_Region,24162-sample_1_lv_0046706_007,11,10.544594,10.204267,0,370,Tc
Sample_007_Region,24163-sample_1_lv_0046706_007,1,7.7760086,7.951281,0,81,Mono_mac
Sample_007_Region,24164-sample_1_lv_0046706_007,2,10.82659,7.0363045,0,461,F2
Sample_007_Region,24165-sample_1_lv_0046706_007,6,12.020225,13.625411,0,351,Undifferentiated_KC
Sample_007_Region,24166-sample_1_lv_0046706_007,1,11.728698,11.344554,0,249,Undifferentiated_KC
Sample_007_Region,24167-sample_1_lv_0046706_007,1,9.648528,7.974988,0,477,Undifferentiated_KC
Sample_007_Region,24168-sample_1_lv_0046706_007,6,13.233583,13.643834,0,355,Undifferentiated_KC
Sample_007_Region,24169-sample_1_lv_0046706_007,31,10.471331,-1.3749424,0,306,Undifferentiated_KC
Sample_007_Region,24170-sample_1_lv_0046706_007,6,13.128854,15.264959,0,405,Undifferentiated_KC
Sample_007_Region,24171-sample_1_lv_0046706_007,17,5.3409133,9.724679,0,482,Undifferentiated_KC
Sample_007_Region,24172-sample_1_lv_0046706_007,1,7.4537807,9.808509,0,710,Undifferentiated_KC
Sample_007_Region,24173-sample_1_lv_0046706_007,7,15.90953,11.9331255,0,1202,Undifferentiated_KC
Sample_007_Region,24174-sample_1_lv_0046706_007,6,13.482403,16.594465,0,362,Undifferentiated_KC
Sample_007_Region,24175-sample_1_lv_0046706_007,7,15.876259,12.10485,0,539,MigDC
Sample_007_Region,24176-sample_1_lv_0046706_007,7,15.841448,11.771746,0,356,Undifferentiated_KC
Sample_007_Region,24177-sample_1_lv_0046706_007,7,16.08935,11.741994,0,391,Mono_mac
Sample_007_Region,24178-sample_1_lv_0046706_007,7,6.7506638,9.084471,0,241,Undifferentiated_KC
Sample_007_Region,24179-sample_1_lv_0046706_007,7,16.634607,12.068188,0,391,Differentiated_KC
Sample_007_Region,24180-sample_1_lv_0046706_007,22,10.454196,19.42401,0,578,VE2
Sample_007_Region,24181-sample_1_lv_0046706_007,5,13.270318,3.8284588,0,245,Pericyte_2
Sample_007_Region,24182-sample_1_lv_0046706_007,7,15.525706,12.010585,0,755,Undifferentiated_KC
Sample_007_Region,24183-sample_1_lv_0046706_007,25,9.432217,21.954893,0,184,F3
Sample_007_Region,24184-sample_1_lv_0046706_007,7,15.438309,11.209707,0,572,Melanocyte
Sample_007_Region,24185-sample_1_lv_0046706_007,7,16.348724,11.867873,0,374,Undifferentiated_KC
Sample_007_Region,24186-sample_1_lv_0046706_007,1,10.038874,7.53183,0,275,Macro_1
Sample_007_Region,24187-sample_1_lv_0046706_007,6,13.666448,15.123911,0,290,F3
Sample_007_Region,24188-sample_1_lv_0046706_007,2,9.816068,6.8149376,0,603,DC2
Sample_007_Region,24189-sample_1_lv_0046706_007,1,10.697064,10.93034,0,474,LC
Sample_007_Region,24190-sample_1_lv_0046706_007,1,8.961927,9.831779,0,254,F1
Sample_007_Region,24191-sample_1_lv_0046706_007,4,14.704845,9.957025,0,468,Undifferentiated_KC
Sample_007_Region,24192-sample_1_lv_0046706_007,4,14.921141,9.892081,0,343,Undifferentiated_KC
Sample_007_Region,24193-sample_1_lv_0046706_007,17,5.341984,9.685604,0,206,Undifferentiated_KC
Sample_007_Region,24194-sample_1_lv_0046706_007,0,-3.7594445,7.237351,0,148,Undifferentiated_KC
Sample_007_Region,24195-sample_1_lv_0046706_007,1,11.485224,11.478658,0,156,Undifferentiated_KC
Sample_007_Region,24196-sample_1_lv_0046706_007,1,9.033999,9.9070835,0,322,Undifferentiated_KC
Sample_007_Region,24197-sample_1_lv_0046706_007,7,15.247072,12.664614,0,646,Undifferentiated_KC
Sample_007_Region,24198-sample_1_lv_0046706_007,1,9.281122,9.039126,0,317,F1
Sample_007_Region,24199-sample_1_lv_0046706_007,25,8.8688545,21.696783,0,323,Undifferentiated_KC
Sample_007_Region,24200-sample_1_lv_0046706_007,1,8.373079,6.9614663,0,85,F1
Sample_007_Region,24201-sample_1_lv_0046706_007,25,9.044234,21.671717,0,567,F1
Sample_007_Region,24202-sample_1_lv_0046706_007,31,11.014885,-1.4958977,0,303,Undifferentiated_KC
Sample_007_Region,24203-sample_1_lv_0046706_007,7,15.881261,12.027868,0,577,Undifferentiated_KC
Sample_007_Region,24204-sample_1_lv_0046706_007,1,10.044696,7.6876507,0,399,Undifferentiated_KC
Sample_007_Region,24205-sample_1_lv_0046706_007,4,15.664765,10.043307,0,329,Undifferentiated_KC
Sample_007_Region,24206-sample_1_lv_0046706_007,1,4.643146,0.36783692,0,375,Undifferentiated_KC
Sample_007_Region,24207-sample_1_lv_0046706_007,21,16.626633,18.053574,0,578,Undifferentiated_KC
Sample_007_Region,24208-sample_1_lv_0046706_007,4,7.563882,9.051725,0,691,Undifferentiated_KC
Sample_007_Region,24209-sample_1_lv_0046706_007,4,15.409622,8.076275,0,752,Undifferentiated_KC
Sample_007_Region,24210-sample_1_lv_0046706_007,7,16.42115,11.895481,0,270,Undifferentiated_KC
Sample_007_Region,24211-sample_1_lv_0046706_007,4,7.903435,9.019662,0,520,Undifferentiated_KC
Sample_007_Region,24212-sample_1_lv_0046706_007,1,9.098865,9.967468,0,1208,Undifferentiated_KC
Sample_007_Region,24213-sample_1_lv_0046706_007,7,15.493361,11.842602,0,717,Undifferentiated_KC
Sample_007_Region,24214-sample_1_lv_0046706_007,7,15.676299,11.607372,0,210,Undifferentiated_KC
Sample_007_Region,24215-sample_1_lv_0046706_007,7,15.66234,12.934232,0,387,Undifferentiated_KC
Sample_007_Region,24216-sample_1_lv_0046706_007,4,15.8758335,10.044503,0,205,Undifferentiated_KC
Sample_007_Region,24217-sample_1_lv_0046706_007,1,9.232393,9.717163,0,425,Undifferentiated_KC
Sample_007_Region,24218-sample_1_lv_0046706_007,1,4.523307,0.24641609,0,235,Undifferentiated_KC
Sample_007_Region,24219-sample_1_lv_0046706_007,7,15.830575,12.107522,0,924,Undifferentiated_KC
Sample_007_Region,24220-sample_1_lv_0046706_007,4,15.235242,6.875188,0,470,Undifferentiated_KC
Sample_007_Region,24221-sample_1_lv_0046706_007,1,8.576778,9.892984,0,526,Undifferentiated_KC
Sample_007_Region,24222-sample_1_lv_0046706_007,4,15.627594,8.177203,0,461,VE2
Sample_007_Region,24223-sample_1_lv_0046706_007,1,4.6972404,0.43638107,0,573,Undifferentiated_KC
Sample_007_Region,24224-sample_1_lv_0046706_007,5,9.101107,2.9647233,0,152,VE3
Sample_007_Region,24225-sample_1_lv_0046706_007,0,-5.0891795,7.1569324,0,184,Undifferentiated_KC
Sample_007_Region,24226-sample_1_lv_0046706_007,0,-3.5547752,6.6667585,0,119,Undifferentiated_KC
Sample_007_Region,24227-sample_1_lv_0046706_007,1,12.553926,10.648296,0,279,Undifferentiated_KC
Sample_007_Region,24228-sample_1_lv_0046706_007,9,9.524865,14.719267,0,330,F1
Sample_007_Region,24229-sample_1_lv_0046706_007,12,13.352167,7.3905096,0,216,Macro_1
Sample_007_Region,24230-sample_1_lv_0046706_007,10,13.50428,9.124602,0,497,F1
Sample_007_Region,24231-sample_1_lv_0046706_007,26,7.6834893,-5.332109,0,205,Mono_mac
Sample_007_Region,24232-sample_1_lv_0046706_007,14,10.782205,4.462616,0,255,Mono_mac
Sample_007_Region,24233-sample_1_lv_0046706_007,8,13.860736,2.3773637,0,408,Mono_mac
Sample_007_Region,24234-sample_1_lv_0046706_007,14,11.083862,3.2547698,0,42,F2
Sample_007_Region,24261-sample_1_lv_0046706_007,0,-4.367744,7.645224,0,0,Differentiated_KC
Sample_007_Region,24262-sample_1_lv_0046706_007,0,-2.1733282,7.697035,0,8,Th
Sample_007_Region,24263-sample_1_lv_0046706_007,0,-4.897959,5.0642095,0,4,Differentiated_KC
Sample_007_Region,24264-sample_1_lv_0046706_007,0,-6.9706492,7.0762615,0,5,Macro_1
Sample_007_Region,24265-sample_1_lv_0046706_007,7,14.245588,13.001957,0,2,Differentiated_KC
Sample_007_Region,24266-sample_1_lv_0046706_007,0,-4.4655704,9.5139475,0,203,Undifferentiated_KC
Sample_007_Region,24267-sample_1_lv_0046706_007,22,11.089846,19.25927,0,503,MigDC
Sample_007_Region,24268-sample_1_lv_0046706_007,8,13.585694,0.5770615,0,296,Undifferentiated_KC
Sample_007_Region,24269-sample_1_lv_0046706_007,7,15.071296,11.772951,0,288,VE2
Sample_007_Region,24270-sample_1_lv_0046706_007,10,14.10514,10.306195,0,260,Undifferentiated_KC
Sample_007_Region,24271-sample_1_lv_0046706_007,6,12.472151,14.069187,0,244,Undifferentiated_KC
Sample_007_Region,24272-sample_1_lv_0046706_007,0,-5.106394,8.552953,0,272,Undifferentiated_KC
Sample_007_Region,24273-sample_1_lv_0046706_007,0,-3.625418,6.8666673,0,210,Undifferentiated_KC
Sample_007_Region,24274-sample_1_lv_0046706_007,6,12.493265,15.304715,0,79,Undifferentiated_KC
Sample_007_Region,24281-sample_1_lv_0046706_007,0,-4.642267,6.737001,0,128,F2
Sample_007_Region,24282-sample_1_lv_0046706_007,6,12.486543,15.241561,0,103,Undifferentiated_KC
Sample_007_Region,24283-sample_1_lv_0046706_007,29,2.455116,2.7557838,0,213,Undifferentiated_KC
Sample_007_Region,24284-sample_1_lv_0046706_007,0,-2.6394875,7.2467084,0,106,Undifferentiated_KC
Sample_007_Region,24285-sample_1_lv_0046706_007,0,-2.9313488,8.654631,0,65,Undifferentiated_KC
Sample_007_Region,24286-sample_1_lv_0046706_007,7,14.232775,12.927096,0,78,Undifferentiated_KC
Sample_007_Region,24287-sample_1_lv_0046706_007,0,-4.4683676,7.379062,0,285,Undifferentiated_KC
Sample_007_Region,24288-sample_1_lv_0046706_007,0,-4.113364,6.8881073,0,87,Undifferentiated_KC
Sample_007_Region,25140-sample_1_lv_0046706_007,3,4.8896685,3.786825,0,60,Mono_mac
Sample_007_Region,25141-sample_1_lv_0046706_007,20,16.403097,14.948539,0,183,Macro_1
Sample_007_Region,25150-sample_1_lv_0046706_007,7,15.570763,12.744813,0,356,Undifferentiated_KC
Sample_007_Region,25151-sample_1_lv_0046706_007,20,16.082346,13.5650015,0,308,Undifferentiated_KC
Sample_007_Region,25152-sample_1_lv_0046706_007,6,14.537733,14.517445,0,245,Undifferentiated_KC
Sample_007_Region,25153-sample_1_lv_0046706_007,6,12.974571,13.385927,0,341,LC
Sample_007_Region,25154-sample_1_lv_0046706_007,7,15.613726,12.743722,0,285,MigDC
Sample_007_Region,25155-sample_1_lv_0046706_007,21,16.589537,19.207314,0,542,Undifferentiated_KC
Sample_007_Region,25160-sample_1_lv_0046706_007,0,-3.011444,8.472419,0,3,Differentiated_KC
Sample_007_Region,25161-sample_1_lv_0046706_007,0,-6.8898053,8.159052,0,4,Pericyte_1
Sample_007_Region,25162-sample_1_lv_0046706_007,0,-3.1835277,7.7009087,0,6,Differentiated_KC
Sample_007_Region,25262-sample_1_lv_0046706_007,1,12.549384,11.125996,0,61,VE1
Sample_007_Region,25263-sample_1_lv_0046706_007,11,11.702788,9.773038,0,289,Undifferentiated_KC
Sample_007_Region,25264-sample_1_lv_0046706_007,0,-6.5822716,7.0994177,0,11,Mono_mac
Sample_007_Region,25265-sample_1_lv_0046706_007,0,-4.836117,7.2229247,0,20,F1
Sample_007_Region,25266-sample_1_lv_0046706_007,5,8.018065,1.9723637,0,290,Macro_1
Sample_007_Region,25267-sample_1_lv_0046706_007,11,10.39183,10.755909,0,158,F1
Sample_007_Region,25268-sample_1_lv_0046706_007,4,15.614894,7.1316047,0,203,F1
Sample_007_Region,25269-sample_1_lv_0046706_007,10,16.460888,8.92553,0,166,VE3
Sample_007_Region,25271-sample_1_lv_0046706_007,4,15.049286,6.7762012,0,105,F3
Sample_007_Region,25310-sample_1_lv_0046706_007,0,-4.6373563,5.9853754,0,2,Differentiated_KC
Sample_007_Region,25313-sample_1_lv_0046706_007,28,11.181345,-6.9866714,0,148,F3
Sample_007_Region,25314-sample_1_lv_0046706_007,9,8.905587,14.7815275,0,250,F2
Sample_007_Region,25315-sample_1_lv_0046706_007,15,7.7183313,-0.04788319,0,59,F1
Sample_007_Region,25378-sample_1_lv_0046706_007,3,5.279358,4.9284973,0,275,F1
Sample_007_Region,25379-sample_1_lv_0046706_007,4,15.14786,9.366583,0,216,Undifferentiated_KC
Sample_007_Region,25380-sample_1_lv_0046706_007,0,-6.9530897,6.6594677,0,134,F2
Sample_007_Region,25381-sample_1_lv_0046706_007,10,14.393967,10.190771,0,341,Undifferentiated_KC
Sample_007_Region,25382-sample_1_lv_0046706_007,0,-4.472759,6.5392733,0,285,F1
Sample_007_Region,25383-sample_1_lv_0046706_007,7,14.575954,12.430997,0,360,Mono_mac
Sample_007_Region,25384-sample_1_lv_0046706_007,4,15.013901,7.0325513,0,493,F1
Sample_007_Region,25385-sample_1_lv_0046706_007,12,12.851798,6.5982203,0,534,F3
Sample_007_Region,25386-sample_1_lv_0046706_007,16,7.679111,6.968759,0,220,Tc
Sample_007_Region,25387-sample_1_lv_0046706_007,4,15.638705,7.16577,0,131,F3
Sample_007_Region,25388-sample_1_lv_0046706_007,8,12.025234,1.0133567,0,278,F3
Sample_007_Region,25389-sample_1_lv_0046706_007,5,12.259263,5.243219,0,438,F3
Sample_007_Region,25415-sample_1_lv_0046706_007,7,6.10931,9.115722,0,151,Undifferentiated_KC
Sample_007_Region,25420-sample_1_lv_0046706_007,4,15.142619,8.949906,0,365,Undifferentiated_KC
Sample_007_Region,25432-sample_1_lv_0046706_007,0,-2.2129073,8.124223,0,136,F1
Sample_007_Region,25434-sample_1_lv_0046706_007,21,16.128965,17.360579,0,173,F2
Sample_007_Region,25437-sample_1_lv_0046706_007,13,9.874616,11.537877,0,381,F2
Sample_007_Region,25439-sample_1_lv_0046706_007,0,-3.1473153,6.6119466,0,209,Th
Sample_007_Region,25440-sample_1_lv_0046706_007,25,9.25908,21.931332,0,452,F1
Sample_007_Region,25442-sample_1_lv_0046706_007,13,8.900603,12.38533,0,282,F2
Sample_007_Region,25443-sample_1_lv_0046706_007,3,9.422858,5.7789083,0,40,Mono_mac
Sample_007_Region,25444-sample_1_lv_0046706_007,2,10.570826,8.357903,0,92,F3
Sample_007_Region,25445-sample_1_lv_0046706_007,4,14.493277,8.139428,0,255,Pericyte_1
Sample_007_Region,25446-sample_1_lv_0046706_007,0,-5.0918207,5.265935,0,124,Tc
Sample_007_Region,25447-sample_1_lv_0046706_007,1,10.261133,8.87476,0,61,Mono_mac
Sample_007_Region,25448-sample_1_lv_0046706_007,0,-4.736047,7.243876,0,353,F3
Sample_007_Region,25449-sample_1_lv_0046706_007,28,12.349999,-6.9444304,0,137,F1
Sample_007_Region,25450-sample_1_lv_0046706_007,33,0.81744045,20.928638,0,361,F2
Sample_007_Region,25451-sample_1_lv_0046706_007,0,-4.169423,7.3515882,0,209,F3
Sample_007_Region,25452-sample_1_lv_0046706_007,9,9.914404,14.839544,0,267,Mono_mac
Sample_007_Region,25453-sample_1_lv_0046706_007,0,-3.5912664,5.357029,0,195,F1
Sample_007_Region,25454-sample_1_lv_0046706_007,16,5.3161526,6.589491,0,230,F3
Sample_007_Region,25455-sample_1_lv_0046706_007,4,15.273044,7.2138433,0,237,F2
Sample_007_Region,25456-sample_1_lv_0046706_007,10,16.129787,9.017138,0,624,F3
Sample_007_Region,25457-sample_1_lv_0046706_007,0,-3.9263637,8.239677,0,170,F1
Sample_007_Region,25458-sample_1_lv_0046706_007,13,10.517369,11.050804,0,390,Th
Sample_007_Region,25459-sample_1_lv_0046706_007,13,9.021299,10.882751,0,422,F1
Sample_007_Region,25460-sample_1_lv_0046706_007,20,17.102676,15.365364,0,209,F1
Sample_007_Region,25461-sample_1_lv_0046706_007,11,10.762782,9.967443,0,527,F1
Sample_007_Region,25462-sample_1_lv_0046706_007,8,11.962824,1.0291383,0,450,Mono_mac
Sample_007_Region,25463-sample_1_lv_0046706_007,12,14.609536,4.996652,0,282,F1
Sample_007_Region,25464-sample_1_lv_0046706_007,2,12.269009,7.2248793,0,310,F1
Sample_007_Region,25465-sample_1_lv_0046706_007,15,4.840356,10.774693,0,43,Mono_mac
Sample_007_Region,25466-sample_1_lv_0046706_007,27,0.7689368,2.2467482,0,20,F1
Sample_007_Region,25467-sample_1_lv_0046706_007,0,-6.058896,7.8833737,0,26,F1
Sample_007_Region,25468-sample_1_lv_0046706_007,27,0.37794185,2.2334101,0,29,Macro_1
Sample_007_Region,25469-sample_1_lv_0046706_007,18,17.34877,1.7384495,0,137,F3
Sample_007_Region,25654-sample_1_lv_0046706_007,27,0.28116465,0.10035465,0,117,Macro_1
Sample_007_Region,25656-sample_1_lv_0046706_007,2,10.833003,8.240962,0,58,Mono_mac
Sample_007_Region,25657-sample_1_lv_0046706_007,0,-5.328645,7.919806,0,255,Undifferentiated_KC
Sample_007_Region,25853-sample_1_lv_0046706_007,0,-4.898881,7.6916904,0,35,F1
Sample_007_Region,25868-sample_1_lv_0046706_007,0,-4.305505,8.1362095,0,36,Mono_mac
Sample_007_Region,25869-sample_1_lv_0046706_007,0,-6.4241304,7.2053943,0,112,F1
Sample_007_Region,25870-sample_1_lv_0046706_007,26,8.572375,-4.0765862,0,104,F3
Sample_007_Region,25877-sample_1_lv_0046706_007,2,11.390266,7.4806137,0,23,Inf_mac
Sample_007_Region,25879-sample_1_lv_0046706_007,7,15.787039,11.861573,0,593,Undifferentiated_KC
Sample_007_Region,25907-sample_1_lv_0046706_007,0,-2.5533595,6.474838,0,5,Differentiated_KC
Sample_007_Region,25908-sample_1_lv_0046706_007,6,13.100587,16.680256,0,195,Undifferentiated_KC
Sample_007_Region,25909-sample_1_lv_0046706_007,17,4.291217,10.387641,0,227,Undifferentiated_KC
Sample_007_Region,25910-sample_1_lv_0046706_007,1,6.6412206,9.690659,0,255,Undifferentiated_KC
Sample_007_Region,25911-sample_1_lv_0046706_007,18,15.122595,3.1420379,0,113,DC1
Sample_007_Region,25912-sample_1_lv_0046706_007,6,13.576026,14.632005,0,856,Undifferentiated_KC
Sample_007_Region,25913-sample_1_lv_0046706_007,17,3.9363089,11.059653,0,177,Undifferentiated_KC
Sample_007_Region,25914-sample_1_lv_0046706_007,17,3.4653463,11.183981,0,169,Undifferentiated_KC
Sample_007_Region,25915-sample_1_lv_0046706_007,4,15.815401,10.162021,0,540,Undifferentiated_KC
Sample_007_Region,25916-sample_1_lv_0046706_007,31,10.169544,-2.7011282,0,124,Undifferentiated_KC
Sample_007_Region,25917-sample_1_lv_0046706_007,17,4.6424093,10.084926,0,335,Undifferentiated_KC
Sample_007_Region,25918-sample_1_lv_0046706_007,6,13.853492,14.46039,0,569,Undifferentiated_KC
Sample_007_Region,25919-sample_1_lv_0046706_007,1,7.260269,10.085288,0,704,Undifferentiated_KC
Sample_007_Region,25920-sample_1_lv_0046706_007,1,6.480179,10.139304,0,266,Undifferentiated_KC
Sample_007_Region,25921-sample_1_lv_0046706_007,17,4.3346453,10.2534685,0,618,Undifferentiated_KC
Sample_007_Region,25922-sample_1_lv_0046706_007,6,14.549003,16.27361,0,595,Undifferentiated_KC
Sample_007_Region,25923-sample_1_lv_0046706_007,6,12.982266,16.632786,0,268,Undifferentiated_KC
Sample_007_Region,25924-sample_1_lv_0046706_007,7,16.201712,11.485828,0,682,Undifferentiated_KC
Sample_007_Region,25929-sample_1_lv_0046706_007,6,13.5365305,16.584059,0,955,Undifferentiated_KC
Sample_007_Region,25930-sample_1_lv_0046706_007,6,14.260683,15.836395,0,1075,Undifferentiated_KC
Sample_007_Region,25931-sample_1_lv_0046706_007,6,13.679733,14.68063,0,354,Undifferentiated_KC
Sample_007_Region,25932-sample_1_lv_0046706_007,21,16.840794,17.724312,0,445,Undifferentiated_KC
Sample_007_Region,25933-sample_1_lv_0046706_007,21,16.375193,17.946142,0,559,Undifferentiated_KC
Sample_007_Region,25934-sample_1_lv_0046706_007,6,14.511762,15.503428,0,1137,Undifferentiated_KC
Sample_007_Region,25935-sample_1_lv_0046706_007,7,16.033134,11.610672,0,223,Undifferentiated_KC
Sample_007_Region,25936-sample_1_lv_0046706_007,4,7.3349104,9.170262,0,655,Undifferentiated_KC
Sample_007_Region,25937-sample_1_lv_0046706_007,6,14.48026,14.597321,0,869,Undifferentiated_KC
Sample_007_Region,25938-sample_1_lv_0046706_007,21,16.724998,20.177189,0,212,Undifferentiated_KC
Sample_007_Region,25939-sample_1_lv_0046706_007,6,14.986972,16.649988,0,732,Undifferentiated_KC
Sample_007_Region,25940-sample_1_lv_0046706_007,4,7.760324,9.027084,0,516,Undifferentiated_KC
Sample_007_Region,25941-sample_1_lv_0046706_007,23,5.9717007,17.796724,0,569,Undifferentiated_KC
Sample_007_Region,25942-sample_1_lv_0046706_007,6,14.650595,16.155607,0,436,Undifferentiated_KC
Sample_007_Region,25974-sample_1_lv_0046706_007,6,14.400145,15.762896,0,464,Undifferentiated_KC
Sample_007_Region,25975-sample_1_lv_0046706_007,4,16.087387,9.586285,0,87,Undifferentiated_KC
Sample_007_Region,25976-sample_1_lv_0046706_007,6,14.531629,16.114872,0,641,Undifferentiated_KC
Sample_007_Region,25977-sample_1_lv_0046706_007,31,11.284628,-2.242205,0,244,Undifferentiated_KC
Sample_007_Region,25978-sample_1_lv_0046706_007,6,13.432465,16.631495,0,563,Undifferentiated_KC
Sample_007_Region,25981-sample_1_lv_0046706_007,6,14.565995,16.354359,0,819,Undifferentiated_KC
Sample_007_Region,25982-sample_1_lv_0046706_007,1,6.7226334,10.090937,0,533,Undifferentiated_KC
Sample_007_Region,25984-sample_1_lv_0046706_007,1,12.304382,10.570623,0,748,Undifferentiated_KC
Sample_007_Region,25985-sample_1_lv_0046706_007,1,6.3262644,10.226024,0,211,Undifferentiated_KC
Sample_007_Region,25986-sample_1_lv_0046706_007,6,14.259999,15.675909,0,535,Undifferentiated_KC
Sample_007_Region,25987-sample_1_lv_0046706_007,6,13.889144,15.661582,0,499,Undifferentiated_KC
Sample_007_Region,25988-sample_1_lv_0046706_007,4,15.685045,9.094169,0,696,Undifferentiated_KC
Sample_007_Region,25989-sample_1_lv_0046706_007,6,14.556517,16.151571,0,427,Undifferentiated_KC
Sample_007_Region,26212-sample_1_lv_0046706_007,30,7.153504,-1.8576404,0,134,Undifferentiated_KC
Sample_007_Region,26213-sample_1_lv_0046706_007,2,11.197275,7.57087,0,229,F3
Sample_007_Region,26214-sample_1_lv_0046706_007,1,8.358574,7.650712,0,656,Undifferentiated_KC
Sample_007_Region,26215-sample_1_lv_0046706_007,9,9.991862,14.608459,0,713,F1
Sample_007_Region,26216-sample_1_lv_0046706_007,3,8.271837,6.0301743,0,333,F1
Sample_007_Region,26217-sample_1_lv_0046706_007,3,8.391172,4.99969,0,257,F3
Sample_007_Region,26218-sample_1_lv_0046706_007,2,9.50335,7.1643133,0,420,Mono_mac
Sample_007_Region,26219-sample_1_lv_0046706_007,0,-3.6977754,6.0373864,0,2,F1
Sample_007_Region,26220-sample_1_lv_0046706_007,20,16.140007,14.812122,0,165,Undifferentiated_KC
Sample_007_Region,26221-sample_1_lv_0046706_007,18,16.341854,2.9771535,0,428,F1
Sample_007_Region,26222-sample_1_lv_0046706_007,0,-5.49702,9.13272,0,379,F2
Sample_007_Region,26223-sample_1_lv_0046706_007,12,14.338904,5.868717,0,73,Mono_mac
Sample_007_Region,26224-sample_1_lv_0046706_007,0,-3.6852946,6.4365983,0,32,F2
Sample_007_Region,26225-sample_1_lv_0046706_007,0,-3.4009197,6.4343905,0,197,F3
Sample_007_Region,26226-sample_1_lv_0046706_007,0,-4.039289,6.1102366,0,298,F1
Sample_007_Region,26227-sample_1_lv_0046706_007,4,14.746802,7.2235384,0,296,F1
Sample_007_Region,26228-sample_1_lv_0046706_007,26,9.054429,-5.375358,0,201,Pericyte_2
Sample_007_Region,26229-sample_1_lv_0046706_007,0,-4.281138,6.667057,0,29,F3
Sample_007_Region,26230-sample_1_lv_0046706_007,2,11.319325,7.163879,0,878,Mono_mac
Sample_007_Region,26273-sample_1_lv_0046706_007,4,15.089823,8.88577,0,324,F1
Sample_007_Region,26274-sample_1_lv_0046706_007,15,5.8292046,2.0947635,0,558,F1
Sample_007_Region,26275-sample_1_lv_0046706_007,15,5.5966635,2.4266284,0,482,Macro_1
Sample_007_Region,26276-sample_1_lv_0046706_007,5,13.857953,4.387992,0,626,VE2
Sample_007_Region,26279-sample_1_lv_0046706_007,5,13.880293,4.297297,0,647,Mono_mac
Sample_007_Region,26280-sample_1_lv_0046706_007,0,-3.1566997,8.002073,0,287,F1
Sample_007_Region,26281-sample_1_lv_0046706_007,29,13.171168,-1.9995675,0,124,Th
Sample_007_Region,26282-sample_1_lv_0046706_007,18,16.19813,3.5232568,0,112,Pericyte_2
Sample_007_Region,26283-sample_1_lv_0046706_007,18,14.336133,3.3269806,0,617,Mono_mac
Sample_007_Region,26307-sample_1_lv_0046706_007,9,10.672635,14.336141,0,959,Pericyte_1
Sample_007_Region,26308-sample_1_lv_0046706_007,2,11.71218,7.849689,0,178,F1
Sample_007_Region,26309-sample_1_lv_0046706_007,4,13.749452,9.19173,0,277,F2
Sample_007_Region,26310-sample_1_lv_0046706_007,24,9.028733,-0.47148398,0,111,Mono_mac
Sample_007_Region,26311-sample_1_lv_0046706_007,1,12.067039,10.095302,0,180,Macro_1
Sample_007_Region,26312-sample_1_lv_0046706_007,2,11.439493,7.4610415,0,190,F1
Sample_007_Region,26313-sample_1_lv_0046706_007,23,6.5174823,19.53399,0,578,Mono_mac
Sample_007_Region,26314-sample_1_lv_0046706_007,25,9.768702,22.108372,0,134,F3
Sample_007_Region,26315-sample_1_lv_0046706_007,4,14.773917,7.0098104,0,851,VE2
Sample_007_Region,26316-sample_1_lv_0046706_007,14,10.417382,4.979374,0,203,Tc
Sample_007_Region,26317-sample_1_lv_0046706_007,1,12.627017,10.449314,0,801,F1
Sample_007_Region,26318-sample_1_lv_0046706_007,3,10.415177,5.685064,0,231,Mono_mac
Sample_007_Region,26319-sample_1_lv_0046706_007,3,5.9482284,5.67047,0,128,Mono_mac
Sample_007_Region,26320-sample_1_lv_0046706_007,2,10.039707,6.173073,0,138,Tc
Sample_007_Region,26321-sample_1_lv_0046706_007,3,8.51846,5.479238,0,138,Th
Sample_007_Region,26336-sample_1_lv_0046706_007,12,13.446419,7.6181417,0,462,ILC1_3
Sample_007_Region,26338-sample_1_lv_0046706_007,0,-4.562281,7.8028135,0,37,Th
Sample_007_Region,26339-sample_1_lv_0046706_007,30,20.387186,4.547833,0,67,F1
Sample_007_Region,26341-sample_1_lv_0046706_007,2,9.819482,6.6869965,0,199,F1
Sample_007_Region,26342-sample_1_lv_0046706_007,4,14.711296,8.079834,0,325,F1
Sample_007_Region,26343-sample_1_lv_0046706_007,5,12.756523,4.7904015,0,706,LE1
Sample_007_Region,26348-sample_1_lv_0046706_007,1,8.550849,7.409805,0,378,F1
Sample_007_Region,26349-sample_1_lv_0046706_007,1,9.301892,7.87228,0,697,DC2
Sample_007_Region,26350-sample_1_lv_0046706_007,1,10.798523,8.333714,0,301,Mono_mac
Sample_007_Region,26351-sample_1_lv_0046706_007,2,10.914257,7.360557,0,154,Th
Sample_007_Region,26352-sample_1_lv_0046706_007,18,14.426954,3.3611746,0,749,Mono_mac
Sample_007_Region,26353-sample_1_lv_0046706_007,9,9.179083,13.848388,0,756,F2
Sample_007_Region,26354-sample_1_lv_0046706_007,23,6.2305703,18.505245,0,413,Undifferentiated_KC
Sample_007_Region,26355-sample_1_lv_0046706_007,2,10.939687,8.184282,0,513,F1
Sample_007_Region,26356-sample_1_lv_0046706_007,9,9.2833805,14.433128,0,417,Mono_mac
Sample_007_Region,26357-sample_1_lv_0046706_007,4,14.148001,8.569219,0,559,F2
Sample_007_Region,26358-sample_1_lv_0046706_007,1,11.696472,9.5187025,0,173,Mono_mac
Sample_007_Region,26359-sample_1_lv_0046706_007,2,9.559995,6.927616,0,201,Tc
Sample_007_Region,26360-sample_1_lv_0046706_007,16,6.530767,8.274083,0,80,moDC
Sample_007_Region,26361-sample_1_lv_0046706_007,0,-4.9176874,9.285427,0,273,F1
Sample_007_Region,26370-sample_1_lv_0046706_007,5,12.885096,5.388292,0,405,F3
Sample_007_Region,100670-sample_1_lv_0046706_007,25,9.449646,22.001444,0,421,F2
Sample_007_Region,100671-sample_1_lv_0046706_007,0,-5.603737,7.1064515,0,37,F1
Sample_007_Region,100672-sample_1_lv_0046706_007,1,12.962835,9.461256,0,324,F1
Sample_007_Region,100673-sample_1_lv_0046706_007,0,-3.223431,8.859654,0,15,F2
Sample_007_Region,100675-sample_1_lv_0046706_007,0,-5.772006,7.608612,0,10,F2
Sample_007_Region,100676-sample_1_lv_0046706_007,0,-4.522015,6.3559003,0,0,Differentiated_KC
Sample_007_Region,100679-sample_1_lv_0046706_007,3,7.148012,5.1447563,0,291,F1
Sample_007_Region,100680-sample_1_lv_0046706_007,0,-3.7397728,7.244244,0,163,F2
Sample_007_Region,100681-sample_1_lv_0046706_007,4,8.496203,9.578736,0,512,F1
Sample_007_Region,100682-sample_1_lv_0046706_007,1,9.795178,9.057885,0,820,F1
Sample_007_Region,100683-sample_1_lv_0046706_007,0,-6.7099714,7.5735884,0,188,F2
Sample_007_Region,100684-sample_1_lv_0046706_007,12,14.105046,6.1334677,0,435,F1
Sample_007_Region,100685-sample_1_lv_0046706_007,2,10.379159,7.370696,0,1173,F1
Sample_007_Region,100686-sample_1_lv_0046706_007,5,8.357819,2.7487187,0,598,F1
Sample_007_Region,100687-sample_1_lv_0046706_007,1,8.419867,7.5937114,0,171,F1
Sample_007_Region,100688-sample_1_lv_0046706_007,3,8.154348,4.2499924,0,98,F1
Sample_007_Region,100689-sample_1_lv_0046706_007,3,8.3354225,4.962479,0,41,Mono_mac
Sample_007_Region,100690-sample_1_lv_0046706_007,0,-4.715621,8.02344,0,19,F2
Sample_007_Region,100691-sample_1_lv_0046706_007,0,-4.394352,6.3916388,0,43,F1
Sample_007_Region,100692-sample_1_lv_0046706_007,0,-5.3451514,7.6962004,0,102,F2
Sample_007_Region,100693-sample_1_lv_0046706_007,21,16.141329,17.157375,0,698,F3
Sample_007_Region,100694-sample_1_lv_0046706_007,11,11.414211,9.470186,0,167,F1
Sample_007_Region,100695-sample_1_lv_0046706_007,20,17.091362,14.8144865,0,947,F2
Sample_007_Region,100696-sample_1_lv_0046706_007,16,6.8047347,6.7726817,0,148,F1
Sample_007_Region,100697-sample_1_lv_0046706_007,25,9.449923,22.3284,0,265,F1
Sample_007_Region,100698-sample_1_lv_0046706_007,20,16.469494,14.597714,0,348,F3
Sample_007_Region,100699-sample_1_lv_0046706_007,0,-3.3946292,5.7545114,0,43,Mono_mac
Sample_007_Region,100700-sample_1_lv_0046706_007,15,5.984669,2.3242695,0,209,F1
Sample_007_Region,100701-sample_1_lv_0046706_007,0,-2.6836946,8.349776,0,22,F1
Sample_007_Region,100702-sample_1_lv_0046706_007,17,2.8977842,14.215643,0,74,Mono_mac
Sample_007_Region,100703-sample_1_lv_0046706_007,2,11.378297,7.3256865,0,176,Th
Sample_007_Region,100704-sample_1_lv_0046706_007,2,11.991327,7.085454,0,227,F1
Sample_007_Region,100705-sample_1_lv_0046706_007,5,8.071356,2.3960414,0,157,Mono_mac
Sample_007_Region,100706-sample_1_lv_0046706_007,8,12.095257,1.6727177,0,154,Mono_mac
Sample_007_Region,100707-sample_1_lv_0046706_007,24,12.462498,-3.6369128,0,40,Mono_mac
Sample_007_Region,100708-sample_1_lv_0046706_007,0,-4.6354547,9.214893,0,11,Th
Sample_007_Region,100709-sample_1_lv_0046706_007,3,9.871001,5.3501234,0,43,Mono_mac
Sample_007_Region,100710-sample_1_lv_0046706_007,4,8.539668,9.67621,0,117,LE2
Sample_007_Region,100711-sample_1_lv_0046706_007,10,14.256188,11.016119,0,177,F1
Sample_007_Region,100712-sample_1_lv_0046706_007,0,-4.129858,6.185633,0,26,Th
Sample_007_Region,100713-sample_1_lv_0046706_007,9,8.830374,14.720061,0,246,F2
Sample_007_Region,100714-sample_1_lv_0046706_007,12,15.677614,4.9383483,0,85,Undifferentiated_KC
Sample_007_Region,100715-sample_1_lv_0046706_007,4,14.774903,8.460535,0,290,F1
Sample_007_Region,100716-sample_1_lv_0046706_007,0,-4.9086347,8.52677,0,300,F1
Sample_007_Region,100717-sample_1_lv_0046706_007,27,1.2416849,0.15114267,0,51,Mono_mac
Sample_007_Region,100718-sample_1_lv_0046706_007,0,-5.3123055,6.194945,0,109,F1
Sample_007_Region,100719-sample_1_lv_0046706_007,0,-3.8868406,7.6333675,0,129,F1
Sample_007_Region,100720-sample_1_lv_0046706_007,3,9.874722,5.177758,0,58,Mono_mac
Sample_007_Region,100721-sample_1_lv_0046706_007,4,15.773471,9.517766,0,135,F1
Sample_007_Region,100722-sample_1_lv_0046706_007,0,-5.161135,7.2380333,0,17,F3
Sample_007_Region,100723-sample_1_lv_0046706_007,1,10.227776,8.436197,0,177,Mono_mac
Sample_007_Region,100724-sample_1_lv_0046706_007,9,8.938608,14.527211,0,247,VE2
Sample_007_Region,100725-sample_1_lv_0046706_007,0,-3.977015,7.206256,0,175,F3
Sample_007_Region,100726-sample_1_lv_0046706_007,0,-3.1467009,6.1886806,0,563,F3
Sample_007_Region,100727-sample_1_lv_0046706_007,8,13.474187,0.6010951,0,452,Undifferentiated_KC
Sample_007_Region,100728-sample_1_lv_0046706_007,13,9.000363,11.827694,0,445,Undifferentiated_KC
Sample_007_Region,100729-sample_1_lv_0046706_007,9,9.741387,14.453542,0,805,F2
Sample_007_Region,100730-sample_1_lv_0046706_007,17,2.739043,13.674455,0,46,Macro_1
Sample_007_Region,100731-sample_1_lv_0046706_007,1,8.425219,7.9501104,0,96,Tc
Sample_007_Region,100732-sample_1_lv_0046706_007,13,8.310124,12.686608,0,172,F1
Sample_007_Region,100733-sample_1_lv_0046706_007,3,7.5956616,4.5686393,0,119,F1
Sample_007_Region,100734-sample_1_lv_0046706_007,0,-5.9719243,6.8153834,0,0,Differentiated_KC
Sample_007_Region,100735-sample_1_lv_0046706_007,22,11.171272,19.386646,0,17,F1
Sample_007_Region,100736-sample_1_lv_0046706_007,13,10.017539,12.249824,0,317,F2
Sample_007_Region,100737-sample_1_lv_0046706_007,33,0.74670374,21.190107,0,101,F1
Sample_007_Region,100738-sample_1_lv_0046706_007,12,15.114295,5.225658,0,215,F1
Sample_007_Region,100739-sample_1_lv_0046706_007,3,9.43665,5.7815356,0,174,Undifferentiated_KC
Sample_007_Region,100740-sample_1_lv_0046706_007,12,2.719011,6.28087,0,24,F2
Sample_007_Region,100741-sample_1_lv_0046706_007,35,10.746046,16.595253,0,30,Mono_mac
Sample_007_Region,100742-sample_1_lv_0046706_007,33,0.84881705,21.122517,0,70,F1
Sample_007_Region,100743-sample_1_lv_0046706_007,0,-4.4805245,8.499167,0,5,Melanocyte
Sample_007_Region,100744-sample_1_lv_0046706_007,0,-4.2317996,7.909634,0,7,Th
Sample_007_Region,100745-sample_1_lv_0046706_007,0,-4.507469,6.4545097,0,47,F2
Sample_007_Region,100746-sample_1_lv_0046706_007,0,-6.836965,7.595907,0,19,F1
Sample_007_Region,100747-sample_1_lv_0046706_007,0,-4.8087683,5.7032723,0,0,Differentiated_KC
Sample_007_Region,100748-sample_1_lv_0046706_007,0,-5.374902,5.4266887,0,0,Differentiated_KC
Sample_007_Region,100749-sample_1_lv_0046706_007,0,-5.5446315,5.545042,0,107,F1
Sample_007_Region,100750-sample_1_lv_0046706_007,8,13.73949,-0.28862697,0,172,F2
Sample_007_Region,100751-sample_1_lv_0046706_007,12,15.825637,4.950293,0,100,F1
Sample_007_Region,100752-sample_1_lv_0046706_007,0,-4.949967,6.034905,0,9,Pericyte_1
Sample_007_Region,100753-sample_1_lv_0046706_007,0,-2.8817782,5.818212,0,20,Undifferentiated_KC
Sample_007_Region,100754-sample_1_lv_0046706_007,0,-4.745659,5.457422,0,18,F2
Sample_007_Region,100755-sample_1_lv_0046706_007,0,-7.0399365,7.169401,0,37,F3
Sample_007_Region,100756-sample_1_lv_0046706_007,0,-6.1729665,9.185083,0,45,F2
Sample_007_Region,100757-sample_1_lv_0046706_007,3,7.0446672,3.812019,0,27,F1
Sample_007_Region,100758-sample_1_lv_0046706_007,12,16.291035,4.722516,0,45,Undifferentiated_KC
Sample_007_Region,100759-sample_1_lv_0046706_007,3,7.1894283,3.8352787,0,81,Mono_mac
Sample_007_Region,100760-sample_1_lv_0046706_007,0,-6.5597587,7.7158637,0,133,F1
Sample_007_Region,100761-sample_1_lv_0046706_007,0,-3.2343931,8.3902855,0,15,F2
Sample_007_Region,100762-sample_1_lv_0046706_007,0,-4.866475,4.955497,0,14,F2
Sample_007_Region,100763-sample_1_lv_0046706_007,12,2.7860847,6.242048,0,22,F1
Sample_007_Region,100764-sample_1_lv_0046706_007,0,-4.666842,7.8380165,0,13,Macro_1
Sample_007_Region,100765-sample_1_lv_0046706_007,0,-3.531081,8.308196,0,57,F1
Sample_007_Region,100766-sample_1_lv_0046706_007,0,-5.256199,6.2616615,0,20,F3
Sample_007_Region,100767-sample_1_lv_0046706_007,0,-3.1814332,5.2999144,0,27,F1
Sample_007_Region,100768-sample_1_lv_0046706_007,0,-4.156358,5.830571,0,42,F2
Sample_007_Region,100769-sample_1_lv_0046706_007,35,4.4779043,2.9397426,0,59,F1
Sample_007_Region,100770-sample_1_lv_0046706_007,0,-5.4509287,7.0901237,0,200,F1
Sample_007_Region,100771-sample_1_lv_0046706_007,9,10.778567,14.332443,0,504,Pericyte_2
Sample_007_Region,100772-sample_1_lv_0046706_007,2,11.405127,6.6201324,0,413,Mono_mac
Sample_007_Region,100773-sample_1_lv_0046706_007,11,12.425627,10.463496,0,563,Mono_mac
Sample_007_Region,100774-sample_1_lv_0046706_007,12,13.0361595,7.093667,0,356,F1
Sample_007_Region,100775-sample_1_lv_0046706_007,12,14.167176,5.924329,0,91,F1
Sample_007_Region,100776-sample_1_lv_0046706_007,33,0.94720095,20.972874,0,364,F1
Sample_007_Region,100777-sample_1_lv_0046706_007,15,7.9016433,0.1812675,0,132,Mono_mac
Sample_007_Region,100778-sample_1_lv_0046706_007,26,7.9189706,-5.06674,0,405,VE2
Sample_007_Region,100779-sample_1_lv_0046706_007,0,-5.9523144,7.6473465,0,388,Mono_mac
Sample_007_Region,100780-sample_1_lv_0046706_007,24,5.7948565,-2.4197423,0,582,Mono_mac
Sample_007_Region,100781-sample_1_lv_0046706_007,0,-5.1415377,8.8920355,0,162,Mono_mac
Sample_007_Region,100782-sample_1_lv_0046706_007,26,7.751286,-4.911547,0,246,Mono_mac
Sample_007_Region,100783-sample_1_lv_0046706_007,2,11.988642,8.34027,0,240,F1
Sample_007_Region,100784-sample_1_lv_0046706_007,2,12.082227,8.515664,0,122,Mono_mac
Sample_007_Region,100785-sample_1_lv_0046706_007,0,-3.815959,6.2127757,0,131,Th
Sample_007_Region,100786-sample_1_lv_0046706_007,0,-5.943074,7.5081925,0,126,F2
Sample_007_Region,100787-sample_1_lv_0046706_007,20,16.097553,14.863708,0,114,F3
Sample_007_Region,100788-sample_1_lv_0046706_007,3,5.7063475,5.704441,0,663,Mono_mac
Sample_007_Region,100789-sample_1_lv_0046706_007,3,9.974409,5.971361,0,93,Mono_mac
Sample_007_Region,100790-sample_1_lv_0046706_007,4,14.518376,7.2171874,0,315,F1
Sample_007_Region,100791-sample_1_lv_0046706_007,0,-4.356978,5.144352,0,140,F2
Sample_007_Region,100792-sample_1_lv_0046706_007,0,-2.7572293,8.377279,0,100,F2
Sample_007_Region,100793-sample_1_lv_0046706_007,0,-5.2676163,5.884184,0,75,F2
Sample_007_Region,100794-sample_1_lv_0046706_007,4,16.144663,9.470794,0,55,F2
Sample_007_Region,100795-sample_1_lv_0046706_007,0,-3.9669445,8.208771,0,171,F2
Sample_007_Region,100796-sample_1_lv_0046706_007,4,14.051184,8.536947,0,89,Inf_mac
Sample_007_Region,100797-sample_1_lv_0046706_007,0,-4.703932,8.242092,0,86,F2
Sample_007_Region,100798-sample_1_lv_0046706_007,18,18.486118,2.5913913,0,53,F2
Sample_007_Region,100799-sample_1_lv_0046706_007,0,-4.714321,8.576851,0,54,F2
Sample_007_Region,100800-sample_1_lv_0046706_007,9,8.700473,13.703734,0,341,F2
Sample_007_Region,100801-sample_1_lv_0046706_007,28,9.106276,-7.0575547,0,50,F1
Sample_007_Region,100802-sample_1_lv_0046706_007,0,-5.6150513,6.709639,0,56,F1
Sample_007_Region,100803-sample_1_lv_0046706_007,0,-6.2400956,7.8657613,0,95,F1
Sample_007_Region,100804-sample_1_lv_0046706_007,0,-4.8302155,5.427696,0,100,F3
Sample_007_Region,100805-sample_1_lv_0046706_007,14,11.193629,3.8010893,0,277,F2
Sample_007_Region,100806-sample_1_lv_0046706_007,17,2.1222897,14.080746,0,161,F1
Sample_007_Region,100807-sample_1_lv_0046706_007,2,12.40351,6.935436,0,231,F1
Sample_007_Region,100808-sample_1_lv_0046706_007,15,6.0230417,2.658015,0,314,Pericyte_1
Sample_007_Region,100809-sample_1_lv_0046706_007,4,14.900038,7.293795,0,171,Mono_mac
Sample_007_Region,100810-sample_1_lv_0046706_007,11,10.361117,10.150152,0,514,F3
Sample_007_Region,100811-sample_1_lv_0046706_007,0,-2.9990985,7.4517465,0,10,Undifferentiated_KC
Sample_007_Region,100812-sample_1_lv_0046706_007,28,10.001317,-6.149625,0,90,F1
Sample_007_Region,100813-sample_1_lv_0046706_007,0,-2.6303494,6.962235,0,18,F2
Sample_007_Region,100814-sample_1_lv_0046706_007,13,7.714614,12.073921,0,129,F2
Sample_007_Region,100815-sample_1_lv_0046706_007,30,19.590034,3.543776,0,188,F1
Sample_007_Region,100819-sample_1_lv_0046706_007,0,-6.6425834,8.286152,0,66,F1
Sample_007_Region,100820-sample_1_lv_0046706_007,1,9.731395,9.261679,0,89,Macro_1
Sample_007_Region,100821-sample_1_lv_0046706_007,2,12.899789,6.988372,0,172,Macro_1
Sample_007_Region,100822-sample_1_lv_0046706_007,27,1.4937516,5.168457,0,289,Pericyte_1
Sample_007_Region,100823-sample_1_lv_0046706_007,20,16.915583,14.573875,0,391,Pericyte_1
Sample_007_Region,100824-sample_1_lv_0046706_007,0,-6.6737876,6.8203554,0,306,Pericyte_2
Sample_007_Region,100825-sample_1_lv_0046706_007,4,14.821314,7.6932607,0,135,F1
Sample_007_Region,100826-sample_1_lv_0046706_007,0,-4.0855465,5.389452,0,115,Pericyte_1
Sample_007_Region,100827-sample_1_lv_0046706_007,0,-3.5313334,8.223979,0,53,F1
Sample_007_Region,100828-sample_1_lv_0046706_007,4,15.262377,7.2200146,0,74,F1
Sample_007_Region,100829-sample_1_lv_0046706_007,0,-4.954482,5.8132586,0,319,F1
Sample_007_Region,100885-sample_1_lv_0046706_007,32,1.5120941,11.535195,0,217,Pericyte_1
Sample_007_Region,100886-sample_1_lv_0046706_007,0,-2.8690574,7.00426,0,314,F1
Sample_007_Region,100887-sample_1_lv_0046706_007,9,8.793909,14.786197,0,122,Pericyte_1
Sample_007_Region,100888-sample_1_lv_0046706_007,2,12.2051525,8.87067,0,319,F1
Sample_007_Region,100889-sample_1_lv_0046706_007,20,17.178753,14.859223,0,1024,F1
Sample_007_Region,100890-sample_1_lv_0046706_007,0,-2.9427176,8.971899,0,97,Undifferentiated_KC
Sample_007_Region,100891-sample_1_lv_0046706_007,5,9.910838,1.7833169,0,199,VE2
Sample_007_Region,100892-sample_1_lv_0046706_007,27,1.524052,5.0837245,0,164,F1
Sample_007_Region,100893-sample_1_lv_0046706_007,0,-4.1215954,9.016066,0,405,F1
Sample_007_Region,100894-sample_1_lv_0046706_007,4,7.0617313,9.318484,0,206,Undifferentiated_KC
Sample_007_Region,100895-sample_1_lv_0046706_007,17,1.6391506,13.527377,0,194,Undifferentiated_KC
Sample_007_Region,100896-sample_1_lv_0046706_007,0,-5.751185,6.913985,0,95,F2
Sample_007_Region,100897-sample_1_lv_0046706_007,0,-4.852874,8.052114,0,94,F2
Sample_007_Region,100898-sample_1_lv_0046706_007,9,9.389271,14.44059,0,76,Macro_1
Sample_007_Region,100899-sample_1_lv_0046706_007,7,14.268,12.875882,0,73,Differentiated_KC
Sample_007_Region,100900-sample_1_lv_0046706_007,17,4.6546373,10.1034355,0,113,Undifferentiated_KC
Sample_007_Region,100901-sample_1_lv_0046706_007,37,-2.528771,8.772373,0,353,Pericyte_1
Sample_007_Region,100902-sample_1_lv_0046706_007,6,12.152854,13.047556,0,74,Schwann_1
Sample_007_Region,100903-sample_1_lv_0046706_007,3,4.352511,6.1494684,0,179,Pericyte_1
Sample_007_Region,100904-sample_1_lv_0046706_007,1,6.4904957,9.4176035,0,136,F3
Sample_007_Region,100905-sample_1_lv_0046706_007,16,5.5802402,7.878475,0,43,Differentiated_KC
Sample_007_Region,100906-sample_1_lv_0046706_007,7,14.416421,12.444772,0,124,Undifferentiated_KC
Sample_007_Region,100907-sample_1_lv_0046706_007,4,7.4437513,9.160252,0,210,Undifferentiated_KC
Sample_007_Region,100908-sample_1_lv_0046706_007,10,13.5679655,10.598459,0,64,VE2
Sample_007_Region,100909-sample_1_lv_0046706_007,16,5.8113503,7.3118587,0,184,VE1
Sample_007_Region,100910-sample_1_lv_0046706_007,18,16.14541,3.6309795,0,272,F3
Sample_007_Region,100912-sample_1_lv_0046706_007,1,8.93271,9.385935,0,783,Mono_mac
Sample_007_Region,100913-sample_1_lv_0046706_007,5,9.893682,2.1538515,0,74,Pericyte_2
Sample_007_Region,100914-sample_1_lv_0046706_007,32,1.2975411,10.237674,0,96,F1
Sample_007_Region,100917-sample_1_lv_0046706_007,7,15.713286,11.730813,0,109,Undifferentiated_KC
Sample_007_Region,100918-sample_1_lv_0046706_007,7,14.863669,11.805023,0,205,Undifferentiated_KC
Sample_007_Region,100919-sample_1_lv_0046706_007,0,-3.529317,7.092612,0,376,F2
Sample_007_Region,100925-sample_1_lv_0046706_007,26,7.3539777,-4.368291,0,186,Tc
Sample_007_Region,100926-sample_1_lv_0046706_007,25,9.211654,22.091446,0,255,Undifferentiated_KC
Sample_007_Region,100927-sample_1_lv_0046706_007,1,4.6666713,0.37509778,0,172,Undifferentiated_KC
Sample_007_Region,100928-sample_1_lv_0046706_007,3,7.3063836,5.0506606,0,232,F1
Sample_007_Region,100929-sample_1_lv_0046706_007,3,6.0949726,5.6122265,0,35,F1
Sample_007_Region,100933-sample_1_lv_0046706_007,8,13.037716,2.7570848,0,460,VE2
Sample_007_Region,100934-sample_1_lv_0046706_007,0,-4.1283007,8.1658535,0,631,F2
Sample_007_Region,100938-sample_1_lv_0046706_007,33,1.119438,21.105314,0,98,F1
Sample_007_Region,100939-sample_1_lv_0046706_007,1,11.781545,7.8820896,0,411,F1
Sample_007_Region,100941-sample_1_lv_0046706_007,2,10.826005,7.0177183,0,145,F3
Sample_007_Region,100952-sample_1_lv_0046706_007,13,10.188152,11.426146,0,493,F1
Sample_007_Region,100953-sample_1_lv_0046706_007,10,14.911344,10.796119,0,213,F2
Sample_007_Region,100954-sample_1_lv_0046706_007,13,7.6478953,13.029939,0,333,Macro_1
Sample_007_Region,100955-sample_1_lv_0046706_007,12,16.23433,4.672232,0,115,F1
Sample_007_Region,100956-sample_1_lv_0046706_007,27,1.3391305,0.388026,0,80,F1
Sample_007_Region,100958-sample_1_lv_0046706_007,7,12.349625,8.588526,0,968,F1
Sample_007_Region,100973-sample_1_lv_0046706_007,26,7.6306453,-4.7255254,0,415,VE2
Sample_007_Region,100974-sample_1_lv_0046706_007,16,6.4422684,6.9661155,0,144,F3
Sample_007_Region,100975-sample_1_lv_0046706_007,5,12.832695,4.640651,0,556,Pericyte_2
Sample_007_Region,101170-sample_1_lv_0046706_007,8,14.802268,-0.013329282,0,2,F2
Sample_007_Region,101171-sample_1_lv_0046706_007,0,-4.566686,7.6385913,0,85,F2
Sample_007_Region,101172-sample_1_lv_0046706_007,4,15.615199,9.377514,0,114,F1
Sample_007_Region,101173-sample_1_lv_0046706_007,0,-6.2079167,7.3258758,0,106,Undifferentiated_KC
Sample_007_Region,101174-sample_1_lv_0046706_007,32,2.214361,10.91049,0,53,LE2
Sample_007_Region,101175-sample_1_lv_0046706_007,19,19.914108,11.411286,0,55,F3
Sample_007_Region,101181-sample_1_lv_0046706_007,0,-5.537955,7.2670913,0,42,Th
Sample_007_Region,101204-sample_1_lv_0046706_007,5,13.678888,4.426818,0,667,VE3
Sample_007_Region,101211-sample_1_lv_0046706_007,21,16.181288,17.499847,0,215,F1
Sample_007_Region,101214-sample_1_lv_0046706_007,27,0.3268175,2.3145053,0,13,Undifferentiated_KC
Sample_007_Region,101215-sample_1_lv_0046706_007,5,12.580749,5.214358,0,59,Undifferentiated_KC
Sample_007_Region,101216-sample_1_lv_0046706_007,11,12.595104,8.501615,0,401,LE1
Sample_007_Region,101217-sample_1_lv_0046706_007,21,16.223732,17.193539,0,372,Pericyte_1
Sample_007_Region,101218-sample_1_lv_0046706_007,0,-3.0789573,6.7438526,0,26,F1
Sample_007_Region,101219-sample_1_lv_0046706_007,24,12.335896,-2.2977037,0,290,Macro_1
Sample_007_Region,101220-sample_1_lv_0046706_007,4,15.513221,6.4334693,0,284,F2
Sample_007_Region,101221-sample_1_lv_0046706_007,12,16.123653,4.7402525,0,62,F1
Sample_007_Region,101222-sample_1_lv_0046706_007,0,-3.1492448,6.665087,0,54,F1
Sample_007_Region,101223-sample_1_lv_0046706_007,0,-4.0103307,6.2507386,0,9,F1
Sample_007_Region,101224-sample_1_lv_0046706_007,0,-4.4542055,7.2690606,0,5,Differentiated_KC
Sample_007_Region,101291-sample_1_lv_0046706_007,0,-5.2323465,7.454527,0,18,F1
Sample_007_Region,101292-sample_1_lv_0046706_007,10,13.753426,9.880412,0,404,F2
Sample_007_Region,101293-sample_1_lv_0046706_007,0,-6.582352,7.6634526,0,281,Th
Sample_007_Region,101294-sample_1_lv_0046706_007,1,12.361435,10.705493,0,156,F2
Sample_007_Region,101295-sample_1_lv_0046706_007,0,-3.327167,9.265414,0,12,F1
Sample_007_Region,101296-sample_1_lv_0046706_007,0,-6.5800824,7.10488,0,4,F1
Sample_007_Region,101297-sample_1_lv_0046706_007,8,14.665714,-0.039437372,0,27,F2
Sample_007_Region,101298-sample_1_lv_0046706_007,0,-5.8169746,7.802128,0,6,Th
Sample_007_Region,101299-sample_1_lv_0046706_007,13,9.398885,11.334284,0,519,F2
Sample_007_Region,101300-sample_1_lv_0046706_007,1,12.37363,11.517828,0,55,F2
Sample_007_Region,101301-sample_1_lv_0046706_007,0,-4.571183,6.544387,0,24,F1
Sample_007_Region,101302-sample_1_lv_0046706_007,0,-5.191031,8.795004,0,12,F2
Sample_007_Region,101303-sample_1_lv_0046706_007,18,18.503029,2.637721,0,54,F1
Sample_007_Region,101308-sample_1_lv_0046706_007,0,-6.3307714,7.28767,0,11,F1
Sample_007_Region,101309-sample_1_lv_0046706_007,0,-4.5533643,9.414413,0,232,F1
Sample_007_Region,101310-sample_1_lv_0046706_007,0,-4.3809233,7.3305616,0,1,F1
Sample_007_Region,101311-sample_1_lv_0046706_007,0,-3.6032836,7.7225385,0,61,Th
Sample_007_Region,101312-sample_1_lv_0046706_007,0,-4.4057183,7.2303176,0,135,F1
Sample_007_Region,101317-sample_1_lv_0046706_007,0,-2.6343417,7.169111,0,203,F1
Sample_007_Region,101318-sample_1_lv_0046706_007,4,14.9826,8.777718,0,351,F3
Sample_007_Region,101319-sample_1_lv_0046706_007,0,-4.678694,6.7316046,0,403,F3
Sample_007_Region,101320-sample_1_lv_0046706_007,16,5.835472,6.4196954,0,583,F3
Sample_007_Region,101321-sample_1_lv_0046706_007,24,11.816036,-2.557821,0,155,Pericyte_1
Sample_007_Region,101322-sample_1_lv_0046706_007,1,12.26654,10.59689,0,258,Undifferentiated_KC
Sample_007_Region,101323-sample_1_lv_0046706_007,10,13.452906,11.456314,0,80,F3
Sample_007_Region,101324-sample_1_lv_0046706_007,0,-4.4962645,6.4554095,0,1,F1
Sample_007_Region,101325-sample_1_lv_0046706_007,0,-4.523691,7.7396526,0,118,Th
Sample_007_Region,101326-sample_1_lv_0046706_007,0,-5.6461673,8.251116,0,23,F3
Sample_007_Region,101327-sample_1_lv_0046706_007,4,14.993018,7.0708237,0,12,Th
Sample_007_Region,101328-sample_1_lv_0046706_007,0,-5.178322,8.118802,0,12,F1
Sample_007_Region,101329-sample_1_lv_0046706_007,0,-4.250714,7.269919,0,1,F1
Sample_007_Region,101330-sample_1_lv_0046706_007,0,-6.377213,8.52743,0,2,F1
Sample_007_Region,101331-sample_1_lv_0046706_007,0,-3.8008125,8.997314,0,4,Differentiated_KC
Sample_007_Region,101332-sample_1_lv_0046706_007,20,16.277384,14.410024,0,24,Macro_1
Sample_007_Region,101333-sample_1_lv_0046706_007,2,11.501326,6.6023874,0,8,Macro_1
Sample_007_Region,101334-sample_1_lv_0046706_007,19,20.184937,11.129957,0,624,F3
Sample_007_Region,101335-sample_1_lv_0046706_007,10,14.629922,10.203119,0,231,Th
Sample_007_Region,101336-sample_1_lv_0046706_007,0,-4.974366,6.6958566,0,276,Tc
Sample_007_Region,101337-sample_1_lv_0046706_007,1,9.622748,9.236604,0,99,F1
Sample_007_Region,101338-sample_1_lv_0046706_007,24,12.364741,-3.5784838,0,70,F3
Sample_007_Region,101339-sample_1_lv_0046706_007,26,7.4907894,-3.3149567,0,77,LE1
Sample_007_Region,101340-sample_1_lv_0046706_007,0,-4.226392,5.8750424,0,25,F1
Sample_007_Region,101341-sample_1_lv_0046706_007,26,7.7403626,-3.319983,0,139,F3
Sample_007_Region,101342-sample_1_lv_0046706_007,0,-4.5313683,8.108086,0,5,F3
Sample_007_Region,101343-sample_1_lv_0046706_007,24,11.759668,-2.9982972,0,176,F3
Sample_007_Region,101344-sample_1_lv_0046706_007,24,13.109639,-3.8808458,0,25,Mono_mac
Sample_007_Region,101345-sample_1_lv_0046706_007,20,16.549372,14.34028,0,352,F3
Sample_007_Region,101346-sample_1_lv_0046706_007,4,15.498869,9.069356,0,157,F1
Sample_007_Region,101347-sample_1_lv_0046706_007,0,-5.4761662,5.431933,0,143,Macro_1
Sample_007_Region,101348-sample_1_lv_0046706_007,0,-3.9644182,8.786672,0,52,F1
Sample_007_Region,101349-sample_1_lv_0046706_007,3,10.760029,5.6639247,0,83,F3
Sample_007_Region,101350-sample_1_lv_0046706_007,0,-5.6577654,9.01974,0,66,F3
Sample_007_Region,101351-sample_1_lv_0046706_007,0,-5.367418,8.566083,0,214,F2
Sample_007_Region,101352-sample_1_lv_0046706_007,8,14.745292,-1.0656431,0,164,F1
Sample_007_Region,101353-sample_1_lv_0046706_007,0,-2.1959765,6.744762,0,6,F1
Sample_007_Region,101354-sample_1_lv_0046706_007,0,-6.032958,6.4256625,0,19,Macro_1
Sample_007_Region,101355-sample_1_lv_0046706_007,0,-4.9470663,9.3654995,0,6,Macro_1
Sample_007_Region,101356-sample_1_lv_0046706_007,15,7.439345,1.1304963,0,59,F3
Sample_007_Region,101357-sample_1_lv_0046706_007,0,-5.3830323,9.355363,0,70,F1
Sample_007_Region,101358-sample_1_lv_0046706_007,19,19.858576,11.222094,0,252,LE1
Sample_007_Region,101359-sample_1_lv_0046706_007,3,11.244389,5.3352995,0,90,Mono_mac
Sample_007_Region,101360-sample_1_lv_0046706_007,18,15.042302,3.1203098,0,89,VE3
Sample_007_Region,101361-sample_1_lv_0046706_007,5,8.889786,2.0216513,0,46,F3
Sample_007_Region,101362-sample_1_lv_0046706_007,26,9.057711,-5.378904,0,6,LE1
Sample_007_Region,101363-sample_1_lv_0046706_007,0,-5.3819013,8.61059,0,15,Undifferentiated_KC
Sample_007_Region,101364-sample_1_lv_0046706_007,30,20.86528,5.6028147,0,26,F1
Sample_007_Region,101365-sample_1_lv_0046706_007,0,-5.04493,6.051266,0,147,F2
Sample_007_Region,101366-sample_1_lv_0046706_007,3,4.9483075,5.679437,0,151,LE2
Sample_007_Region,101367-sample_1_lv_0046706_007,0,-3.596617,7.981781,0,70,F3
Sample_007_Region,101368-sample_1_lv_0046706_007,27,-0.030002886,0.18967837,0,111,Macro_1
Sample_007_Region,101369-sample_1_lv_0046706_007,0,-3.0162604,6.0192566,0,15,F1
Sample_007_Region,101370-sample_1_lv_0046706_007,0,-5.4465995,8.232376,0,198,F2
Sample_007_Region,101371-sample_1_lv_0046706_007,0,-4.637319,9.222362,0,65,F1
Sample_007_Region,101372-sample_1_lv_0046706_007,0,-2.1847935,7.028147,0,56,F2
Sample_007_Region,101373-sample_1_lv_0046706_007,0,-4.358149,7.0470023,0,0,Differentiated_KC
Sample_007_Region,101374-sample_1_lv_0046706_007,0,-5.077659,9.097892,0,7,LE2
Sample_007_Region,101375-sample_1_lv_0046706_007,0,-6.150277,6.7904406,0,331,F2
Sample_007_Region,101376-sample_1_lv_0046706_007,20,17.165207,15.321015,0,283,F2
Sample_007_Region,101377-sample_1_lv_0046706_007,13,9.343958,12.02516,0,421,F2
Sample_007_Region,101378-sample_1_lv_0046706_007,0,-2.9846022,6.510486,0,3,Th
Sample_007_Region,101379-sample_1_lv_0046706_007,0,-5.4744864,8.99409,0,20,F1
Sample_007_Region,101380-sample_1_lv_0046706_007,0,-5.6030335,8.64229,0,60,F1
Sample_007_Region,101381-sample_1_lv_0046706_007,0,-6.458487,7.2803893,0,69,F2
Sample_007_Region,101382-sample_1_lv_0046706_007,35,10.811706,16.611755,0,41,F1
Sample_007_Region,101383-sample_1_lv_0046706_007,17,3.3712428,13.999888,0,98,F1
Sample_007_Region,101384-sample_1_lv_0046706_007,0,-6.2341733,5.9923787,0,75,F2
Sample_007_Region,101385-sample_1_lv_0046706_007,0,-5.4979486,6.5766377,0,19,Th
Sample_007_Region,101386-sample_1_lv_0046706_007,0,-6.179668,7.283969,0,4,F1
Sample_007_Region,101387-sample_1_lv_0046706_007,0,-3.1646183,7.529141,0,59,F2
Sample_007_Region,101388-sample_1_lv_0046706_007,3,9.479149,5.2416806,0,76,Mono_mac
Sample_007_Region,101389-sample_1_lv_0046706_007,20,16.929445,14.967856,0,266,F1
Sample_007_Region,101390-sample_1_lv_0046706_007,12,13.2986,7.029363,0,85,F1
Sample_007_Region,101391-sample_1_lv_0046706_007,10,16.215372,9.14292,0,566,F2
Sample_007_Region,101392-sample_1_lv_0046706_007,8,14.654125,-0.99833834,0,159,F3
Sample_007_Region,101393-sample_1_lv_0046706_007,0,-3.5583048,6.0562544,0,24,Differentiated_KC
Sample_007_Region,101394-sample_1_lv_0046706_007,6,12.121631,13.22827,0,229,F3
Sample_007_Region,101395-sample_1_lv_0046706_007,12,17.163275,5.272333,0,43,F1
Sample_007_Region,101396-sample_1_lv_0046706_007,27,0.069961615,2.3835742,0,14,F1
Sample_007_Region,101397-sample_1_lv_0046706_007,10,13.966233,9.927447,0,237,F2
Sample_007_Region,101398-sample_1_lv_0046706_007,0,-3.246265,8.039811,0,185,F2
Sample_007_Region,101399-sample_1_lv_0046706_007,13,9.069938,12.083303,0,274,F2
Sample_007_Region,101400-sample_1_lv_0046706_007,0,-5.7574716,7.127003,0,129,F2
Sample_007_Region,101472-sample_1_lv_0046706_007,0,-4.0590596,8.386266,0,22,F1
Sample_007_Region,102049-sample_1_lv_0046706_007,33,1.1993648,21.115376,0,266,F1
Sample_007_Region,102050-sample_1_lv_0046706_007,2,10.930465,7.2713404,0,309,F1
Sample_007_Region,102051-sample_1_lv_0046706_007,20,17.073982,14.25711,0,78,Mono_mac
Sample_007_Region,102052-sample_1_lv_0046706_007,1,10.298133,7.9604106,0,118,Mono_mac
Sample_007_Region,102053-sample_1_lv_0046706_007,1,10.081727,8.829912,0,484,Mono_mac
Sample_007_Region,102054-sample_1_lv_0046706_007,24,8.750923,-0.7864971,0,104,Mono_mac
Sample_007_Region,102055-sample_1_lv_0046706_007,3,7.67922,4.6966586,0,309,Mono_mac
Sample_007_Region,102056-sample_1_lv_0046706_007,24,13.184341,-3.9225702,0,32,F1
Sample_007_Region,102057-sample_1_lv_0046706_007,9,9.351509,14.372759,0,316,F2
Sample_007_Region,102058-sample_1_lv_0046706_007,28,12.406909,-5.9263506,0,120,Mono_mac
Sample_007_Region,102059-sample_1_lv_0046706_007,0,-2.343887,7.0390797,0,94,F1
Sample_007_Region,102060-sample_1_lv_0046706_007,2,11.450862,7.3536725,0,303,F1
Sample_007_Region,102061-sample_1_lv_0046706_007,34,3.4196382,18.110418,0,16,F1
Sample_007_Region,102062-sample_1_lv_0046706_007,3,7.1351604,4.6107326,0,152,MigDC
Sample_007_Region,102063-sample_1_lv_0046706_007,0,-6.422731,7.9616685,0,47,F2
Sample_007_Region,102064-sample_1_lv_0046706_007,5,9.089969,3.0027895,0,126,F1
Sample_007_Region,102065-sample_1_lv_0046706_007,35,4.177344,2.5902977,0,116,F1
Sample_007_Region,102066-sample_1_lv_0046706_007,10,13.442447,9.20763,0,104,LE2
Sample_007_Region,102067-sample_1_lv_0046706_007,5,12.819533,4.2938395,0,650,Mono_mac
Sample_007_Region,102068-sample_1_lv_0046706_007,2,11.774155,7.7618837,0,358,Mono_mac
Sample_007_Region,102069-sample_1_lv_0046706_007,20,16.58487,14.226712,0,459,Macro_1
Sample_007_Region,102070-sample_1_lv_0046706_007,14,12.35917,3.7962227,0,150,Mono_mac
Sample_007_Region,102071-sample_1_lv_0046706_007,5,8.9973345,3.6102993,0,168,Pericyte_1
Sample_007_Region,102072-sample_1_lv_0046706_007,5,6.271081,11.975364,0,243,Pericyte_2
Sample_007_Region,102073-sample_1_lv_0046706_007,2,11.597035,7.2242646,0,740,Mono_mac
Sample_007_Region,102074-sample_1_lv_0046706_007,26,10.576854,-4.8110843,0,348,Mono_mac
Sample_007_Region,102075-sample_1_lv_0046706_007,8,12.847716,0.09941119,0,382,F2
Sample_007_Region,102076-sample_1_lv_0046706_007,26,8.194632,-3.5249348,0,70,F2
Sample_007_Region,102077-sample_1_lv_0046706_007,5,9.126523,3.0132103,0,129,F1
Sample_007_Region,102078-sample_1_lv_0046706_007,8,12.294512,2.004284,0,568,F1
Sample_007_Region,102079-sample_1_lv_0046706_007,25,9.231197,22.067293,0,161,F3
Sample_007_Region,102080-sample_1_lv_0046706_007,25,9.694684,22.195509,0,175,Macro_1
Sample_007_Region,102081-sample_1_lv_0046706_007,13,11.077108,10.669261,0,1261,VE2
Sample_007_Region,102082-sample_1_lv_0046706_007,5,9.520521,3.4994433,0,1290,Mono_mac
Sample_007_Region,102083-sample_1_lv_0046706_007,5,13.198874,3.704712,0,600,F1
Sample_007_Region,102084-sample_1_lv_0046706_007,3,8.063068,4.64322,0,439,Mono_mac
Sample_007_Region,102085-sample_1_lv_0046706_007,22,9.6333065,19.379984,0,798,Pericyte_2
Sample_007_Region,102086-sample_1_lv_0046706_007,9,9.808131,13.934183,0,945,Pericyte_2
Sample_007_Region,102087-sample_1_lv_0046706_007,8,13.904711,2.4803047,0,167,F3
Sample_007_Region,102088-sample_1_lv_0046706_007,4,13.802086,8.857106,0,789,Pericyte_2
Sample_007_Region,102089-sample_1_lv_0046706_007,10,13.510542,8.928617,0,418,Pericyte_2
Sample_007_Region,102090-sample_1_lv_0046706_007,8,13.291585,0.500069,0,173,F1
Sample_007_Region,102091-sample_1_lv_0046706_007,18,16.355795,1.5900372,0,233,Pericyte_2
Sample_007_Region,102092-sample_1_lv_0046706_007,8,13.825231,1.6182194,0,219,Pericyte_2
Sample_007_Region,102093-sample_1_lv_0046706_007,4,14.044445,6.3402104,0,1897,Pericyte_2
Sample_007_Region,102094-sample_1_lv_0046706_007,13,9.175185,11.908649,0,344,VE2
Sample_007_Region,102095-sample_1_lv_0046706_007,32,1.4290031,11.656904,0,154,F1
Sample_007_Region,102096-sample_1_lv_0046706_007,34,3.0773437,17.85568,0,28,F1
Sample_007_Region,102097-sample_1_lv_0046706_007,2,12.542598,7.8189087,0,316,F1
Sample_007_Region,102098-sample_1_lv_0046706_007,20,16.45164,14.642908,0,292,F1
Sample_007_Region,102099-sample_1_lv_0046706_007,9,9.07208,14.873875,0,142,F2
Sample_007_Region,102100-sample_1_lv_0046706_007,27,1.4769517,5.122036,0,204,F1
Sample_007_Region,102101-sample_1_lv_0046706_007,10,14.467896,9.729433,0,119,F3
Sample_007_Region,102102-sample_1_lv_0046706_007,1,8.616993,8.710899,0,42,Macro_1
Sample_007_Region,102103-sample_1_lv_0046706_007,3,5.760978,5.635275,0,300,Mono_mac
Sample_007_Region,102104-sample_1_lv_0046706_007,8,12.366716,0.7829232,0,159,F1
Sample_007_Region,102105-sample_1_lv_0046706_007,9,8.862683,14.745031,0,151,F2
Sample_007_Region,102106-sample_1_lv_0046706_007,4,14.91717,8.9709015,0,212,F3
Sample_007_Region,102107-sample_1_lv_0046706_007,0,-5.4758906,6.7976804,0,116,Pericyte_1
Sample_007_Region,102108-sample_1_lv_0046706_007,26,10.986243,-4.9290886,0,256,F2
Sample_007_Region,102109-sample_1_lv_0046706_007,9,9.017402,13.687545,0,1225,Pericyte_1
Sample_007_Region,102110-sample_1_lv_0046706_007,23,7.0270796,18.732054,0,3266,Mono_mac
Sample_007_Region,102111-sample_1_lv_0046706_007,0,-6.1082497,7.7747736,0,80,F1
Sample_007_Region,102112-sample_1_lv_0046706_007,1,11.15567,8.577074,0,386,DC2
Sample_007_Region,102113-sample_1_lv_0046706_007,10,11.870153,8.886517,0,787,Mono_mac
Sample_007_Region,102114-sample_1_lv_0046706_007,4,14.393671,7.7742395,0,546,DC2
Sample_007_Region,102115-sample_1_lv_0046706_007,8,13.012351,0.24012904,0,421,Undifferentiated_KC
Sample_007_Region,102116-sample_1_lv_0046706_007,30,7.4164457,-1.6678308,0,134,F2
Sample_007_Region,102117-sample_1_lv_0046706_007,0,-4.390162,4.9608836,0,113,F1
Sample_007_Region,102118-sample_1_lv_0046706_007,30,20.490217,4.8299484,0,37,Th
Sample_007_Region,102119-sample_1_lv_0046706_007,27,1.5136728,0.6010851,0,65,DC2
Sample_007_Region,102120-sample_1_lv_0046706_007,0,-3.875116,8.95609,0,17,F1
Sample_007_Region,102121-sample_1_lv_0046706_007,20,16.97819,14.92092,0,216,F2
Sample_007_Region,102122-sample_1_lv_0046706_007,34,2.116319,16.435862,0,74,F2
Sample_007_Region,102123-sample_1_lv_0046706_007,0,-2.7645528,5.4921107,0,22,F2
Sample_007_Region,102124-sample_1_lv_0046706_007,29,13.188433,-1.9652219,0,205,F1
Sample_007_Region,102125-sample_1_lv_0046706_007,2,10.698395,7.0913496,0,199,F1
Sample_007_Region,102126-sample_1_lv_0046706_007,10,13.216444,9.498622,0,803,DC2
Sample_007_Region,102127-sample_1_lv_0046706_007,4,13.784408,9.1311865,0,453,F2
Sample_007_Region,102128-sample_1_lv_0046706_007,23,6.3373394,18.364857,0,904,F2
Sample_007_Region,102129-sample_1_lv_0046706_007,11,10.081156,10.642604,0,85,F1
Sample_007_Region,102130-sample_1_lv_0046706_007,24,12.341419,-3.5215116,0,55,VE1
Sample_007_Region,102131-sample_1_lv_0046706_007,19,19.782665,13.913201,0,1040,F2
Sample_007_Region,102132-sample_1_lv_0046706_007,26,8.072937,-3.3685257,0,87,Tc
Sample_007_Region,102133-sample_1_lv_0046706_007,3,10.448143,5.3611865,0,155,LE1
Sample_007_Region,102134-sample_1_lv_0046706_007,2,11.214893,7.4743996,0,158,F2
Sample_007_Region,102135-sample_1_lv_0046706_007,0,-6.117817,7.6814623,0,441,F2
Sample_007_Region,102136-sample_1_lv_0046706_007,0,-4.484123,7.578303,0,7,F1
Sample_007_Region,102137-sample_1_lv_0046706_007,0,-3.9067795,5.3889036,0,233,F1
Sample_007_Region,102138-sample_1_lv_0046706_007,0,-6.0641274,6.427171,0,73,F2
Sample_007_Region,102139-sample_1_lv_0046706_007,5,13.80767,4.612984,0,239,LE1
Sample_007_Region,102140-sample_1_lv_0046706_007,1,8.599508,8.662513,0,19,Macro_1
Sample_007_Region,102141-sample_1_lv_0046706_007,4,14.614664,8.099713,0,312,F1
Sample_007_Region,102142-sample_1_lv_0046706_007,1,11.189659,8.593065,0,57,F1
Sample_007_Region,102143-sample_1_lv_0046706_007,2,11.192504,7.0502577,0,181,F3
Sample_007_Region,102144-sample_1_lv_0046706_007,0,-3.1650517,6.2799797,0,476,F1
Sample_007_Region,102145-sample_1_lv_0046706_007,19,20.274988,13.780976,0,87,Mono_mac
Sample_007_Region,102146-sample_1_lv_0046706_007,24,9.018798,-0.4297995,0,104,F1
Sample_007_Region,102147-sample_1_lv_0046706_007,14,10.775679,4.3145714,0,653,Undifferentiated_KC
Sample_007_Region,102148-sample_1_lv_0046706_007,2,12.115377,7.1273327,0,211,LE2
Sample_007_Region,102149-sample_1_lv_0046706_007,0,-4.6714497,6.280443,0,20,F2
Sample_007_Region,102150-sample_1_lv_0046706_007,11,11.658328,9.77963,0,353,Mono_mac
Sample_007_Region,102151-sample_1_lv_0046706_007,5,9.949034,3.5722787,0,238,F3
Sample_007_Region,102152-sample_1_lv_0046706_007,19,19.909138,11.206019,0,75,VE2
Sample_007_Region,102153-sample_1_lv_0046706_007,25,9.281149,22.049984,0,382,DC2
Sample_007_Region,102154-sample_1_lv_0046706_007,2,11.674142,7.908418,0,1107,DC2
Sample_007_Region,102155-sample_1_lv_0046706_007,0,-4.7495556,7.2913094,0,77,F1
Sample_007_Region,102156-sample_1_lv_0046706_007,8,12.647664,0.67811686,0,392,VE2
Sample_007_Region,102157-sample_1_lv_0046706_007,13,9.001064,10.718784,0,994,F1
Sample_007_Region,102158-sample_1_lv_0046706_007,9,9.200497,13.403228,0,510,F2
Sample_007_Region,102159-sample_1_lv_0046706_007,3,7.13696,3.9455197,0,264,F3
Sample_007_Region,102160-sample_1_lv_0046706_007,2,11.1978,6.581855,0,335,F1
Sample_007_Region,102161-sample_1_lv_0046706_007,4,15.268801,7.1211805,0,280,F1
Sample_007_Region,102162-sample_1_lv_0046706_007,12,12.837418,7.159445,0,339,Th
Sample_007_Region,102163-sample_1_lv_0046706_007,4,15.225102,6.838861,0,473,F2
Sample_007_Region,102164-sample_1_lv_0046706_007,2,11.347884,6.818672,0,76,F1
Sample_007_Region,102165-sample_1_lv_0046706_007,28,12.285585,-5.7179313,0,172,F1
Sample_007_Region,102166-sample_1_lv_0046706_007,2,11.951193,7.0398917,0,987,F2
Sample_007_Region,102167-sample_1_lv_0046706_007,2,9.894005,6.3292284,0,128,Tc
Sample_007_Region,102168-sample_1_lv_0046706_007,9,9.968512,14.075612,0,1295,F2
Sample_007_Region,102169-sample_1_lv_0046706_007,31,10.2662,-2.1572685,0,98,Mono_mac
Sample_007_Region,102170-sample_1_lv_0046706_007,5,9.97615,2.6709125,0,154,Mono_mac
Sample_007_Region,102171-sample_1_lv_0046706_007,2,10.581506,7.277984,0,240,F3
Sample_007_Region,102172-sample_1_lv_0046706_007,5,9.234225,3.3139973,0,414,VE3
Sample_007_Region,102173-sample_1_lv_0046706_007,15,5.5372043,2.9960542,0,74,F1
Sample_007_Region,102174-sample_1_lv_0046706_007,12,13.545487,7.3927774,0,244,Tc
Sample_007_Region,102175-sample_1_lv_0046706_007,8,12.018612,0.7186076,0,224,F3
Sample_007_Region,102176-sample_1_lv_0046706_007,2,10.097127,6.2736773,0,103,Tc
Sample_007_Region,102177-sample_1_lv_0046706_007,5,12.828732,4.510495,0,1014,Pericyte_2
Sample_007_Region,102178-sample_1_lv_0046706_007,1,9.159147,8.779287,0,36,Mono_mac
Sample_007_Region,102179-sample_1_lv_0046706_007,8,13.864828,2.4977076,0,441,VE2
Sample_007_Region,102180-sample_1_lv_0046706_007,0,-4.1627192,7.602,0,180,F3
Sample_007_Region,102181-sample_1_lv_0046706_007,17,5.2628317,9.883651,0,424,Th
Sample_007_Region,102182-sample_1_lv_0046706_007,0,-5.5216637,5.6499767,0,122,F1
Sample_007_Region,102183-sample_1_lv_0046706_007,5,12.733614,4.328937,0,1249,Pericyte_2
Sample_007_Region,102184-sample_1_lv_0046706_007,19,19.942646,14.66432,0,733,Mono_mac
Sample_007_Region,102185-sample_1_lv_0046706_007,3,10.621241,5.8068085,0,134,F3
Sample_007_Region,102186-sample_1_lv_0046706_007,27,1.168515,1.8631529,0,35,F1
Sample_007_Region,102187-sample_1_lv_0046706_007,7,12.294865,8.66195,0,892,F2
Sample_007_Region,102188-sample_1_lv_0046706_007,3,7.716821,5.540345,0,487,F3
Sample_007_Region,102189-sample_1_lv_0046706_007,0,-6.344118,8.579684,0,58,F3
Sample_007_Region,102190-sample_1_lv_0046706_007,1,10.011207,8.696699,0,624,F1
Sample_007_Region,102191-sample_1_lv_0046706_007,0,-4.5168743,6.6078577,0,85,F1
Sample_007_Region,102192-sample_1_lv_0046706_007,1,10.497166,8.336339,0,94,DC2
Sample_007_Region,102193-sample_1_lv_0046706_007,0,-4.268656,5.946022,0,245,F3
Sample_007_Region,102194-sample_1_lv_0046706_007,24,12.216813,-2.2025304,0,276,Mono_mac
Sample_007_Region,102195-sample_1_lv_0046706_007,5,9.855678,3.783273,0,446,F3
Sample_007_Region,102196-sample_1_lv_0046706_007,0,-5.0990853,6.6723437,0,190,F1
Sample_007_Region,102197-sample_1_lv_0046706_007,9,10.774771,14.220514,0,565,F2
Sample_007_Region,102198-sample_1_lv_0046706_007,27,0.5643515,0.054922424,0,58,F3
Sample_007_Region,102199-sample_1_lv_0046706_007,9,10.770431,14.022216,0,1080,F3
Sample_007_Region,102200-sample_1_lv_0046706_007,2,10.2663965,6.8713675,0,572,F3
Sample_007_Region,102201-sample_1_lv_0046706_007,0,-2.8708885,7.0005236,0,35,F1
Sample_007_Region,102202-sample_1_lv_0046706_007,29,13.336583,-2.0284088,0,242,F2
Sample_007_Region,102203-sample_1_lv_0046706_007,0,-3.6399405,9.1356325,0,76,F3
Sample_007_Region,102204-sample_1_lv_0046706_007,18,14.763372,3.2489102,0,645,VE3
Sample_007_Region,102205-sample_1_lv_0046706_007,20,16.622179,14.812046,0,851,Pericyte_2
Sample_007_Region,102206-sample_1_lv_0046706_007,26,10.1417055,-4.761764,0,557,F1
Sample_007_Region,102207-sample_1_lv_0046706_007,8,11.872644,1.6001818,0,526,F1
Sample_007_Region,102208-sample_1_lv_0046706_007,22,9.606874,19.288244,0,1478,Schwann_1
Sample_007_Region,102209-sample_1_lv_0046706_007,9,10.112443,14.242065,0,645,F2
Sample_007_Region,102210-sample_1_lv_0046706_007,2,9.247833,7.5751047,0,134,F1
Sample_007_Region,102211-sample_1_lv_0046706_007,32,1.403261,11.826189,0,139,ILC2
Sample_007_Region,102212-sample_1_lv_0046706_007,2,11.735603,7.2116437,0,257,Mono_mac
Sample_007_Region,102213-sample_1_lv_0046706_007,15,7.9606643,0.25785235,0,139,Mono_mac
Sample_007_Region,102214-sample_1_lv_0046706_007,10,13.903424,9.918965,0,118,Mono_mac
Sample_007_Region,102215-sample_1_lv_0046706_007,19,19.872078,14.692561,0,2780,Mono_mac
Sample_007_Region,102216-sample_1_lv_0046706_007,0,-3.6621883,8.005003,0,136,F1
Sample_007_Region,102217-sample_1_lv_0046706_007,0,-5.0440555,5.997203,0,56,F1
Sample_007_Region,102218-sample_1_lv_0046706_007,8,11.861012,0.48252654,0,228,Pericyte_1
Sample_007_Region,102219-sample_1_lv_0046706_007,4,15.140858,6.659395,0,78,Mono_mac
Sample_007_Region,102220-sample_1_lv_0046706_007,0,-4.3340545,8.264911,0,123,F2
Sample_007_Region,102221-sample_1_lv_0046706_007,3,8.188429,5.0461884,0,363,F1
Sample_007_Region,102222-sample_1_lv_0046706_007,2,9.535663,7.1792116,0,76,F1
Sample_007_Region,102223-sample_1_lv_0046706_007,9,9.274462,12.98713,0,344,F2
Sample_007_Region,102224-sample_1_lv_0046706_007,2,9.657266,7.062831,0,514,Tc
Sample_007_Region,102225-sample_1_lv_0046706_007,2,9.508666,6.8385077,0,135,Tc
Sample_007_Region,102226-sample_1_lv_0046706_007,4,14.778303,8.694899,0,602,DC2
Sample_007_Region,102227-sample_1_lv_0046706_007,23,6.5483713,18.718403,0,655,DC2
Sample_007_Region,102228-sample_1_lv_0046706_007,2,9.653331,6.9110923,0,223,Macro_1
Sample_007_Region,102229-sample_1_lv_0046706_007,1,7.450149,8.173113,0,176,Pericyte_2
Sample_007_Region,102230-sample_1_lv_0046706_007,15,7.9097958,1.8265784,0,279,Mono_mac
Sample_007_Region,102231-sample_1_lv_0046706_007,15,8.126587,0.45433366,0,532,F1
Sample_007_Region,102232-sample_1_lv_0046706_007,11,12.315328,8.734898,0,957,Pericyte_2
Sample_007_Region,102233-sample_1_lv_0046706_007,9,9.9725895,13.862678,0,992,Mono_mac
Sample_007_Region,102234-sample_1_lv_0046706_007,15,8.105939,0.47020552,0,1065,F2
Sample_007_Region,102235-sample_1_lv_0046706_007,18,14.750532,2.9924679,0,1810,Pericyte_2
Sample_007_Region,102236-sample_1_lv_0046706_007,4,14.694627,7.415539,0,314,F1
Sample_007_Region,102237-sample_1_lv_0046706_007,25,9.9188595,22.343218,0,282,DC2
Sample_007_Region,102238-sample_1_lv_0046706_007,2,10.21596,6.9340696,0,117,moDC
Sample_007_Region,102239-sample_1_lv_0046706_007,1,10.042066,8.310321,0,237,Mono_mac
Sample_007_Region,102240-sample_1_lv_0046706_007,18,15.003194,3.1958125,0,614,Mono_mac
Sample_007_Region,102241-sample_1_lv_0046706_007,1,7.876918,8.161996,0,551,Mono_mac
Sample_007_Region,102242-sample_1_lv_0046706_007,0,-4.258508,5.3484435,0,563,F2
Sample_007_Region,102243-sample_1_lv_0046706_007,0,-3.829289,6.3040233,0,241,Pericyte_1
Sample_007_Region,102244-sample_1_lv_0046706_007,16,6.1580153,6.3402214,0,503,Pericyte_1
Sample_007_Region,102245-sample_1_lv_0046706_007,26,7.138545,-5.703456,0,963,F2
Sample_007_Region,102246-sample_1_lv_0046706_007,0,-3.2201924,6.010075,0,334,F3
Sample_007_Region,102247-sample_1_lv_0046706_007,0,-5.028113,6.6737103,0,18,Th
Sample_007_Region,102248-sample_1_lv_0046706_007,3,7.402352,5.1549535,0,189,Mono_mac
Sample_007_Region,102249-sample_1_lv_0046706_007,0,-5.165438,8.845438,0,52,Mono_mac
Sample_007_Region,102250-sample_1_lv_0046706_007,19,19.050035,13.902342,0,1111,Undifferentiated_KC
Sample_007_Region,102251-sample_1_lv_0046706_007,18,14.442293,3.5173442,0,538,Mono_mac
Sample_007_Region,102252-sample_1_lv_0046706_007,0,-4.4967594,8.684201,0,334,Pericyte_1
Sample_007_Region,102253-sample_1_lv_0046706_007,5,8.422127,2.8752296,0,484,Pericyte_1
Sample_007_Region,102254-sample_1_lv_0046706_007,0,-5.1227484,6.5836744,0,131,F2
Sample_007_Region,102255-sample_1_lv_0046706_007,3,7.5428348,5.500205,0,688,Macro_1
Sample_007_Region,102256-sample_1_lv_0046706_007,20,16.837753,14.522118,0,364,Mono_mac
Sample_007_Region,102257-sample_1_lv_0046706_007,0,-3.635726,6.3486333,0,118,Th
Sample_007_Region,102258-sample_1_lv_0046706_007,8,15.137613,-0.46973014,0,56,Mono_mac
Sample_007_Region,102259-sample_1_lv_0046706_007,5,10.497163,2.2025235,0,201,F3
Sample_007_Region,102260-sample_1_lv_0046706_007,0,-4.027176,5.908108,0,197,Pericyte_1
Sample_007_Region,102261-sample_1_lv_0046706_007,0,-4.752088,6.793338,0,18,F1
Sample_007_Region,102262-sample_1_lv_0046706_007,1,7.9489617,7.199373,0,52,Mono_mac
Sample_007_Region,102263-sample_1_lv_0046706_007,29,13.239593,-2.0387375,0,169,F3
Sample_007_Region,102264-sample_1_lv_0046706_007,2,10.295262,7.196825,0,227,F3
Sample_007_Region,102265-sample_1_lv_0046706_007,4,15.410041,7.2032084,0,229,F1
Sample_007_Region,102266-sample_1_lv_0046706_007,0,-3.562738,7.1840544,0,55,F2
Sample_007_Region,102267-sample_1_lv_0046706_007,15,6.060578,2.5135467,0,295,F2
Sample_007_Region,102268-sample_1_lv_0046706_007,33,1.2553465,21.083496,0,275,F3
Sample_007_Region,102269-sample_1_lv_0046706_007,0,-5.3507495,7.971677,0,45,F1
Sample_007_Region,102270-sample_1_lv_0046706_007,2,10.254868,7.724769,0,759,Mono_mac
Sample_007_Region,102271-sample_1_lv_0046706_007,0,-4.4126425,8.523049,0,178,F2
Sample_007_Region,102272-sample_1_lv_0046706_007,2,9.461414,7.03294,0,292,F3
Sample_007_Region,102273-sample_1_lv_0046706_007,25,9.721997,22.214455,0,276,Tc
Sample_007_Region,102274-sample_1_lv_0046706_007,19,20.081991,13.907865,0,352,F1
Sample_007_Region,102275-sample_1_lv_0046706_007,8,12.3726,0.25380954,0,476,F2
Sample_007_Region,102276-sample_1_lv_0046706_007,1,9.449138,8.404271,0,126,Th
Sample_007_Region,102277-sample_1_lv_0046706_007,27,1.2399892,4.468606,0,343,Pericyte_1
Sample_007_Region,102278-sample_1_lv_0046706_007,4,14.833664,8.913949,0,488,Pericyte_1
Sample_007_Region,102279-sample_1_lv_0046706_007,9,10.238366,13.472377,0,719,F2
Sample_007_Region,102280-sample_1_lv_0046706_007,1,9.605019,8.606279,0,239,F3
Sample_007_Region,102281-sample_1_lv_0046706_007,1,12.060846,9.967698,0,440,Mono_mac
Sample_007_Region,102282-sample_1_lv_0046706_007,18,14.311164,3.4631743,0,1251,Mono_mac
Sample_007_Region,102283-sample_1_lv_0046706_007,9,10.596423,14.286952,0,656,Undifferentiated_KC
Sample_007_Region,102284-sample_1_lv_0046706_007,5,10.330508,2.285548,0,551,Pericyte_2
Sample_007_Region,102285-sample_1_lv_0046706_007,9,10.164874,13.312367,0,761,VE2
Sample_007_Region,102286-sample_1_lv_0046706_007,0,-4.5919857,5.340767,0,295,Pericyte_1
Sample_007_Region,102287-sample_1_lv_0046706_007,0,-2.7965305,6.2005696,0,434,Mono_mac
Sample_007_Region,102288-sample_1_lv_0046706_007,15,7.1766577,2.3866167,0,444,F1
Sample_007_Region,102289-sample_1_lv_0046706_007,8,12.907203,0.23590298,0,447,F2
Sample_007_Region,102290-sample_1_lv_0046706_007,1,10.05389,7.763703,0,520,Mono_mac
Sample_007_Region,102291-sample_1_lv_0046706_007,26,9.995733,-4.8639784,0,876,Pericyte_1
Sample_007_Region,102292-sample_1_lv_0046706_007,1,8.962172,7.216389,0,366,F3
Sample_007_Region,102293-sample_1_lv_0046706_007,16,5.7143598,6.4926505,0,307,F1
Sample_007_Region,102294-sample_1_lv_0046706_007,16,6.336223,6.8109407,0,1209,Pericyte_2
Sample_007_Region,102295-sample_1_lv_0046706_007,10,16.321903,8.905804,0,739,F2
Sample_007_Region,102296-sample_1_lv_0046706_007,31,10.265139,-2.0178668,0,205,Mono_mac
Sample_007_Region,102311-sample_1_lv_0046706_007,5,13.80638,4.3382072,0,370,Mono_mac
Sample_007_Region,102312-sample_1_lv_0046706_007,4,14.822651,7.4229,0,115,F1
Sample_007_Region,102313-sample_1_lv_0046706_007,1,11.8982525,10.173103,0,589,F1
Sample_007_Region,102314-sample_1_lv_0046706_007,8,12.459265,0.724621,0,615,F1
Sample_007_Region,102315-sample_1_lv_0046706_007,10,14.06046,9.821704,0,411,F1
Sample_007_Region,102316-sample_1_lv_0046706_007,2,11.265116,7.5834236,0,293,F1
Sample_007_Region,102317-sample_1_lv_0046706_007,0,-3.9733307,7.2852902,0,338,F2
Sample_007_Region,102318-sample_1_lv_0046706_007,16,5.353499,6.7253613,0,218,F1
Sample_007_Region,102319-sample_1_lv_0046706_007,0,-4.079339,8.573023,0,258,Mono_mac
Sample_007_Region,102321-sample_1_lv_0046706_007,0,-3.8163464,7.8901615,0,517,F1
Sample_007_Region,102322-sample_1_lv_0046706_007,20,17.213924,15.388421,0,734,F2
Sample_007_Region,102323-sample_1_lv_0046706_007,1,9.69458,8.019774,0,778,F1
Sample_007_Region,102324-sample_1_lv_0046706_007,0,-5.823958,7.5616407,0,113,F1
Sample_007_Region,102326-sample_1_lv_0046706_007,4,14.859208,6.751936,0,911,F2
Sample_007_Region,102327-sample_1_lv_0046706_007,4,14.547438,6.6007366,0,591,Mono_mac
Sample_007_Region,102328-sample_1_lv_0046706_007,0,-4.187388,8.650675,0,234,F1
Sample_007_Region,102329-sample_1_lv_0046706_007,1,11.75292,9.741946,0,141,Mono_mac
Sample_007_Region,102330-sample_1_lv_0046706_007,1,11.871296,9.812972,0,220,Mono_mac
Sample_007_Region,102331-sample_1_lv_0046706_007,29,3.0560663,2.472142,0,262,F1
Sample_007_Region,102332-sample_1_lv_0046706_007,1,11.590137,9.073628,0,1276,F1
Sample_007_Region,102333-sample_1_lv_0046706_007,1,9.821015,8.21902,0,156,Mono_mac
Sample_007_Region,102334-sample_1_lv_0046706_007,15,4.8494005,2.0988274,0,591,F2
Sample_007_Region,102335-sample_1_lv_0046706_007,2,11.5729,7.7115273,0,1274,Pericyte_1
Sample_007_Region,102336-sample_1_lv_0046706_007,0,-6.339479,8.4286,0,465,F2
Sample_007_Region,102337-sample_1_lv_0046706_007,23,6.6611404,19.409506,0,695,Tc
Sample_007_Region,102338-sample_1_lv_0046706_007,0,-2.6312304,6.4941106,0,349,F2
Sample_007_Region,102339-sample_1_lv_0046706_007,20,16.89018,14.854252,0,835,VE2
Sample_007_Region,102340-sample_1_lv_0046706_007,9,9.605298,14.6566305,0,545,Pericyte_1
Sample_007_Region,102341-sample_1_lv_0046706_007,34,3.201312,17.940454,0,24,Differentiated_KC
Sample_007_Region,102342-sample_1_lv_0046706_007,16,7.423157,6.9326487,0,147,Th
Sample_007_Region,102343-sample_1_lv_0046706_007,1,8.750928,6.2234964,0,949,Mono_mac
Sample_007_Region,102344-sample_1_lv_0046706_007,11,11.3684845,9.819681,0,974,F1
Sample_007_Region,102345-sample_1_lv_0046706_007,12,13.297195,7.634924,0,63,F1
Sample_007_Region,102346-sample_1_lv_0046706_007,9,10.167441,13.6468725,0,849,Pericyte_2
Sample_007_Region,102347-sample_1_lv_0046706_007,24,5.9561057,-2.4394026,0,244,F3
Sample_007_Region,102348-sample_1_lv_0046706_007,9,10.682779,14.275028,0,1001,F2
Sample_007_Region,102349-sample_1_lv_0046706_007,12,13.30829,6.2775116,0,294,Macro_1
Sample_007_Region,102350-sample_1_lv_0046706_007,0,-3.1206172,5.7701035,0,53,F2
Sample_007_Region,102351-sample_1_lv_0046706_007,2,9.947609,6.723966,0,551,Mono_mac
Sample_007_Region,102352-sample_1_lv_0046706_007,4,15.367421,6.7818093,0,454,VE2
Sample_007_Region,102353-sample_1_lv_0046706_007,2,9.179844,7.6017427,0,217,Mono_mac
Sample_007_Region,102354-sample_1_lv_0046706_007,18,16.283413,2.9527583,0,1060,Mono_mac
Sample_007_Region,102355-sample_1_lv_0046706_007,3,10.932298,5.301455,0,875,Mono_mac
Sample_007_Region,102356-sample_1_lv_0046706_007,3,5.83695,5.5473013,0,199,Mono_mac
Sample_007_Region,102357-sample_1_lv_0046706_007,0,-4.103432,6.1332083,0,297,Pericyte_1
Sample_007_Region,102358-sample_1_lv_0046706_007,23,7.0281463,18.912128,0,854,F1
Sample_007_Region,102359-sample_1_lv_0046706_007,1,10.371949,8.615664,0,287,Mono_mac
Sample_007_Region,102360-sample_1_lv_0046706_007,18,16.427237,1.4174159,0,391,F2
Sample_007_Region,102361-sample_1_lv_0046706_007,0,-3.5659282,7.0919094,0,178,F2
Sample_007_Region,102362-sample_1_lv_0046706_007,11,12.584654,8.635246,0,1417,VE2
Sample_007_Region,102363-sample_1_lv_0046706_007,4,14.437817,8.990726,0,986,F2
Sample_007_Region,102364-sample_1_lv_0046706_007,4,14.883789,7.2298813,0,1270,F2
Sample_007_Region,102365-sample_1_lv_0046706_007,21,16.15154,17.21147,0,779,F3
Sample_007_Region,102366-sample_1_lv_0046706_007,18,14.924148,3.182959,0,216,VE3
Sample_007_Region,102367-sample_1_lv_0046706_007,5,12.320001,4.1934834,0,646,Mono_mac
Sample_007_Region,102368-sample_1_lv_0046706_007,0,-3.6068091,7.6867194,0,30,Tc
Sample_007_Region,102369-sample_1_lv_0046706_007,22,9.70315,19.68859,0,823,VE3
Sample_007_Region,102370-sample_1_lv_0046706_007,16,6.3857784,6.9148054,0,502,F2
Sample_007_Region,102371-sample_1_lv_0046706_007,11,12.370238,8.749949,0,926,VE2
Sample_007_Region,102372-sample_1_lv_0046706_007,5,12.523961,5.061707,0,1087,Mono_mac
Sample_007_Region,102373-sample_1_lv_0046706_007,23,6.4123073,19.280962,0,188,Mono_mac
Sample_007_Region,102374-sample_1_lv_0046706_007,19,20.039,13.826987,0,899,Mono_mac
Sample_007_Region,102375-sample_1_lv_0046706_007,0,-4.517355,5.4274707,0,223,F1
Sample_007_Region,102376-sample_1_lv_0046706_007,22,9.792156,19.379782,0,982,VE3
Sample_007_Region,102377-sample_1_lv_0046706_007,13,8.975289,11.5246935,0,827,F2
Sample_007_Region,102378-sample_1_lv_0046706_007,5,10.154269,4.809934,0,1241,Mono_mac
Sample_007_Region,102379-sample_1_lv_0046706_007,9,9.914608,13.906038,0,288,Pericyte_2
Sample_007_Region,102380-sample_1_lv_0046706_007,22,9.64117,19.32791,0,674,Pericyte_2
Sample_007_Region,102381-sample_1_lv_0046706_007,5,12.749835,3.3814557,0,332,Mono_mac
Sample_007_Region,102382-sample_1_lv_0046706_007,0,-2.8720253,7.3422966,0,281,Pericyte_1
Sample_007_Region,102383-sample_1_lv_0046706_007,5,8.383481,2.5062985,0,438,VE2
Sample_007_Region,102384-sample_1_lv_0046706_007,3,6.0088625,5.720681,0,33,DC2
Sample_007_Region,102385-sample_1_lv_0046706_007,26,6.9631286,-5.6427517,0,582,Pericyte_1
Sample_007_Region,102386-sample_1_lv_0046706_007,1,8.882543,8.873926,0,36,F2
Sample_007_Region,102387-sample_1_lv_0046706_007,5,12.434295,5.548945,0,930,VE2
Sample_007_Region,102388-sample_1_lv_0046706_007,5,12.04912,5.5288367,0,254,ILC1_3
Sample_007_Region,102389-sample_1_lv_0046706_007,27,1.3962498,4.819275,0,211,F3
Sample_007_Region,102390-sample_1_lv_0046706_007,4,14.95848,8.789594,0,302,Pericyte_2
Sample_007_Region,102391-sample_1_lv_0046706_007,0,-3.4271371,6.9957523,0,163,Pericyte_1
Sample_007_Region,102392-sample_1_lv_0046706_007,14,11.962425,4.7098055,0,228,Pericyte_1
Sample_007_Region,102393-sample_1_lv_0046706_007,16,5.430267,7.478224,0,147,Macro_1
Sample_007_Region,102394-sample_1_lv_0046706_007,5,12.164704,5.4921756,0,379,F3
Sample_007_Region,102395-sample_1_lv_0046706_007,2,10.890635,6.9624214,0,123,F1
Sample_007_Region,102396-sample_1_lv_0046706_007,10,13.826223,10.333461,0,331,F1
Sample_007_Region,102397-sample_1_lv_0046706_007,3,7.664052,5.4663706,0,88,F3
Sample_007_Region,102398-sample_1_lv_0046706_007,2,10.245709,7.2931056,0,99,Mono_mac
Sample_007_Region,102399-sample_1_lv_0046706_007,33,1.8522528,21.11673,0,700,F1
Sample_007_Region,102400-sample_1_lv_0046706_007,2,9.616543,6.5954623,0,124,Tc
Sample_007_Region,102401-sample_1_lv_0046706_007,29,6.6103573,3.9865177,0,105,F1
Sample_007_Region,102402-sample_1_lv_0046706_007,3,5.7024093,4.2228227,0,199,F1
Sample_007_Region,102403-sample_1_lv_0046706_007,3,6.9559565,3.6881087,0,144,Macro_1
Sample_007_Region,102404-sample_1_lv_0046706_007,2,11.98049,7.3671527,0,566,Macro_1
Sample_007_Region,102405-sample_1_lv_0046706_007,3,8.66799,5.1465597,0,69,F3
Sample_007_Region,102406-sample_1_lv_0046706_007,30,19.515894,3.4846368,0,82,F1
Sample_007_Region,102407-sample_1_lv_0046706_007,0,-2.954258,6.1444316,0,943,F3
Sample_007_Region,102411-sample_1_lv_0046706_007,13,9.36231,11.536723,0,551,F1
Sample_007_Region,102412-sample_1_lv_0046706_007,18,16.298271,2.9829962,0,556,Tc
Sample_007_Region,102422-sample_1_lv_0046706_007,1,12.529067,9.485268,0,253,F1
Sample_007_Region,102425-sample_1_lv_0046706_007,1,7.4897494,7.6258035,0,50,F1
Sample_007_Region,102426-sample_1_lv_0046706_007,0,-2.6421957,6.8458023,0,46,F3
Sample_007_Region,102427-sample_1_lv_0046706_007,3,6.508459,5.5463057,0,279,Mono_mac
Sample_007_Region,102428-sample_1_lv_0046706_007,3,8.34147,5.01622,0,72,Th
Sample_007_Region,102429-sample_1_lv_0046706_007,2,9.940584,6.493691,0,244,Macro_1
Sample_007_Region,102430-sample_1_lv_0046706_007,15,5.5578413,3.5163584,0,62,F1
Sample_007_Region,102433-sample_1_lv_0046706_007,27,1.4541548,0.5403038,0,66,Mono_mac
Sample_007_Region,102436-sample_1_lv_0046706_007,8,13.017529,0.60413134,0,172,F1
Sample_007_Region,102437-sample_1_lv_0046706_007,2,12.043223,7.242501,0,616,F1
Sample_007_Region,102438-sample_1_lv_0046706_007,3,6.3615394,4.9557695,0,123,Mono_mac
Sample_007_Region,102439-sample_1_lv_0046706_007,5,13.886716,4.3259897,0,769,VE3
Sample_007_Region,102440-sample_1_lv_0046706_007,28,11.618825,-7.206042,0,163,F1
Sample_007_Region,102441-sample_1_lv_0046706_007,18,14.861361,3.1629639,0,479,Mono_mac
Sample_007_Region,102442-sample_1_lv_0046706_007,18,16.42766,2.9794035,0,421,Tc
Sample_007_Region,102443-sample_1_lv_0046706_007,3,7.2439427,4.9054976,0,146,F1
Sample_007_Region,102444-sample_1_lv_0046706_007,1,12.03688,11.034118,0,120,Mono_mac
Sample_007_Region,102445-sample_1_lv_0046706_007,19,19.751883,13.814133,0,785,Pericyte_1
Sample_007_Region,102446-sample_1_lv_0046706_007,1,7.257275,11.000805,0,54,Th
Sample_007_Region,102447-sample_1_lv_0046706_007,8,12.930949,0.2138402,0,458,Pericyte_1
Sample_007_Region,102448-sample_1_lv_0046706_007,4,14.112508,7.533514,0,277,F1
Sample_007_Region,102449-sample_1_lv_0046706_007,12,13.219182,6.2350845,0,89,Tc
Sample_007_Region,102450-sample_1_lv_0046706_007,18,15.008121,3.1174953,0,165,Pericyte_2
Sample_007_Region,102451-sample_1_lv_0046706_007,6,12.120979,13.276182,0,817,F1
Sample_007_Region,102452-sample_1_lv_0046706_007,2,12.464114,7.1615696,0,86,Tc
Sample_007_Region,102453-sample_1_lv_0046706_007,0,-3.091973,6.824633,0,58,Mono_mac
Sample_007_Region,102454-sample_1_lv_0046706_007,28,8.268292,-7.754403,0,34,Mono_mac
Sample_007_Region,102455-sample_1_lv_0046706_007,1,10.288525,8.389673,0,76,DC2
Sample_007_Region,102456-sample_1_lv_0046706_007,1,12.289242,10.54332,0,191,Tc
Sample_007_Region,102457-sample_1_lv_0046706_007,1,9.7825775,8.291103,0,75,F3
Sample_007_Region,102458-sample_1_lv_0046706_007,32,1.608078,11.397743,0,170,F3
Sample_007_Region,102459-sample_1_lv_0046706_007,1,11.782642,9.519721,0,243,Mono_mac
Sample_007_Region,102460-sample_1_lv_0046706_007,1,9.814693,8.290141,0,622,F1
Sample_007_Region,102461-sample_1_lv_0046706_007,1,9.402847,8.444969,0,273,Mono_mac
Sample_007_Region,102462-sample_1_lv_0046706_007,1,9.26882,9.22512,0,107,F3
Sample_007_Region,102463-sample_1_lv_0046706_007,8,12.81329,0.7327521,0,549,DC2
Sample_007_Region,102464-sample_1_lv_0046706_007,0,-6.2956676,6.59723,0,353,F1
Sample_007_Region,102465-sample_1_lv_0046706_007,4,14.672549,8.039345,0,291,F1
Sample_007_Region,102466-sample_1_lv_0046706_007,12,12.936156,7.055886,0,173,Mono_mac
Sample_007_Region,102467-sample_1_lv_0046706_007,8,12.010465,0.057681374,0,271,F2
Sample_007_Region,102468-sample_1_lv_0046706_007,0,-5.070554,7.053534,0,445,F2
Sample_007_Region,102469-sample_1_lv_0046706_007,9,9.812804,14.705824,0,313,Schwann_1
Sample_007_Region,102470-sample_1_lv_0046706_007,8,12.693733,1.6161314,0,172,F1
Sample_007_Region,102471-sample_1_lv_0046706_007,1,8.160653,8.770604,0,475,F2
Sample_007_Region,102472-sample_1_lv_0046706_007,23,6.8932495,18.54747,0,716,F3
Sample_007_Region,102473-sample_1_lv_0046706_007,6,12.294444,15.245338,0,74,F2
Sample_007_Region,102474-sample_1_lv_0046706_007,1,7.6310143,10.367993,0,67,F1
Sample_007_Region,102475-sample_1_lv_0046706_007,10,14.814747,10.525353,0,162,Macro_1
Sample_007_Region,102476-sample_1_lv_0046706_007,18,16.761139,1.4486479,0,252,Mono_mac
Sample_007_Region,102477-sample_1_lv_0046706_007,12,13.411473,6.4854183,0,317,VE2
Sample_007_Region,102478-sample_1_lv_0046706_007,3,10.141239,5.8108425,0,215,Mono_mac
Sample_007_Region,102479-sample_1_lv_0046706_007,23,7.5554705,18.815943,0,811,Mono_mac
Sample_007_Region,102480-sample_1_lv_0046706_007,9,9.883897,14.826033,0,1323,Mono_mac
Sample_007_Region,102481-sample_1_lv_0046706_007,0,-5.9910727,8.154824,0,354,F2
Sample_007_Region,102482-sample_1_lv_0046706_007,11,12.601613,8.474938,0,804,VE2
Sample_007_Region,102483-sample_1_lv_0046706_007,3,7.9766645,4.1926756,0,445,F1
Sample_007_Region,102484-sample_1_lv_0046706_007,5,12.913032,3.4836395,0,672,Mono_mac
Sample_007_Region,102485-sample_1_lv_0046706_007,1,8.742991,9.488446,0,151,F2
Sample_007_Region,102486-sample_1_lv_0046706_007,11,10.368291,9.961567,0,242,F2
Sample_007_Region,102487-sample_1_lv_0046706_007,11,11.082792,9.794653,0,406,F1
Sample_007_Region,102488-sample_1_lv_0046706_007,0,-4.725786,6.028799,0,164,F1
Sample_007_Region,102489-sample_1_lv_0046706_007,23,7.123528,18.760588,0,708,Mono_mac
Sample_007_Region,102490-sample_1_lv_0046706_007,5,9.281466,3.2218783,0,472,Mono_mac
Sample_007_Region,102491-sample_1_lv_0046706_007,8,13.276531,2.079747,0,229,Mono_mac
Sample_007_Region,102492-sample_1_lv_0046706_007,8,13.1321335,1.576054,0,714,Mono_mac
Sample_007_Region,102493-sample_1_lv_0046706_007,1,11.523388,9.506573,0,145,DC2
Sample_007_Region,102494-sample_1_lv_0046706_007,20,16.678371,14.891869,0,351,Mono_mac
Sample_007_Region,102495-sample_1_lv_0046706_007,22,10.06764,18.658878,0,232,Mono_mac
Sample_007_Region,102496-sample_1_lv_0046706_007,18,16.369902,3.1095634,0,243,Pericyte_2
Sample_007_Region,102497-sample_1_lv_0046706_007,1,12.55744,10.266649,0,631,F3
Sample_007_Region,102498-sample_1_lv_0046706_007,1,9.655959,8.358696,0,181,F1
Sample_007_Region,102499-sample_1_lv_0046706_007,3,10.565251,6.313897,0,196,Mono_mac
Sample_007_Region,102500-sample_1_lv_0046706_007,9,9.888508,14.537051,0,692,F2
Sample_007_Region,102501-sample_1_lv_0046706_007,0,-5.5398192,8.851427,0,356,F1
Sample_007_Region,102502-sample_1_lv_0046706_007,30,17.209597,-0.39137134,0,196,F1
Sample_007_Region,102503-sample_1_lv_0046706_007,2,9.767198,7.6078296,0,78,F3
Sample_007_Region,102504-sample_1_lv_0046706_007,2,10.188896,7.5645313,0,163,F2
Sample_007_Region,102505-sample_1_lv_0046706_007,24,9.569666,0.09990258,0,428,F1
Sample_007_Region,102506-sample_1_lv_0046706_007,4,16.223503,6.763267,0,54,F3
Sample_007_Region,102507-sample_1_lv_0046706_007,2,9.646106,7.4060783,0,153,moDC
Sample_007_Region,102508-sample_1_lv_0046706_007,23,6.282826,18.514503,0,177,F3
Sample_007_Region,102509-sample_1_lv_0046706_007,0,-4.094768,7.292754,0,55,Mono_mac
Sample_007_Region,102510-sample_1_lv_0046706_007,0,-3.7672992,8.708848,0,97,F1
Sample_007_Region,102511-sample_1_lv_0046706_007,0,-6.1598353,7.614055,0,163,F3
Sample_007_Region,102512-sample_1_lv_0046706_007,3,8.013014,4.094563,0,101,DC2
Sample_007_Region,102513-sample_1_lv_0046706_007,3,5.287178,4.6594615,0,151,Mono_mac
Sample_007_Region,102514-sample_1_lv_0046706_007,0,-2.5312247,6.595568,0,75,F1
Sample_007_Region,102515-sample_1_lv_0046706_007,30,20.346348,4.2430944,0,42,F2
Sample_007_Region,102516-sample_1_lv_0046706_007,35,10.73766,16.602032,0,23,F1
Sample_007_Region,102517-sample_1_lv_0046706_007,8,13.301841,1.8063581,0,126,Th
Sample_007_Region,102518-sample_1_lv_0046706_007,26,7.26836,-4.105367,0,260,F1
Sample_007_Region,102519-sample_1_lv_0046706_007,1,8.504584,7.5683613,0,106,Tc
Sample_007_Region,102520-sample_1_lv_0046706_007,2,11.883747,6.9776244,0,87,Mono_mac
Sample_007_Region,102521-sample_1_lv_0046706_007,2,9.674867,7.1142488,0,191,F3
Sample_007_Region,102526-sample_1_lv_0046706_007,17,2.7178612,13.574628,0,97,F1
Sample_007_Region,102527-sample_1_lv_0046706_007,3,8.370243,6.1839175,0,77,F1
Sample_007_Region,102528-sample_1_lv_0046706_007,2,10.121663,5.987768,0,26,Tc
Sample_007_Region,102529-sample_1_lv_0046706_007,1,8.975337,7.0955963,0,236,Mono_mac
Sample_007_Region,102530-sample_1_lv_0046706_007,0,-5.0055337,9.117503,0,126,F2
Sample_007_Region,102531-sample_1_lv_0046706_007,16,5.979444,7.5183754,0,55,ILC1_3
Sample_007_Region,102532-sample_1_lv_0046706_007,2,9.479815,6.7708287,0,231,F3
Sample_007_Region,102533-sample_1_lv_0046706_007,3,9.122519,4.3955097,0,8,VE2
Sample_007_Region,102534-sample_1_lv_0046706_007,8,11.682352,1.8748327,0,188,F3
Sample_007_Region,102535-sample_1_lv_0046706_007,1,8.504617,7.8254137,0,27,Pericyte_1
Sample_007_Region,102536-sample_1_lv_0046706_007,11,10.722953,9.053527,0,86,F2
Sample_007_Region,102537-sample_1_lv_0046706_007,34,3.3242965,18.034641,0,19,F2
Sample_007_Region,102538-sample_1_lv_0046706_007,16,6.4283357,5.8961167,0,183,F3
Sample_007_Region,102539-sample_1_lv_0046706_007,1,10.260306,8.937619,0,35,Mono_mac
Sample_007_Region,102540-sample_1_lv_0046706_007,3,7.3632345,4.8207283,0,64,moDC
Sample_007_Region,102541-sample_1_lv_0046706_007,11,11.700415,9.765875,0,306,F3
Sample_007_Region,102542-sample_1_lv_0046706_007,0,-4.2970686,8.560587,0,36,Pericyte_1
Sample_007_Region,102543-sample_1_lv_0046706_007,36,-6.9955387,6.1791515,0,6,F1
Sample_007_Region,102544-sample_1_lv_0046706_007,0,-5.1809225,7.4787707,0,27,F1
Sample_007_Region,102545-sample_1_lv_0046706_007,3,7.600357,5.73464,0,61,VE2
Sample_007_Region,102546-sample_1_lv_0046706_007,17,3.237422,14.004461,0,72,Mono_mac
Sample_007_Region,102547-sample_1_lv_0046706_007,15,6.443732,1.3199204,0,21,Th
Sample_007_Region,102548-sample_1_lv_0046706_007,28,10.730706,-6.756821,0,66,Mono_mac
Sample_007_Region,102549-sample_1_lv_0046706_007,3,8.040248,5.951932,0,221,F2
Sample_007_Region,102550-sample_1_lv_0046706_007,0,-3.8088636,8.193966,0,22,Mono_mac
Sample_007_Region,102551-sample_1_lv_0046706_007,2,11.527725,6.686031,0,55,F3
Sample_007_Region,102552-sample_1_lv_0046706_007,0,-5.2596736,9.446816,0,129,F1
Sample_007_Region,102553-sample_1_lv_0046706_007,0,-5.6489654,7.4760466,0,13,Undifferentiated_KC
Sample_007_Region,102554-sample_1_lv_0046706_007,3,9.441849,5.71456,0,86,Mono_mac
Sample_007_Region,102555-sample_1_lv_0046706_007,3,5.1961765,4.8261504,0,179,Mono_mac
Sample_007_Region,102556-sample_1_lv_0046706_007,0,-5.440914,6.266693,0,11,Differentiated_KC
Sample_007_Region,102557-sample_1_lv_0046706_007,0,-3.9055624,5.9598794,0,41,Mono_mac
Sample_007_Region,102558-sample_1_lv_0046706_007,0,-3.3177824,6.6487575,0,20,Undifferentiated_KC
Sample_007_Region,102559-sample_1_lv_0046706_007,27,-0.22927293,0.28811532,0,74,F3
Sample_007_Region,102560-sample_1_lv_0046706_007,1,7.3387394,8.118473,0,47,F1
Sample_007_Region,102561-sample_1_lv_0046706_007,20,16.375856,14.7692,0,191,Mono_mac
Sample_007_Region,102562-sample_1_lv_0046706_007,1,7.701144,7.5421405,0,61,Mono_mac
Sample_007_Region,102563-sample_1_lv_0046706_007,0,-5.7116404,6.202072,0,36,F1
Sample_007_Region,102564-sample_1_lv_0046706_007,4,14.203071,6.8240647,0,272,Undifferentiated_KC
Sample_007_Region,102565-sample_1_lv_0046706_007,22,11.104929,19.294073,0,538,F1
Sample_007_Region,102566-sample_1_lv_0046706_007,12,2.6979325,6.2602625,0,17,F1
Sample_007_Region,102567-sample_1_lv_0046706_007,9,10.292475,14.463896,0,824,F2
Sample_007_Region,102568-sample_1_lv_0046706_007,0,-4.7285285,6.403843,0,25,Mono_mac
Sample_007_Region,102569-sample_1_lv_0046706_007,0,-5.7715273,6.848794,0,8,F1
Sample_007_Region,102570-sample_1_lv_0046706_007,27,1.5476178,0.845783,0,45,Mono_mac
Sample_007_Region,102571-sample_1_lv_0046706_007,12,13.064146,7.881812,0,108,Mono_mac
Sample_007_Region,102572-sample_1_lv_0046706_007,0,-3.8523588,6.5307307,0,50,F2
Sample_007_Region,102573-sample_1_lv_0046706_007,0,-4.5720882,6.751321,0,67,F2
Sample_007_Region,102574-sample_1_lv_0046706_007,2,12.397395,6.8934336,0,74,F1
Sample_007_Region,102575-sample_1_lv_0046706_007,7,12.378711,8.237718,0,726,F2
Sample_007_Region,102576-sample_1_lv_0046706_007,8,13.340739,0.4559827,0,178,F2
Sample_007_Region,102577-sample_1_lv_0046706_007,0,-5.4554167,4.8274274,0,21,Mono_mac
Sample_007_Region,102578-sample_1_lv_0046706_007,33,0.8887792,20.995731,0,22,F3
Sample_007_Region,102579-sample_1_lv_0046706_007,17,3.5260055,11.10172,0,83,Undifferentiated_KC
Sample_007_Region,102580-sample_1_lv_0046706_007,0,-3.7830245,9.676968,0,10,Mono_mac
Sample_007_Region,102581-sample_1_lv_0046706_007,2,9.536626,7.5300374,0,60,Tc
Sample_007_Region,102582-sample_1_lv_0046706_007,17,2.5397224,9.8015785,0,24,F1
Sample_007_Region,102584-sample_1_lv_0046706_007,0,-6.1344676,7.7820797,0,2,Macro_1
Sample_007_Region,102585-sample_1_lv_0046706_007,0,-4.835265,6.1090584,0,79,VE2
Sample_007_Region,102586-sample_1_lv_0046706_007,19,19.828972,13.685681,0,142,Macro_1
Sample_007_Region,102587-sample_1_lv_0046706_007,1,8.595998,7.814732,0,159,Mono_mac
Sample_007_Region,102588-sample_1_lv_0046706_007,19,19.881765,11.380324,0,31,Mono_mac
Sample_007_Region,102589-sample_1_lv_0046706_007,25,9.8355465,21.990953,0,120,F1
Sample_007_Region,102590-sample_1_lv_0046706_007,14,12.210749,4.142427,0,109,Mono_mac
Sample_007_Region,102591-sample_1_lv_0046706_007,1,12.464079,11.342833,0,60,Mono_mac
Sample_007_Region,102592-sample_1_lv_0046706_007,13,8.553368,12.304192,0,78,Mono_mac
Sample_007_Region,102593-sample_1_lv_0046706_007,20,16.630146,14.692919,0,14,Mono_mac
Sample_007_Region,102594-sample_1_lv_0046706_007,4,14.453025,8.685602,0,111,F1
Sample_007_Region,102595-sample_1_lv_0046706_007,3,9.600736,5.737022,0,62,Mono_mac
Sample_007_Region,102596-sample_1_lv_0046706_007,0,-5.9194593,7.4259634,0,34,Mono_mac
Sample_007_Region,102597-sample_1_lv_0046706_007,17,3.7834585,14.190376,0,61,Pericyte_1
Sample_007_Region,102598-sample_1_lv_0046706_007,1,7.1893425,11.13386,0,33,F1
Sample_007_Region,102599-sample_1_lv_0046706_007,0,-4.978552,5.7949233,0,25,Undifferentiated_KC
Sample_007_Region,102600-sample_1_lv_0046706_007,1,7.0802903,11.213877,0,33,F1
Sample_007_Region,102601-sample_1_lv_0046706_007,15,4.7975435,11.629793,0,45,Macro_1
Sample_007_Region,102602-sample_1_lv_0046706_007,19,20.13297,13.915649,0,107,Undifferentiated_KC
Sample_007_Region,102603-sample_1_lv_0046706_007,0,-4.2407703,6.4555798,0,20,F1
Sample_007_Region,102604-sample_1_lv_0046706_007,17,3.8446069,13.349705,0,41,F1
Sample_007_Region,102605-sample_1_lv_0046706_007,35,3.9750338,2.1853745,0,43,Mono_mac
Sample_007_Region,102606-sample_1_lv_0046706_007,15,5.724451,2.7219656,0,89,F1
Sample_007_Region,102607-sample_1_lv_0046706_007,4,15.146441,8.996855,0,252,F1
Sample_007_Region,102608-sample_1_lv_0046706_007,2,11.68659,7.76913,0,43,F1
Sample_007_Region,102609-sample_1_lv_0046706_007,1,10.055389,8.494595,0,146,Th
Sample_007_Region,102610-sample_1_lv_0046706_007,12,13.477636,6.4031706,0,94,F1
Sample_007_Region,102611-sample_1_lv_0046706_007,0,-4.7789655,7.9279804,0,136,Pericyte_1
Sample_007_Region,102612-sample_1_lv_0046706_007,0,-4.2747297,5.418418,0,26,Th
Sample_007_Region,102613-sample_1_lv_0046706_007,18,15.87255,2.1788268,0,253,F1
Sample_007_Region,102614-sample_1_lv_0046706_007,1,11.767439,9.597887,0,410,F1
Sample_007_Region,102615-sample_1_lv_0046706_007,1,7.954999,7.9828563,0,293,F1
Sample_007_Region,102616-sample_1_lv_0046706_007,8,12.470074,0.85448205,0,237,F1
Sample_007_Region,102617-sample_1_lv_0046706_007,30,20.759586,5.4508343,0,38,F1
Sample_007_Region,102618-sample_1_lv_0046706_007,0,-5.169894,5.4758325,0,214,F1
Sample_007_Region,102619-sample_1_lv_0046706_007,1,10.436422,8.301575,0,205,Mono_mac
Sample_007_Region,102620-sample_1_lv_0046706_007,12,13.405264,6.6731915,0,143,F1
Sample_007_Region,102621-sample_1_lv_0046706_007,29,3.9546998,3.688384,0,65,F1
Sample_007_Region,102622-sample_1_lv_0046706_007,4,15.288658,6.654144,0,206,F1
Sample_007_Region,102623-sample_1_lv_0046706_007,11,13.6747875,8.606854,0,1106,F3
Sample_007_Region,102624-sample_1_lv_0046706_007,10,13.747268,9.879084,0,677,Mono_mac
Sample_007_Region,102625-sample_1_lv_0046706_007,5,7.8379292,3.8340325,0,98,Mono_mac
Sample_007_Region,102626-sample_1_lv_0046706_007,9,10.03887,13.528321,0,602,Mono_mac
Sample_007_Region,102627-sample_1_lv_0046706_007,15,6.875002,2.4905825,0,264,F1
Sample_007_Region,102628-sample_1_lv_0046706_007,0,-5.23972,5.9693556,0,145,F1
Sample_007_Region,102629-sample_1_lv_0046706_007,8,12.076199,1.3041533,0,292,Mono_mac
Sample_007_Region,102630-sample_1_lv_0046706_007,0,-3.649208,7.07709,0,118,Mono_mac
Sample_007_Region,102631-sample_1_lv_0046706_007,0,-5.694692,8.772391,0,78,Mono_mac
Sample_007_Region,102632-sample_1_lv_0046706_007,11,10.7886095,9.256908,0,663,Mono_mac
Sample_007_Region,102633-sample_1_lv_0046706_007,1,10.370207,8.655784,0,633,F1
Sample_007_Region,102634-sample_1_lv_0046706_007,1,12.351141,9.771766,0,365,Mono_mac
Sample_007_Region,102635-sample_1_lv_0046706_007,1,11.902409,10.460184,0,487,Mono_mac
Sample_007_Region,102636-sample_1_lv_0046706_007,25,9.408393,22.214537,0,655,F1
Sample_007_Region,102637-sample_1_lv_0046706_007,17,3.8466463,13.164075,0,70,F1
Sample_007_Region,102638-sample_1_lv_0046706_007,25,9.261219,21.893963,0,176,F2
Sample_007_Region,102639-sample_1_lv_0046706_007,13,8.446598,12.32996,0,333,F2
Sample_007_Region,102640-sample_1_lv_0046706_007,8,12.339946,0.8452562,0,201,F2
Sample_007_Region,102641-sample_1_lv_0046706_007,5,13.623397,4.4163294,0,114,F1
Sample_007_Region,102642-sample_1_lv_0046706_007,15,5.7854314,2.1696885,0,364,F1
Sample_007_Region,102643-sample_1_lv_0046706_007,28,9.386107,-6.6741114,0,39,Mono_mac
Sample_007_Region,102644-sample_1_lv_0046706_007,8,12.686825,0.033901215,0,258,Th
Sample_007_Region,102645-sample_1_lv_0046706_007,0,-3.669887,9.679875,0,183,Mono_mac
Sample_007_Region,102646-sample_1_lv_0046706_007,22,11.196625,19.05934,0,403,Mono_mac
Sample_007_Region,102647-sample_1_lv_0046706_007,27,1.392476,0.40716726,0,49,F1
Sample_007_Region,102648-sample_1_lv_0046706_007,27,-0.2493868,0.33728004,0,99,F1
Sample_007_Region,102649-sample_1_lv_0046706_007,13,9.226284,11.881997,0,622,F1
Sample_007_Region,102650-sample_1_lv_0046706_007,3,7.319567,4.351301,0,223,Th
Sample_007_Region,102651-sample_1_lv_0046706_007,3,9.46538,5.6319876,0,741,F2
Sample_007_Region,102652-sample_1_lv_0046706_007,30,20.292933,4.0662494,0,39,F1
Sample_007_Region,102653-sample_1_lv_0046706_007,15,6.968487,2.4007132,0,38,Tc
Sample_007_Region,102654-sample_1_lv_0046706_007,8,12.256815,0.6768198,0,322,F2
Sample_007_Region,102655-sample_1_lv_0046706_007,9,9.439063,13.463138,0,379,F1
Sample_007_Region,102656-sample_1_lv_0046706_007,0,-4.413193,7.495559,0,211,F2
Sample_007_Region,102657-sample_1_lv_0046706_007,4,14.615789,7.0622315,0,469,F3
Sample_007_Region,102658-sample_1_lv_0046706_007,0,-4.7788663,5.7778296,0,155,F1
Sample_007_Region,102659-sample_1_lv_0046706_007,20,16.391245,14.577999,0,491,Mono_mac
Sample_007_Region,102660-sample_1_lv_0046706_007,16,6.823656,7.330375,0,334,F1
Sample_007_Region,102661-sample_1_lv_0046706_007,15,8.086654,0.42340478,0,890,F1
Sample_007_Region,102662-sample_1_lv_0046706_007,15,5.936114,2.7045481,0,194,F1
Sample_007_Region,102663-sample_1_lv_0046706_007,2,11.473357,6.7086153,0,119,F1
Sample_007_Region,102664-sample_1_lv_0046706_007,0,-5.4879413,6.623411,0,217,Mono_mac
Sample_007_Region,102665-sample_1_lv_0046706_007,0,-2.8980052,8.615375,0,51,Th
Sample_007_Region,102666-sample_1_lv_0046706_007,0,-2.617633,6.8335133,0,35,Pericyte_1
Sample_007_Region,102667-sample_1_lv_0046706_007,0,-3.0989144,7.051911,0,139,F1
Sample_007_Region,102668-sample_1_lv_0046706_007,12,13.4243355,6.531554,0,238,F1
Sample_007_Region,102669-sample_1_lv_0046706_007,2,11.897259,7.3659825,0,205,F1
Sample_007_Region,102670-sample_1_lv_0046706_007,23,6.4789157,19.19928,0,179,F1
Sample_007_Region,102671-sample_1_lv_0046706_007,0,-3.4162388,7.021094,0,39,Mono_mac
Sample_007_Region,102672-sample_1_lv_0046706_007,3,5.3862886,4.9366894,0,267,F1
Sample_007_Region,102673-sample_1_lv_0046706_007,0,-5.731806,7.4943066,0,303,Mono_mac
Sample_007_Region,102674-sample_1_lv_0046706_007,11,11.191639,9.637307,0,163,F1
Sample_007_Region,102675-sample_1_lv_0046706_007,0,-4.8348103,6.197845,0,204,F1
Sample_007_Region,102676-sample_1_lv_0046706_007,20,16.901918,14.796535,0,576,Pericyte_1
Sample_007_Region,102677-sample_1_lv_0046706_007,9,9.694357,13.800181,0,327,F1
Sample_007_Region,102678-sample_1_lv_0046706_007,20,17.219177,15.438595,0,761,F1
Sample_007_Region,102679-sample_1_lv_0046706_007,26,7.987645,-3.349208,0,108,Mono_mac
Sample_007_Region,102680-sample_1_lv_0046706_007,8,12.9242935,0.0712421,0,400,F1
Sample_007_Region,102681-sample_1_lv_0046706_007,0,-3.7040882,7.0523577,0,100,F1
Sample_007_Region,102682-sample_1_lv_0046706_007,0,-5.5118494,7.638638,0,362,F1
Sample_007_Region,102683-sample_1_lv_0046706_007,0,-4.142603,6.7763114,0,4,Differentiated_KC
Sample_007_Region,102684-sample_1_lv_0046706_007,5,13.583638,5.229489,0,72,LE2
Sample_007_Region,102685-sample_1_lv_0046706_007,0,-5.782796,5.586021,0,4,Differentiated_KC
Sample_007_Region,102686-sample_1_lv_0046706_007,0,-6.263364,8.875449,0,17,F2
Sample_007_Region,102687-sample_1_lv_0046706_007,26,9.423265,-5.3357096,0,54,F1
Sample_007_Region,102688-sample_1_lv_0046706_007,4,15.290908,6.4487486,0,154,F1
Sample_007_Region,102689-sample_1_lv_0046706_007,0,-3.9443185,9.079608,0,26,F1
Sample_007_Region,102690-sample_1_lv_0046706_007,0,-4.6178036,7.997998,0,10,F1
Sample_007_Region,102691-sample_1_lv_0046706_007,0,-3.5598717,7.6852236,0,69,F1
Sample_007_Region,102692-sample_1_lv_0046706_007,4,15.280913,6.9794354,0,426,F2
Sample_007_Region,102693-sample_1_lv_0046706_007,0,-6.1137867,8.797832,0,122,F1
Sample_007_Region,102694-sample_1_lv_0046706_007,0,-5.5438614,7.2182803,0,11,Treg
Sample_007_Region,102695-sample_1_lv_0046706_007,24,8.917846,-0.5982091,0,69,F1
Sample_007_Region,102696-sample_1_lv_0046706_007,20,16.179443,14.439476,0,28,Mono_mac
Sample_007_Region,102697-sample_1_lv_0046706_007,0,-3.7837243,6.518001,0,100,F1
Sample_007_Region,102698-sample_1_lv_0046706_007,17,2.2101958,9.085792,0,30,F2
Sample_007_Region,102699-sample_1_lv_0046706_007,0,-5.430178,7.9486494,0,177,Pericyte_2
Sample_007_Region,102700-sample_1_lv_0046706_007,0,-4.554151,6.097317,0,2,Macro_1
Sample_007_Region,102701-sample_1_lv_0046706_007,8,12.290904,0.1545972,0,410,F2
Sample_007_Region,102702-sample_1_lv_0046706_007,0,-4.8685217,5.7872515,0,33,LE2
Sample_007_Region,102703-sample_1_lv_0046706_007,0,-5.9215775,7.1460385,0,89,F1
Sample_007_Region,102704-sample_1_lv_0046706_007,20,16.27677,14.554308,0,57,F1
Sample_007_Region,102705-sample_1_lv_0046706_007,0,-3.7836843,9.090554,0,10,F1
Sample_007_Region,102706-sample_1_lv_0046706_007,0,-6.6112547,8.956074,0,8,Th
Sample_007_Region,102707-sample_1_lv_0046706_007,15,7.188074,2.8974047,0,94,Macro_1
Sample_007_Region,102708-sample_1_lv_0046706_007,28,10.0260935,-6.1894484,0,48,F1
Sample_007_Region,102709-sample_1_lv_0046706_007,0,-4.0390887,8.294062,0,25,Th
Sample_007_Region,102710-sample_1_lv_0046706_007,0,-2.5120506,6.680815,0,31,Mono_mac
Sample_007_Region,102711-sample_1_lv_0046706_007,33,0.8266273,20.9253,0,16,Th
Sample_007_Region,102712-sample_1_lv_0046706_007,24,12.592337,-3.7287784,0,49,F1
Sample_007_Region,102713-sample_1_lv_0046706_007,0,-5.782063,7.8179483,0,10,F1
Sample_007_Region,102714-sample_1_lv_0046706_007,5,9.149518,3.0136993,0,182,Pericyte_2
Sample_007_Region,102715-sample_1_lv_0046706_007,3,11.337189,5.288185,0,221,Mono_mac
Sample_007_Region,102716-sample_1_lv_0046706_007,3,5.987699,5.655858,0,87,ILC1_3
Sample_007_Region,102717-sample_1_lv_0046706_007,28,11.092942,-6.95485,0,68,F1
Sample_007_Region,102718-sample_1_lv_0046706_007,0,-4.556848,7.427221,0,27,Mono_mac
Sample_007_Region,102719-sample_1_lv_0046706_007,18,17.458748,1.6216916,0,104,ILC1_3
Sample_007_Region,102720-sample_1_lv_0046706_007,2,11.895958,8.250233,0,107,F1
Sample_007_Region,102721-sample_1_lv_0046706_007,0,-5.8385043,8.145114,0,62,F3
Sample_007_Region,102722-sample_1_lv_0046706_007,0,-5.4309125,6.4820046,0,47,Th
Sample_007_Region,102723-sample_1_lv_0046706_007,0,-4.066537,7.809181,0,15,F1
Sample_007_Region,102724-sample_1_lv_0046706_007,4,15.317986,6.530397,0,83,Mono_mac
Sample_007_Region,102725-sample_1_lv_0046706_007,8,13.7042885,-0.39109328,0,226,Pericyte_1
Sample_007_Region,102726-sample_1_lv_0046706_007,1,7.0890136,7.862202,0,32,F1
Sample_007_Region,102727-sample_1_lv_0046706_007,0,-4.123835,7.1935115,0,41,Th
Sample_007_Region,102728-sample_1_lv_0046706_007,1,9.1675625,8.280598,0,477,Macro_1
Sample_007_Region,102729-sample_1_lv_0046706_007,15,4.871111,11.072357,0,55,VE1
Sample_007_Region,102730-sample_1_lv_0046706_007,28,10.186049,-6.332276,0,59,F1
Sample_007_Region,102731-sample_1_lv_0046706_007,11,12.035227,9.250246,0,190,VE3
Sample_007_Region,102732-sample_1_lv_0046706_007,3,7.3813825,4.630149,0,36,ILC1_3
Sample_007_Region,102733-sample_1_lv_0046706_007,0,-3.3347156,8.424858,0,143,F2
Sample_007_Region,102734-sample_1_lv_0046706_007,2,11.073422,6.8698797,0,227,F1
Sample_007_Region,102735-sample_1_lv_0046706_007,0,-3.327612,7.806275,0,151,Macro_1
Sample_007_Region,102736-sample_1_lv_0046706_007,15,8.137537,0.46681443,0,418,F3
Sample_007_Region,102737-sample_1_lv_0046706_007,2,9.444807,7.486724,0,397,F2
Sample_007_Region,102738-sample_1_lv_0046706_007,1,8.39222,7.720889,0,259,Undifferentiated_KC
Sample_007_Region,102739-sample_1_lv_0046706_007,20,16.91704,14.713587,0,412,F1
Sample_007_Region,102740-sample_1_lv_0046706_007,5,9.985736,2.4134653,0,74,Mono_mac
Sample_007_Region,102741-sample_1_lv_0046706_007,15,4.851244,11.879125,0,28,F1
Sample_007_Region,102742-sample_1_lv_0046706_007,12,12.67884,7.918451,0,114,F1
Sample_007_Region,102743-sample_1_lv_0046706_007,3,9.665878,5.0924783,0,64,F3
Sample_007_Region,102744-sample_1_lv_0046706_007,30,16.039785,0.6143145,0,363,F3
Sample_007_Region,102745-sample_1_lv_0046706_007,28,9.613128,-6.3803506,0,35,Th
Sample_007_Region,102746-sample_1_lv_0046706_007,1,6.931213,7.916481,0,30,F1
Sample_007_Region,102747-sample_1_lv_0046706_007,17,2.1355457,8.928395,0,19,F3
Sample_007_Region,102748-sample_1_lv_0046706_007,28,9.937823,-6.045066,0,46,F1
Sample_007_Region,102749-sample_1_lv_0046706_007,18,18.156494,1.9330759,0,60,Th
Sample_007_Region,102750-sample_1_lv_0046706_007,0,-5.5075927,6.512209,0,5,VE1
Sample_007_Region,102751-sample_1_lv_0046706_007,0,-4.897357,6.185759,0,28,Pericyte_1
Sample_007_Region,102752-sample_1_lv_0046706_007,0,-4.333028,5.638095,0,37,Macro_1
Sample_007_Region,102753-sample_1_lv_0046706_007,0,-6.2605095,7.2021194,0,29,Macro_1
Sample_007_Region,102754-sample_1_lv_0046706_007,0,-6.4292374,8.607991,0,263,F1
Sample_007_Region,102755-sample_1_lv_0046706_007,0,-3.4769735,8.446547,0,24,Pericyte_1
Sample_007_Region,102756-sample_1_lv_0046706_007,11,12.19947,8.876827,0,1112,VE2
Sample_007_Region,102757-sample_1_lv_0046706_007,9,9.079964,13.970589,0,335,F2
Sample_007_Region,102758-sample_1_lv_0046706_007,11,11.8665,9.235632,0,310,Mono_mac
Sample_007_Region,102759-sample_1_lv_0046706_007,0,-2.8571591,5.6249323,0,101,F1
Sample_007_Region,102760-sample_1_lv_0046706_007,0,-2.734841,8.821686,0,163,Macro_1
Sample_007_Region,102761-sample_1_lv_0046706_007,3,7.4201684,4.0270576,0,99,VE1
Sample_007_Region,102762-sample_1_lv_0046706_007,0,-2.9294372,6.4540057,0,71,F2
Sample_007_Region,102763-sample_1_lv_0046706_007,3,5.6373205,5.6304326,0,218,DC2
Sample_007_Region,102764-sample_1_lv_0046706_007,28,11.533172,-7.145263,0,86,Mono_mac
Sample_007_Region,102765-sample_1_lv_0046706_007,25,9.312975,22.263277,0,331,F3
Sample_007_Region,102766-sample_1_lv_0046706_007,15,5.52856,3.7628858,0,68,F2
Sample_007_Region,102767-sample_1_lv_0046706_007,2,11.966364,7.091427,0,175,F1
Sample_007_Region,102768-sample_1_lv_0046706_007,33,0.9893268,21.035803,0,122,F3
Sample_007_Region,102769-sample_1_lv_0046706_007,2,11.27209,6.885087,0,154,F1
Sample_007_Region,102770-sample_1_lv_0046706_007,0,-3.8855863,7.9426675,0,43,Macro_1
Sample_007_Region,102771-sample_1_lv_0046706_007,8,13.8967705,1.1637963,0,658,F2
Sample_007_Region,102772-sample_1_lv_0046706_007,2,12.212509,7.302102,0,122,Macro_1
Sample_007_Region,102773-sample_1_lv_0046706_007,9,9.759407,14.082631,0,104,F2
Sample_007_Region,102774-sample_1_lv_0046706_007,5,12.192976,5.2761273,0,421,ILC1_3
Sample_007_Region,102775-sample_1_lv_0046706_007,0,-3.7807143,7.725595,0,297,F3
Sample_007_Region,102776-sample_1_lv_0046706_007,23,6.9590397,19.566662,0,388,moDC
Sample_007_Region,102777-sample_1_lv_0046706_007,3,5.7333336,5.5915074,0,542,Mono_mac
Sample_007_Region,102778-sample_1_lv_0046706_007,12,12.946532,7.140513,0,195,Mono_mac
Sample_007_Region,102779-sample_1_lv_0046706_007,1,9.600809,8.188513,0,198,Mono_mac
Sample_007_Region,102780-sample_1_lv_0046706_007,36,-7.1890225,6.2426367,0,106,F1
Sample_007_Region,102781-sample_1_lv_0046706_007,0,-4.0850396,5.3926215,0,37,F3
Sample_007_Region,102782-sample_1_lv_0046706_007,35,4.0499005,2.2378538,0,74,Mono_mac
Sample_007_Region,102783-sample_1_lv_0046706_007,11,11.124658,9.034072,0,264,F2
Sample_007_Region,102784-sample_1_lv_0046706_007,24,11.851343,-3.1525047,0,59,Th
Sample_007_Region,102785-sample_1_lv_0046706_007,28,11.457631,-7.168099,0,80,F1
Sample_007_Region,102786-sample_1_lv_0046706_007,8,12.681474,0.41269425,0,553,F2
Sample_007_Region,102787-sample_1_lv_0046706_007,11,13.242993,8.878667,0,698,F2
Sample_007_Region,102788-sample_1_lv_0046706_007,0,-2.6561875,7.6577415,0,142,F2
Sample_007_Region,102789-sample_1_lv_0046706_007,0,-3.7283006,7.4871373,0,91,Pericyte_1
Sample_007_Region,102790-sample_1_lv_0046706_007,0,-3.3466415,6.0744305,0,117,F1
Sample_007_Region,102791-sample_1_lv_0046706_007,4,9.067886,6.4403534,0,695,Undifferentiated_KC
Sample_007_Region,102792-sample_1_lv_0046706_007,25,9.648662,22.23251,0,397,F2
Sample_007_Region,102793-sample_1_lv_0046706_007,9,9.512622,14.329691,0,268,F1
Sample_007_Region,102794-sample_1_lv_0046706_007,3,8.53852,5.1318035,0,233,F1
Sample_007_Region,102795-sample_1_lv_0046706_007,15,5.76759,2.1212423,0,904,Pericyte_2
Sample_007_Region,102796-sample_1_lv_0046706_007,9,10.1722145,13.956179,0,387,F2
Sample_007_Region,102797-sample_1_lv_0046706_007,23,7.106659,18.824585,0,969,Mono_mac
Sample_007_Region,102798-sample_1_lv_0046706_007,18,14.377707,3.474344,0,867,Mono_mac
Sample_007_Region,102799-sample_1_lv_0046706_007,0,-5.716173,8.415761,0,275,F3
Sample_007_Region,102800-sample_1_lv_0046706_007,9,9.491383,14.184557,0,556,F1
Sample_007_Region,102801-sample_1_lv_0046706_007,8,13.89846,2.4611042,0,465,Pericyte_2
Sample_007_Region,102802-sample_1_lv_0046706_007,4,14.87456,6.6666064,0,596,Mono_mac
Sample_007_Region,102803-sample_1_lv_0046706_007,5,8.896693,3.4189665,0,1118,Mono_mac
Sample_007_Region,102804-sample_1_lv_0046706_007,5,13.368371,4.5411053,0,1173,Mono_mac
Sample_007_Region,102805-sample_1_lv_0046706_007,5,9.193869,3.4296763,0,711,Pericyte_2
Sample_007_Region,102806-sample_1_lv_0046706_007,24,5.770849,-2.419026,0,710,F2
Sample_007_Region,102807-sample_1_lv_0046706_007,0,-3.286698,7.756527,0,766,Pericyte_1
Sample_007_Region,102808-sample_1_lv_0046706_007,5,8.31334,2.3526888,0,451,F2
Sample_007_Region,102809-sample_1_lv_0046706_007,9,10.015565,14.516043,0,1190,F2
Sample_007_Region,102810-sample_1_lv_0046706_007,18,16.278719,2.9708898,0,521,Mono_mac
Sample_007_Region,102811-sample_1_lv_0046706_007,29,6.379275,4.202368,0,210,F1
Sample_007_Region,102812-sample_1_lv_0046706_007,16,7.339596,6.903513,0,113,ILC1_3
Sample_007_Region,102813-sample_1_lv_0046706_007,9,9.282506,14.390622,0,147,F2
Sample_007_Region,102814-sample_1_lv_0046706_007,12,16.32971,4.708757,0,84,Th
Sample_007_Region,102815-sample_1_lv_0046706_007,4,13.642936,9.0878725,0,436,Pericyte_1
Sample_007_Region,102816-sample_1_lv_0046706_007,10,14.767205,10.622769,0,114,Pericyte_1
Sample_007_Region,102817-sample_1_lv_0046706_007,0,-5.3203807,7.4817114,0,1,Differentiated_KC
Sample_007_Region,102818-sample_1_lv_0046706_007,3,7.0744247,3.8164704,0,19,F1
Sample_007_Region,102819-sample_1_lv_0046706_007,1,8.483336,7.611108,0,172,F2
Sample_007_Region,102820-sample_1_lv_0046706_007,4,16.640018,6.770387,0,9,Mono_mac
Sample_007_Region,102821-sample_1_lv_0046706_007,5,9.527342,2.6448176,0,166,Pericyte_1
Sample_007_Region,102822-sample_1_lv_0046706_007,4,14.979679,7.436768,0,182,F3
Sample_007_Region,102823-sample_1_lv_0046706_007,23,6.73167,19.29733,0,562,moDC
Sample_007_Region,102824-sample_1_lv_0046706_007,2,12.042321,7.0502973,0,300,Th
Sample_007_Region,102825-sample_1_lv_0046706_007,15,7.0162287,2.4389353,0,67,F1
Sample_007_Region,102826-sample_1_lv_0046706_007,2,9.648719,7.461962,0,40,Macro_1
Sample_007_Region,102827-sample_1_lv_0046706_007,19,20.23225,13.968021,0,117,F3
Sample_007_Region,102828-sample_1_lv_0046706_007,24,12.2849,-2.2966712,0,300,F3
Sample_007_Region,102829-sample_1_lv_0046706_007,2,11.17572,6.958833,0,431,F2
Sample_007_Region,102830-sample_1_lv_0046706_007,10,16.463938,9.032099,0,1698,F2
Sample_007_Region,102831-sample_1_lv_0046706_007,1,8.9822,7.953814,0,163,F1
Sample_007_Region,102832-sample_1_lv_0046706_007,1,8.742814,7.3880424,0,657,F2
Sample_007_Region,102833-sample_1_lv_0046706_007,30,14.726454,1.3248924,0,373,Pericyte_1
Sample_007_Region,102834-sample_1_lv_0046706_007,27,0.42125556,0.084115975,0,97,ILC2
Sample_007_Region,102835-sample_1_lv_0046706_007,18,15.912025,1.9664046,0,356,F3
Sample_007_Region,102836-sample_1_lv_0046706_007,23,6.5884233,18.993397,0,180,F3
Sample_007_Region,102837-sample_1_lv_0046706_007,4,15.077574,8.817486,0,617,Mono_mac
Sample_007_Region,102838-sample_1_lv_0046706_007,13,9.709733,11.610862,0,616,Mono_mac
Sample_007_Region,102839-sample_1_lv_0046706_007,23,6.608004,19.029745,0,185,Mono_mac
Sample_007_Region,102840-sample_1_lv_0046706_007,0,-5.6015205,8.289394,0,339,F2
Sample_007_Region,102841-sample_1_lv_0046706_007,8,12.795247,1.0682362,0,107,Mono_mac
Sample_007_Region,102842-sample_1_lv_0046706_007,1,9.77651,8.134324,0,204,F1
Sample_007_Region,102843-sample_1_lv_0046706_007,32,1.3472813,11.87703,0,124,Mono_mac
Sample_007_Region,102844-sample_1_lv_0046706_007,32,2.1054964,10.955869,0,634,VE2
Sample_007_Region,102845-sample_1_lv_0046706_007,5,9.249415,2.5587275,0,595,Pericyte_1
Sample_007_Region,102846-sample_1_lv_0046706_007,23,7.163971,18.716383,0,1472,Mono_mac
Sample_007_Region,102847-sample_1_lv_0046706_007,5,9.130058,3.1133552,0,410,Pericyte_1
Sample_007_Region,102848-sample_1_lv_0046706_007,4,14.812858,6.2806377,0,714,Pericyte_1
Sample_007_Region,102849-sample_1_lv_0046706_007,11,10.962118,9.353161,0,750,Mono_mac
Sample_007_Region,102850-sample_1_lv_0046706_007,16,7.2443895,6.783153,0,147,Macro_1
Sample_007_Region,102851-sample_1_lv_0046706_007,3,5.781901,4.274651,0,144,F2
Sample_007_Region,102852-sample_1_lv_0046706_007,1,10.708372,8.722812,0,481,Mono_mac
Sample_007_Region,102853-sample_1_lv_0046706_007,21,16.17414,17.473007,0,294,Mono_mac
Sample_007_Region,102854-sample_1_lv_0046706_007,1,11.615589,8.873113,0,1119,Mono_mac
Sample_007_Region,102855-sample_1_lv_0046706_007,0,-3.4664438,8.008199,0,737,F3
Sample_007_Region,102856-sample_1_lv_0046706_007,23,6.5619965,19.4783,0,563,F1
Sample_007_Region,102857-sample_1_lv_0046706_007,1,12.813005,9.466592,0,314,F1
Sample_007_Region,102858-sample_1_lv_0046706_007,10,13.543278,10.087167,0,131,Macro_1
Sample_007_Region,102859-sample_1_lv_0046706_007,10,14.145452,9.864655,0,307,F2
Sample_007_Region,102860-sample_1_lv_0046706_007,23,6.342047,18.418303,0,365,Tc
Sample_007_Region,102861-sample_1_lv_0046706_007,24,9.518115,0.088635184,0,215,Pericyte_1
Sample_007_Region,102862-sample_1_lv_0046706_007,24,9.023053,-0.42656076,0,87,ILC1_3
Sample_007_Region,102863-sample_1_lv_0046706_007,5,10.091693,3.6631417,0,133,VE3
Sample_007_Region,102864-sample_1_lv_0046706_007,2,9.826015,7.640564,0,183,Tc
Sample_007_Region,102865-sample_1_lv_0046706_007,9,9.763612,13.747998,0,334,Mono_mac
Sample_007_Region,102866-sample_1_lv_0046706_007,4,14.911832,6.736087,0,146,DC2
Sample_007_Region,102867-sample_1_lv_0046706_007,3,8.149109,4.637039,0,51,Mono_mac
Sample_007_Region,102868-sample_1_lv_0046706_007,9,8.885401,14.843877,0,143,F1
Sample_007_Region,102869-sample_1_lv_0046706_007,20,16.78246,14.936217,0,407,F1
Sample_007_Region,102870-sample_1_lv_0046706_007,2,10.256515,7.7019906,0,234,F1
Sample_007_Region,102871-sample_1_lv_0046706_007,2,11.6294,6.920818,0,428,F1
Sample_007_Region,102872-sample_1_lv_0046706_007,23,7.122542,18.688137,0,949,F3
Sample_007_Region,102873-sample_1_lv_0046706_007,2,11.454964,7.3208694,0,192,F1
Sample_007_Region,102874-sample_1_lv_0046706_007,0,-5.5474415,7.113126,0,295,F2
Sample_007_Region,102875-sample_1_lv_0046706_007,33,0.9017137,21.117424,0,343,F1
Sample_007_Region,102876-sample_1_lv_0046706_007,9,9.744013,14.734301,0,164,Macro_1
Sample_007_Region,102877-sample_1_lv_0046706_007,24,11.93605,-2.3660715,0,196,F1
Sample_007_Region,102878-sample_1_lv_0046706_007,2,10.061967,7.309995,0,725,F1
Sample_007_Region,102879-sample_1_lv_0046706_007,5,9.573484,3.1826713,0,601,VE2
Sample_007_Region,102880-sample_1_lv_0046706_007,18,14.381078,3.3880897,0,979,VE2
Sample_007_Region,102881-sample_1_lv_0046706_007,3,11.359851,5.412503,0,926,Mono_mac
Sample_007_Region,102882-sample_1_lv_0046706_007,5,13.4828005,5.369519,0,1203,Pericyte_2
Sample_007_Region,102883-sample_1_lv_0046706_007,11,11.3535595,9.465207,0,241,ILC1_3
Sample_007_Region,102884-sample_1_lv_0046706_007,9,9.850154,13.246004,0,844,F2
Sample_007_Region,102885-sample_1_lv_0046706_007,4,14.489837,8.760746,0,122,moDC
Sample_007_Region,102886-sample_1_lv_0046706_007,5,12.525316,5.474576,0,513,moDC
Sample_007_Region,102887-sample_1_lv_0046706_007,23,6.701462,19.399782,0,844,moDC
Sample_007_Region,102888-sample_1_lv_0046706_007,9,9.96864,13.964559,0,303,F2
Sample_007_Region,102889-sample_1_lv_0046706_007,2,9.740664,7.161599,0,314,F1
Sample_007_Region,102890-sample_1_lv_0046706_007,1,12.358675,9.771737,0,400,F1
Sample_007_Region,102891-sample_1_lv_0046706_007,11,9.993125,10.585878,0,77,F1
Sample_007_Region,102892-sample_1_lv_0046706_007,2,10.888549,8.248598,0,1238,F3
Sample_007_Region,102893-sample_1_lv_0046706_007,2,10.904228,8.123675,0,709,F1
Sample_007_Region,102894-sample_1_lv_0046706_007,9,9.782882,13.119545,0,746,Mono_mac
Sample_007_Region,102895-sample_1_lv_0046706_007,7,12.243438,8.525566,0,654,Mono_mac
Sample_007_Region,102896-sample_1_lv_0046706_007,0,-3.7425587,5.7859116,0,150,F1
Sample_007_Region,102897-sample_1_lv_0046706_007,0,-3.6096468,5.1403027,0,44,F3
Sample_007_Region,102898-sample_1_lv_0046706_007,3,4.260686,6.1178894,0,40,F1
Sample_007_Region,102899-sample_1_lv_0046706_007,35,4.147671,2.377969,0,56,LE2
Sample_007_Region,102900-sample_1_lv_0046706_007,15,6.1253695,0.9192624,0,17,F1
Sample_007_Region,102901-sample_1_lv_0046706_007,0,-3.889846,5.4809656,0,163,F1
Sample_007_Region,102902-sample_1_lv_0046706_007,0,-2.4369457,8.241255,0,150,F1
Sample_007_Region,102903-sample_1_lv_0046706_007,34,2.1565056,16.616018,0,45,Th
Sample_007_Region,102904-sample_1_lv_0046706_007,0,-3.2509413,7.0511355,0,604,VE2
Sample_007_Region,102905-sample_1_lv_0046706_007,0,-6.7750444,7.2126346,0,33,Th
Sample_007_Region,102906-sample_1_lv_0046706_007,5,9.325047,2.3387592,0,22,F1
Sample_007_Region,102907-sample_1_lv_0046706_007,8,14.873159,-0.130813,0,54,F1
Sample_007_Region,102908-sample_1_lv_0046706_007,9,9.745344,14.313128,0,1451,F2
Sample_007_Region,102909-sample_1_lv_0046706_007,16,5.830223,7.18568,0,138,F1
Sample_007_Region,102910-sample_1_lv_0046706_007,8,13.907699,2.5125194,0,527,F1
Sample_007_Region,102911-sample_1_lv_0046706_007,5,12.65531,6.128045,0,348,F3
Sample_007_Region,102912-sample_1_lv_0046706_007,12,13.074649,7.3991265,0,136,F1
Sample_007_Region,102913-sample_1_lv_0046706_007,1,9.6816,9.257297,0,128,F1
Sample_007_Region,102914-sample_1_lv_0046706_007,0,-3.444827,7.088094,0,74,Macro_1
Sample_007_Region,102915-sample_1_lv_0046706_007,0,-4.14333,7.570546,0,32,Mono_mac
Sample_007_Region,102916-sample_1_lv_0046706_007,0,-3.2820594,5.929181,0,50,migLC
Sample_007_Region,102917-sample_1_lv_0046706_007,4,15.662822,7.0065174,0,267,F2
Sample_007_Region,102918-sample_1_lv_0046706_007,31,9.204291,-2.7668016,0,22,Differentiated_KC
Sample_007_Region,102919-sample_1_lv_0046706_007,0,-5.3836074,7.564326,0,13,Macro_1
Sample_007_Region,102920-sample_1_lv_0046706_007,0,-5.3207507,5.492698,0,15,Th
Sample_007_Region,102921-sample_1_lv_0046706_007,12,2.8298073,6.2382154,0,20,F2
Sample_007_Region,102922-sample_1_lv_0046706_007,12,13.516437,7.640963,0,113,F1
Sample_007_Region,102923-sample_1_lv_0046706_007,0,-3.6525998,6.874972,0,22,Th
Sample_007_Region,102924-sample_1_lv_0046706_007,0,-4.709996,8.129049,0,2,Macro_1
Sample_007_Region,102925-sample_1_lv_0046706_007,35,11.250678,16.502344,0,23,F1
Sample_007_Region,102926-sample_1_lv_0046706_007,2,12.363736,7.098154,0,58,F1
Sample_007_Region,102927-sample_1_lv_0046706_007,0,-3.1917627,6.805305,0,32,Th
Sample_007_Region,102928-sample_1_lv_0046706_007,0,-4.203258,5.00136,0,9,F1
Sample_007_Region,102929-sample_1_lv_0046706_007,0,-6.132711,8.554648,0,37,F1
Sample_007_Region,102930-sample_1_lv_0046706_007,20,17.329733,15.300911,0,738,F1
Sample_007_Region,102931-sample_1_lv_0046706_007,4,16.107634,7.108391,0,31,F2
Sample_007_Region,102932-sample_1_lv_0046706_007,10,14.920529,10.729377,0,243,F1
Sample_007_Region,102933-sample_1_lv_0046706_007,3,9.686181,5.4697433,0,129,Macro_1
Sample_007_Region,102934-sample_1_lv_0046706_007,0,-3.3488765,7.310951,0,18,F1
Sample_007_Region,102935-sample_1_lv_0046706_007,8,13.642697,-0.16141629,0,338,F2
Sample_007_Region,102936-sample_1_lv_0046706_007,0,-6.188497,6.662073,0,2,Undifferentiated_KC
Sample_007_Region,102937-sample_1_lv_0046706_007,28,11.125112,-6.967702,0,73,F1
Sample_007_Region,102938-sample_1_lv_0046706_007,13,6.8906913,13.622926,0,112,F1
Sample_007_Region,102939-sample_1_lv_0046706_007,0,-6.1395826,5.848635,0,25,F2
Sample_007_Region,102940-sample_1_lv_0046706_007,0,-5.5714912,5.3593874,0,159,Undifferentiated_KC
Sample_007_Region,102941-sample_1_lv_0046706_007,0,-3.4790573,7.5331154,0,21,F2
Sample_007_Region,102942-sample_1_lv_0046706_007,34,3.4340758,18.117407,0,32,F2
Sample_007_Region,102943-sample_1_lv_0046706_007,35,11.171091,16.528168,0,2,Differentiated_KC
Sample_007_Region,102944-sample_1_lv_0046706_007,0,-3.8422422,6.94039,0,0,Differentiated_KC
Sample_007_Region,102945-sample_1_lv_0046706_007,0,-4.6741166,9.361189,0,21,F3
Sample_007_Region,102946-sample_1_lv_0046706_007,0,-4.158945,8.985708,0,33,F2
Sample_007_Region,102947-sample_1_lv_0046706_007,12,13.445293,7.504618,0,76,ILC1_3
Sample_007_Region,102948-sample_1_lv_0046706_007,10,14.578004,10.618248,0,159,F1
Sample_007_Region,102949-sample_1_lv_0046706_007,26,7.2551093,-3.58587,0,109,Mono_mac
Sample_007_Region,102950-sample_1_lv_0046706_007,0,-3.5860581,8.228142,0,89,F2
Sample_007_Region,102951-sample_1_lv_0046706_007,24,8.564942,-1.0161172,0,58,F1
Sample_007_Region,102952-sample_1_lv_0046706_007,8,12.654202,0.80914426,0,278,F2
Sample_007_Region,102953-sample_1_lv_0046706_007,0,-6.3881354,6.4077168,0,9,VE1
Sample_007_Region,102954-sample_1_lv_0046706_007,25,10.099055,22.275454,0,176,MigDC
Sample_007_Region,102955-sample_1_lv_0046706_007,3,10.814772,5.7999644,0,207,Mono_mac
Sample_007_Region,102956-sample_1_lv_0046706_007,0,-2.7317915,7.5613346,0,106,F1
Sample_007_Region,102957-sample_1_lv_0046706_007,10,14.745873,10.2126255,0,216,F1
Sample_007_Region,102958-sample_1_lv_0046706_007,0,-5.321074,6.3600254,0,56,F1
Sample_007_Region,102959-sample_1_lv_0046706_007,3,5.3454957,4.808471,0,194,F2
Sample_007_Region,102960-sample_1_lv_0046706_007,8,14.848484,-0.07116084,0,74,Th
Sample_007_Region,102961-sample_1_lv_0046706_007,19,19.855877,13.7897215,0,171,ILC1_3
Sample_007_Region,102962-sample_1_lv_0046706_007,3,6.3942685,4.9281397,0,88,F3
Sample_007_Region,102963-sample_1_lv_0046706_007,15,4.801522,11.479536,0,69,F3
Sample_007_Region,102964-sample_1_lv_0046706_007,12,13.494942,7.0275636,0,144,ILC1_3
Sample_007_Region,102965-sample_1_lv_0046706_007,12,16.840734,5.159723,0,36,F1
Sample_007_Region,102966-sample_1_lv_0046706_007,17,2.2917335,9.278512,0,25,Mono_mac
Sample_007_Region,102967-sample_1_lv_0046706_007,12,13.344388,7.390436,0,134,Mono_mac
Sample_007_Region,102968-sample_1_lv_0046706_007,28,8.22845,-7.7908945,0,18,Mono_mac
Sample_007_Region,102969-sample_1_lv_0046706_007,6,12.565591,12.980224,0,36,LE2
Sample_007_Region,102970-sample_1_lv_0046706_007,1,11.294096,4.797856,0,345,Mono_mac
Sample_007_Region,102971-sample_1_lv_0046706_007,3,7.9666095,5.253246,0,337,F1
Sample_007_Region,102972-sample_1_lv_0046706_007,4,15.49023,7.361361,0,120,Th
Sample_007_Region,102973-sample_1_lv_0046706_007,0,-2.2100265,6.606457,0,143,F2
Sample_007_Region,102974-sample_1_lv_0046706_007,3,8.531666,5.0709076,0,53,Mono_mac
Sample_007_Region,102975-sample_1_lv_0046706_007,18,15.094114,3.0315819,0,352,ILC1_3
Sample_007_Region,102976-sample_1_lv_0046706_007,0,-3.781823,6.162085,0,14,F3
Sample_007_Region,102977-sample_1_lv_0046706_007,5,12.083644,5.4089975,0,294,Mono_mac
Sample_007_Region,102978-sample_1_lv_0046706_007,12,15.5355425,5.0569572,0,155,F1
Sample_007_Region,102979-sample_1_lv_0046706_007,12,14.041643,6.128692,0,283,F3
Sample_007_Region,102980-sample_1_lv_0046706_007,32,1.5385427,11.490939,0,292,Th
Sample_007_Region,102981-sample_1_lv_0046706_007,32,2.448074,-0.013729498,0,334,Mono_mac
Sample_007_Region,102982-sample_1_lv_0046706_007,0,-3.647045,9.272021,0,43,VE2
Sample_007_Region,102983-sample_1_lv_0046706_007,11,10.675539,9.882558,0,465,Pericyte_2
Sample_007_Region,102984-sample_1_lv_0046706_007,0,-6.3920374,6.22376,0,244,VE2
Sample_007_Region,102985-sample_1_lv_0046706_007,0,-3.9447212,8.610262,0,89,Pericyte_2
Sample_007_Region,102986-sample_1_lv_0046706_007,11,9.851225,10.396439,0,57,F1
Sample_007_Region,102987-sample_1_lv_0046706_007,20,16.668386,14.600893,0,304,F3
Sample_007_Region,102988-sample_1_lv_0046706_007,13,9.155335,11.668916,0,548,F3
Sample_007_Region,102989-sample_1_lv_0046706_007,3,7.6774526,4.6506715,0,74,F1
Sample_007_Region,102990-sample_1_lv_0046706_007,18,15.104209,2.9277766,0,282,Mono_mac
Sample_007_Region,102991-sample_1_lv_0046706_007,30,17.168734,-0.33530387,0,226,Mono_mac
Sample_007_Region,102992-sample_1_lv_0046706_007,0,-2.6460779,8.242245,0,121,F3
Sample_007_Region,102993-sample_1_lv_0046706_007,10,13.633231,9.523956,0,217,F3
Sample_007_Region,102994-sample_1_lv_0046706_007,0,-5.1909976,5.0693207,0,502,Pericyte_2
Sample_007_Region,102995-sample_1_lv_0046706_007,32,1.4490666,10.2336235,0,276,Th
Sample_007_Region,102996-sample_1_lv_0046706_007,9,9.701893,15.048655,0,241,F1
Sample_007_Region,102997-sample_1_lv_0046706_007,0,-4.8908544,8.8246,0,114,F2
Sample_007_Region,102998-sample_1_lv_0046706_007,12,13.354656,6.446347,0,176,F2
Sample_007_Region,102999-sample_1_lv_0046706_007,0,-4.834662,6.3285713,0,48,F2
Sample_007_Region,103000-sample_1_lv_0046706_007,13,10.27774,12.259182,0,144,F2
Sample_007_Region,103001-sample_1_lv_0046706_007,0,-3.9268556,7.974468,0,194,F1
Sample_007_Region,103002-sample_1_lv_0046706_007,34,2.1645963,16.62728,0,97,F1
Sample_007_Region,103003-sample_1_lv_0046706_007,13,9.150056,11.596386,0,430,F2
Sample_007_Region,103004-sample_1_lv_0046706_007,0,-4.2659507,9.63994,0,52,ILC1_3
Sample_007_Region,103005-sample_1_lv_0046706_007,0,-4.0628633,7.2537174,0,3,Differentiated_KC
Sample_007_Region,103006-sample_1_lv_0046706_007,0,-3.3845508,8.019759,0,1,Undifferentiated_KC
Sample_007_Region,103007-sample_1_lv_0046706_007,0,-4.7119274,5.346305,0,60,F2
Sample_007_Region,103008-sample_1_lv_0046706_007,8,11.979337,0.88784117,0,282,F2
Sample_007_Region,103009-sample_1_lv_0046706_007,0,-4.923105,8.364521,0,369,F1
Sample_007_Region,103010-sample_1_lv_0046706_007,0,-5.279835,9.323458,0,44,F2
Sample_007_Region,103011-sample_1_lv_0046706_007,0,-4.027292,7.313602,0,10,F2
Sample_007_Region,103012-sample_1_lv_0046706_007,17,1.6332601,13.645815,0,257,F2
Sample_007_Region,103013-sample_1_lv_0046706_007,3,6.8043747,5.832348,0,5,VE2
Sample_007_Region,103014-sample_1_lv_0046706_007,25,9.263695,22.000742,0,62,F1
Sample_007_Region,103015-sample_1_lv_0046706_007,0,-3.4483252,5.86641,0,1,F1
Sample_007_Region,103016-sample_1_lv_0046706_007,0,-5.539312,9.484717,0,208,F2
Sample_007_Region,103017-sample_1_lv_0046706_007,4,14.588466,8.177542,0,289,F2
Sample_007_Region,103018-sample_1_lv_0046706_007,13,7.573744,12.11003,0,67,F2
Sample_007_Region,103019-sample_1_lv_0046706_007,0,-4.5621676,5.6291413,0,19,Macro_1
Sample_007_Region,103020-sample_1_lv_0046706_007,25,9.4339695,22.165451,0,117,F2
Sample_007_Region,103021-sample_1_lv_0046706_007,0,-2.8654034,6.679832,0,14,F1
Sample_007_Region,103022-sample_1_lv_0046706_007,0,-6.9935646,5.909196,0,52,F1
Sample_007_Region,103023-sample_1_lv_0046706_007,0,-5.746397,6.4864235,0,6,F2
Sample_007_Region,103024-sample_1_lv_0046706_007,4,15.212914,8.9358425,0,319,Undifferentiated_KC
Sample_007_Region,103025-sample_1_lv_0046706_007,0,-3.5346928,6.028234,0,186,F2
Sample_007_Region,103026-sample_1_lv_0046706_007,0,-2.9330783,8.48476,0,5,Th
Sample_007_Region,103027-sample_1_lv_0046706_007,0,-4.8359494,5.2321916,0,71,Mono_mac
Sample_007_Region,103028-sample_1_lv_0046706_007,0,-5.8028893,7.7459483,0,20,F2
Sample_007_Region,103029-sample_1_lv_0046706_007,4,14.682652,8.071176,0,720,F2
Sample_007_Region,103030-sample_1_lv_0046706_007,13,8.901821,12.311773,0,277,F1
Sample_007_Region,103031-sample_1_lv_0046706_007,16,6.071054,8.680897,0,30,F3
Sample_007_Region,103032-sample_1_lv_0046706_007,20,17.264517,15.258733,0,717,F1
Sample_007_Region,103033-sample_1_lv_0046706_007,0,-6.457249,8.366276,0,12,Differentiated_KC
Sample_007_Region,103034-sample_1_lv_0046706_007,0,-3.018041,5.9970183,0,13,F1
Sample_007_Region,103035-sample_1_lv_0046706_007,0,-3.9931781,8.858107,0,259,F1
Sample_007_Region,103036-sample_1_lv_0046706_007,4,15.282496,9.35378,0,212,Undifferentiated_KC
Sample_007_Region,103037-sample_1_lv_0046706_007,34,2.1234758,16.433691,0,94,F3
Sample_007_Region,103038-sample_1_lv_0046706_007,0,-2.746031,7.832962,0,81,F2
Sample_007_Region,103039-sample_1_lv_0046706_007,13,9.108232,10.756334,0,322,F2
Sample_007_Region,103040-sample_1_lv_0046706_007,28,10.382761,-6.5055985,0,55,Macro_1
Sample_007_Region,103041-sample_1_lv_0046706_007,0,-3.1138382,9.29491,0,2,Th
Sample_007_Region,103042-sample_1_lv_0046706_007,0,-4.2194333,5.25579,0,71,F1
Sample_007_Region,103043-sample_1_lv_0046706_007,0,-6.232354,8.485921,0,110,F2
Sample_007_Region,103044-sample_1_lv_0046706_007,0,-4.082644,8.374063,0,11,Macro_1
Sample_007_Region,103045-sample_1_lv_0046706_007,4,14.324684,7.327432,0,733,F1
Sample_007_Region,103046-sample_1_lv_0046706_007,0,-3.5901756,7.168305,0,111,F2
Sample_007_Region,103047-sample_1_lv_0046706_007,0,-4.133581,5.2560534,0,34,Mono_mac
Sample_007_Region,103048-sample_1_lv_0046706_007,26,10.651833,-4.846946,0,223,F1
Sample_007_Region,103049-sample_1_lv_0046706_007,0,-4.2023325,5.8775125,0,71,Pericyte_1
Sample_007_Region,103050-sample_1_lv_0046706_007,15,8.122895,0.5113922,0,238,F1
Sample_007_Region,103051-sample_1_lv_0046706_007,0,-3.108087,6.260496,0,568,F1
Sample_007_Region,103052-sample_1_lv_0046706_007,24,9.697432,-0.050661147,0,282,F1
Sample_007_Region,103053-sample_1_lv_0046706_007,0,-4.310968,6.836291,0,187,F1
Sample_007_Region,103054-sample_1_lv_0046706_007,15,7.8658466,0.10088772,0,90,Mono_mac
Sample_007_Region,103055-sample_1_lv_0046706_007,3,9.513873,6.0362372,0,303,Th
Sample_007_Region,103056-sample_1_lv_0046706_007,5,12.052355,5.406566,0,173,F1
Sample_007_Region,103057-sample_1_lv_0046706_007,0,-5.683036,8.119031,0,45,Mono_mac
Sample_007_Region,103058-sample_1_lv_0046706_007,28,11.227689,-7.0129566,0,112,F3
Sample_007_Region,103059-sample_1_lv_0046706_007,13,9.85696,11.60948,0,130,F1
Sample_007_Region,103060-sample_1_lv_0046706_007,32,2.2932117,-0.12077182,0,14,F1
Sample_007_Region,103061-sample_1_lv_0046706_007,16,6.1482544,8.825728,0,23,Mono_mac
Sample_007_Region,103062-sample_1_lv_0046706_007,0,-4.445623,8.188584,0,14,Macro_1
Sample_007_Region,103063-sample_1_lv_0046706_007,13,8.715255,11.277892,0,680,F1
Sample_007_Region,103064-sample_1_lv_0046706_007,0,-5.434741,7.3297577,0,6,Th
Sample_007_Region,103065-sample_1_lv_0046706_007,13,12.443792,8.27478,0,343,Macro_1
Sample_007_Region,103066-sample_1_lv_0046706_007,9,10.173475,13.896849,0,714,F2
Sample_007_Region,103067-sample_1_lv_0046706_007,1,12.224714,10.012448,0,854,Mono_mac
Sample_007_Region,103068-sample_1_lv_0046706_007,16,6.750206,7.5697618,0,175,Mono_mac
Sample_007_Region,103069-sample_1_lv_0046706_007,16,5.8365054,7.1795444,0,267,F3
Sample_007_Region,103070-sample_1_lv_0046706_007,1,10.605846,8.202843,0,609,Mono_mac
Sample_007_Region,103071-sample_1_lv_0046706_007,9,9.15822,14.443803,0,434,F2
Sample_007_Region,103072-sample_1_lv_0046706_007,0,-3.6208427,7.566165,0,214,F1
Sample_007_Region,103073-sample_1_lv_0046706_007,0,-7.298651,8.143003,0,353,F3
Sample_007_Region,103074-sample_1_lv_0046706_007,10,13.417328,8.970604,0,290,F1
Sample_007_Region,103075-sample_1_lv_0046706_007,0,-6.1658115,6.4950995,0,508,F2
Sample_007_Region,103076-sample_1_lv_0046706_007,0,-6.576946,7.8393946,0,318,F1
Sample_007_Region,103077-sample_1_lv_0046706_007,23,6.71049,18.455992,0,898,F1
Sample_007_Region,103078-sample_1_lv_0046706_007,4,15.251928,9.307166,0,195,Pericyte_1
Sample_007_Region,103079-sample_1_lv_0046706_007,3,4.4234333,6.0409584,0,137,VE1
Sample_007_Region,103080-sample_1_lv_0046706_007,4,15.27095,7.216597,0,296,Pericyte_1
Sample_007_Region,103081-sample_1_lv_0046706_007,0,-4.151084,6.8240232,0,190,Pericyte_2
Sample_007_Region,103082-sample_1_lv_0046706_007,16,5.8648424,7.1922345,0,401,F3
Sample_007_Region,103083-sample_1_lv_0046706_007,31,10.263721,-1.957246,0,265,Mono_mac
Sample_007_Region,103084-sample_1_lv_0046706_007,1,10.151695,8.406248,0,353,F1
Sample_007_Region,103085-sample_1_lv_0046706_007,5,12.645691,6.128929,0,468,Mono_mac
Sample_007_Region,103086-sample_1_lv_0046706_007,1,8.057262,9.121506,0,236,LC
Sample_007_Region,103087-sample_1_lv_0046706_007,8,7.9253645,7.030394,0,521,Mono_mac
Sample_007_Region,103088-sample_1_lv_0046706_007,5,12.9472275,4.26481,0,680,Pericyte_2
Sample_007_Region,103089-sample_1_lv_0046706_007,0,-2.6991713,7.5561066,0,124,Pericyte_1
Sample_007_Region,103090-sample_1_lv_0046706_007,0,-3.720604,8.741918,0,128,Pericyte_2
Sample_007_Region,103091-sample_1_lv_0046706_007,8,12.7367115,0.3382556,0,567,F2
Sample_007_Region,103092-sample_1_lv_0046706_007,0,-5.7279353,7.576346,0,489,F2
Sample_007_Region,103093-sample_1_lv_0046706_007,9,9.966191,14.866862,0,371,F2
Sample_007_Region,103094-sample_1_lv_0046706_007,0,-6.6436057,7.09404,0,69,F1
Sample_007_Region,103095-sample_1_lv_0046706_007,9,10.044014,14.768979,0,619,F2
Sample_007_Region,103096-sample_1_lv_0046706_007,31,10.34098,-1.6629544,0,647,Mono_mac
Sample_007_Region,103097-sample_1_lv_0046706_007,4,14.866722,7.8257947,0,524,F2
Sample_007_Region,103098-sample_1_lv_0046706_007,1,9.720526,9.198779,0,425,F2
Sample_007_Region,103099-sample_1_lv_0046706_007,12,13.527113,6.430683,0,491,F2
Sample_007_Region,103100-sample_1_lv_0046706_007,9,9.95346,14.559559,0,824,Mono_mac
Sample_007_Region,103101-sample_1_lv_0046706_007,5,9.5544195,3.0965812,0,434,Pericyte_1
Sample_007_Region,103102-sample_1_lv_0046706_007,0,-5.502919,6.0658703,0,76,F1
Sample_007_Region,103103-sample_1_lv_0046706_007,15,7.0481057,2.620446,0,377,F1
Sample_007_Region,103104-sample_1_lv_0046706_007,27,0.16818893,2.3291857,0,13,Macro_1
Sample_007_Region,103105-sample_1_lv_0046706_007,7,14.237238,12.327577,0,193,Mono_mac
Sample_007_Region,103106-sample_1_lv_0046706_007,1,8.543548,7.7299085,0,476,F1
Sample_007_Region,103107-sample_1_lv_0046706_007,4,14.13583,6.1707244,0,1234,Mono_mac
Sample_007_Region,103108-sample_1_lv_0046706_007,24,12.231291,-2.3354726,0,223,F1
Sample_007_Region,103109-sample_1_lv_0046706_007,9,10.11875,13.669062,0,803,Mono_mac
Sample_007_Region,103110-sample_1_lv_0046706_007,26,7.798732,-4.9271226,0,266,Pericyte_2
Sample_007_Region,103111-sample_1_lv_0046706_007,2,11.592045,6.749337,0,205,F2
Sample_007_Region,103112-sample_1_lv_0046706_007,0,-5.5215755,6.0910845,0,347,F1
Sample_007_Region,103113-sample_1_lv_0046706_007,9,10.082696,14.798973,0,884,Pericyte_1
Sample_007_Region,103114-sample_1_lv_0046706_007,5,12.619785,6.130106,0,785,F3
Sample_007_Region,103115-sample_1_lv_0046706_007,8,12.009575,1.1356201,0,595,F3
Sample_007_Region,103116-sample_1_lv_0046706_007,13,8.53926,12.168097,0,194,F2
Sample_007_Region,103117-sample_1_lv_0046706_007,0,-3.7015634,5.8092146,0,70,Th
Sample_007_Region,103118-sample_1_lv_0046706_007,28,12.318693,-5.703633,0,134,Mono_mac
Sample_007_Region,103119-sample_1_lv_0046706_007,5,9.1821165,3.4607074,0,1077,Pericyte_1
Sample_007_Region,103120-sample_1_lv_0046706_007,9,10.282908,13.064366,0,2066,Mono_mac
Sample_007_Region,103121-sample_1_lv_0046706_007,7,14.361806,11.994921,0,764,Pericyte_1
Sample_007_Region,103122-sample_1_lv_0046706_007,8,13.866315,3.2396748,0,1283,Mono_mac
Sample_007_Region,103123-sample_1_lv_0046706_007,11,13.785983,7.2135124,0,1142,VE2
Sample_007_Region,103124-sample_1_lv_0046706_007,3,4.298385,6.1953974,0,297,VE1
Sample_007_Region,103125-sample_1_lv_0046706_007,20,16.727499,14.702047,0,630,Mono_mac
Sample_007_Region,103126-sample_1_lv_0046706_007,1,9.29926,8.576076,0,992,Th
Sample_007_Region,103127-sample_1_lv_0046706_007,4,14.512444,8.8146105,0,645,Pericyte_1
Sample_007_Region,103128-sample_1_lv_0046706_007,32,1.4254515,11.616818,0,229,VE2
Sample_007_Region,103129-sample_1_lv_0046706_007,3,9.962608,5.538605,0,690,Mono_mac
Sample_007_Region,103130-sample_1_lv_0046706_007,22,9.834849,19.544971,0,1490,Mono_mac
Sample_007_Region,103131-sample_1_lv_0046706_007,17,5.3562293,9.84645,0,473,Pericyte_2
Sample_007_Region,103132-sample_1_lv_0046706_007,5,9.684312,3.7665188,0,1110,Mono_mac
Sample_007_Region,103133-sample_1_lv_0046706_007,22,10.009938,18.868767,0,1291,Mono_mac
Sample_007_Region,103134-sample_1_lv_0046706_007,23,6.5319123,19.495562,0,302,Mono_mac
Sample_007_Region,103135-sample_1_lv_0046706_007,22,9.574913,19.282156,0,900,Mono_mac
Sample_007_Region,103136-sample_1_lv_0046706_007,15,5.6020427,2.1059308,0,900,F2
Sample_007_Region,103137-sample_1_lv_0046706_007,0,-6.1857343,7.7906394,0,173,F1
Sample_007_Region,103138-sample_1_lv_0046706_007,3,9.490472,5.506507,0,168,Undifferentiated_KC
Sample_007_Region,103139-sample_1_lv_0046706_007,0,-4.6941814,9.964242,0,246,F3
Sample_007_Region,103140-sample_1_lv_0046706_007,5,13.30861,4.4389734,0,530,Mono_mac
Sample_007_Region,103141-sample_1_lv_0046706_007,5,12.552289,5.1360383,0,1173,F3
Sample_007_Region,103142-sample_1_lv_0046706_007,0,-6.0734224,8.046105,0,115,F1
Sample_007_Region,103143-sample_1_lv_0046706_007,2,11.6463785,7.265423,0,258,Mono_mac
Sample_007_Region,103144-sample_1_lv_0046706_007,2,12.01653,8.71444,0,596,DC2
Sample_007_Region,103145-sample_1_lv_0046706_007,0,-5.031461,9.588,0,272,Undifferentiated_KC
Sample_007_Region,103146-sample_1_lv_0046706_007,3,8.065433,4.322376,0,212,Mono_mac
Sample_007_Region,103147-sample_1_lv_0046706_007,0,-2.447591,7.1366014,0,86,F2
Sample_007_Region,103148-sample_1_lv_0046706_007,0,-2.9469,6.5448303,0,20,Differentiated_KC
Sample_007_Region,103149-sample_1_lv_0046706_007,4,14.25798,7.076987,0,571,Mono_mac
Sample_007_Region,103150-sample_1_lv_0046706_007,2,10.9049015,7.171516,0,469,Tc
Sample_007_Region,103151-sample_1_lv_0046706_007,18,14.640199,2.5354474,0,552,F3
Sample_007_Region,103152-sample_1_lv_0046706_007,1,8.997299,7.5890546,0,227,Mono_mac
Sample_007_Region,103153-sample_1_lv_0046706_007,1,9.465813,7.5143924,0,1517,Mono_mac
Sample_007_Region,103154-sample_1_lv_0046706_007,1,9.602583,8.818552,0,144,DC2
Sample_007_Region,103155-sample_1_lv_0046706_007,30,20.918655,5.7182,0,32,F1
Sample_007_Region,103156-sample_1_lv_0046706_007,15,6.382028,2.5585365,0,268,F2
Sample_007_Region,103157-sample_1_lv_0046706_007,10,16.397366,8.8526,0,216,F2
Sample_007_Region,103158-sample_1_lv_0046706_007,2,11.298117,6.973545,0,330,F2
Sample_007_Region,103159-sample_1_lv_0046706_007,0,-2.4616435,6.9119987,0,313,F2
Sample_007_Region,103160-sample_1_lv_0046706_007,16,7.472329,6.8577976,0,128,F3
Sample_007_Region,103161-sample_1_lv_0046706_007,2,9.466885,7.023461,0,323,F3
Sample_007_Region,103162-sample_1_lv_0046706_007,32,1.5826672,10.294461,0,983,F3
Sample_007_Region,103163-sample_1_lv_0046706_007,2,11.388927,7.419413,0,734,F1
Sample_007_Region,103164-sample_1_lv_0046706_007,2,10.165063,6.725336,0,245,F3
Sample_007_Region,103165-sample_1_lv_0046706_007,3,5.315528,4.960776,0,155,F2
Sample_007_Region,103166-sample_1_lv_0046706_007,30,17.218813,-0.37013462,0,238,F2
Sample_007_Region,103167-sample_1_lv_0046706_007,28,10.859288,-6.822596,0,99,F1
Sample_007_Region,103168-sample_1_lv_0046706_007,10,13.848179,8.177576,0,737,Mono_mac
Sample_007_Region,103169-sample_1_lv_0046706_007,26,7.709324,-4.8639045,0,246,F3
Sample_007_Region,103170-sample_1_lv_0046706_007,19,19.661736,11.094532,0,856,Mono_mac
Sample_007_Region,103171-sample_1_lv_0046706_007,2,9.503987,6.7717543,0,321,F3
Sample_007_Region,103172-sample_1_lv_0046706_007,1,8.627694,8.676264,0,278,F3
Sample_007_Region,103173-sample_1_lv_0046706_007,2,10.036343,6.9721293,0,98,F2
Sample_007_Region,103174-sample_1_lv_0046706_007,18,14.724856,2.501705,0,395,Mono_mac
Sample_007_Region,103175-sample_1_lv_0046706_007,8,12.836374,0.4014549,0,518,Mono_mac
Sample_007_Region,103176-sample_1_lv_0046706_007,9,9.789215,13.95147,0,1720,VE2
Sample_007_Region,103177-sample_1_lv_0046706_007,0,-5.6127205,6.471203,0,31,Mono_mac
Sample_007_Region,103178-sample_1_lv_0046706_007,20,16.822432,14.188894,0,301,F3
Sample_007_Region,103179-sample_1_lv_0046706_007,6,12.507184,15.374833,0,98,F2
Sample_007_Region,103180-sample_1_lv_0046706_007,15,5.9415283,2.2831602,0,283,F3
Sample_007_Region,103181-sample_1_lv_0046706_007,23,6.5593057,19.637075,0,517,Mono_mac
Sample_007_Region,103182-sample_1_lv_0046706_007,2,12.534052,7.561997,0,671,Mono_mac
Sample_007_Region,103183-sample_1_lv_0046706_007,12,13.147705,6.76414,0,324,F3
Sample_007_Region,103184-sample_1_lv_0046706_007,0,-4.374397,7.469296,0,76,Macro_1
Sample_007_Region,103185-sample_1_lv_0046706_007,10,14.676264,10.2028,0,184,F2
Sample_007_Region,103186-sample_1_lv_0046706_007,0,-5.7035103,5.449533,0,383,Mono_mac
Sample_007_Region,103187-sample_1_lv_0046706_007,4,14.54816,8.553772,0,727,F2
Sample_007_Region,103188-sample_1_lv_0046706_007,14,11.889329,4.653321,0,419,F3
Sample_007_Region,103189-sample_1_lv_0046706_007,5,12.5962715,3.8361878,0,844,F3
Sample_007_Region,103190-sample_1_lv_0046706_007,19,20.046434,11.793435,0,168,F2
Sample_007_Region,103191-sample_1_lv_0046706_007,0,-6.394223,6.6207333,0,121,F2
Sample_007_Region,103192-sample_1_lv_0046706_007,0,-2.8403404,6.5892878,0,89,Mono_mac
Sample_007_Region,103193-sample_1_lv_0046706_007,26,6.9502687,-5.6879463,0,247,F2
Sample_007_Region,103194-sample_1_lv_0046706_007,0,-3.9110093,8.861012,0,183,Pericyte_2
Sample_007_Region,103195-sample_1_lv_0046706_007,15,5.967123,2.6705081,0,170,F3
Sample_007_Region,103196-sample_1_lv_0046706_007,0,-4.6665235,7.796717,0,56,F1
Sample_007_Region,103197-sample_1_lv_0046706_007,23,6.64442,19.606136,0,486,F3
Sample_007_Region,103198-sample_1_lv_0046706_007,0,-5.765677,9.219192,0,344,F3
Sample_007_Region,103199-sample_1_lv_0046706_007,0,-2.6166117,6.0688877,0,59,F1
Sample_007_Region,103200-sample_1_lv_0046706_007,26,7.510887,-3.3092003,0,92,F3
Sample_007_Region,103201-sample_1_lv_0046706_007,15,7.174234,1.2155405,0,71,F3
Sample_007_Region,103202-sample_1_lv_0046706_007,5,13.59819,4.2647386,0,140,F3
Sample_007_Region,103203-sample_1_lv_0046706_007,5,8.964499,2.1890075,0,57,Mono_mac
Sample_007_Region,103204-sample_1_lv_0046706_007,5,8.934453,6.3801603,0,114,LE1
Sample_007_Region,103205-sample_1_lv_0046706_007,2,10.965528,7.0785646,0,282,F3
Sample_007_Region,103206-sample_1_lv_0046706_007,5,7.839844,2.0879364,0,130,F1
Sample_007_Region,103207-sample_1_lv_0046706_007,10,16.265068,8.938294,0,332,F2
Sample_007_Region,103208-sample_1_lv_0046706_007,15,7.4892397,1.1975123,0,90,F3
Sample_007_Region,103209-sample_1_lv_0046706_007,3,7.3896213,6.1382895,0,53,F1
Sample_007_Region,103210-sample_1_lv_0046706_007,12,14.223388,5.81246,0,39,F3
Sample_007_Region,103211-sample_1_lv_0046706_007,0,-5.177868,7.072225,0,20,F2
Sample_007_Region,103212-sample_1_lv_0046706_007,3,7.4201674,6.0393095,0,22,F1
Sample_007_Region,103213-sample_1_lv_0046706_007,0,-3.0706568,7.299237,0,38,F1
Sample_007_Region,103214-sample_1_lv_0046706_007,20,16.37332,14.8649235,0,283,DC2
Sample_007_Region,103215-sample_1_lv_0046706_007,0,-4.829928,5.9247293,0,106,F2
Sample_007_Region,103216-sample_1_lv_0046706_007,19,19.89426,13.860629,0,453,F3
Sample_007_Region,103217-sample_1_lv_0046706_007,2,11.296045,7.6756363,0,388,F1
Sample_007_Region,103218-sample_1_lv_0046706_007,0,-4.1648974,5.0675473,0,63,F1
Sample_007_Region,103219-sample_1_lv_0046706_007,31,9.240657,-2.7327132,0,23,ILC2
Sample_007_Region,103220-sample_1_lv_0046706_007,1,7.5874214,8.038472,0,98,Macro_1
Sample_007_Region,103221-sample_1_lv_0046706_007,0,-5.3640532,7.46602,0,34,F1
Sample_007_Region,103222-sample_1_lv_0046706_007,0,-3.5321794,8.513094,0,114,ILC1_3
Sample_007_Region,103223-sample_1_lv_0046706_007,0,-2.5120525,6.5335517,0,32,Pericyte_1
Sample_007_Region,103224-sample_1_lv_0046706_007,0,-4.4406466,8.235707,0,7,F1
Sample_007_Region,103225-sample_1_lv_0046706_007,9,9.621761,14.734155,0,528,F2
Sample_007_Region,103226-sample_1_lv_0046706_007,23,6.338684,18.363987,0,359,F2
Sample_007_Region,103227-sample_1_lv_0046706_007,20,16.600449,14.541388,0,120,F3
Sample_007_Region,103228-sample_1_lv_0046706_007,2,9.916885,6.745676,0,272,F2
Sample_007_Region,103229-sample_1_lv_0046706_007,0,-5.7831407,8.766867,0,79,F3
Sample_007_Region,103230-sample_1_lv_0046706_007,2,9.427521,6.8753695,0,305,F3
Sample_007_Region,103231-sample_1_lv_0046706_007,32,1.3109713,11.980279,0,168,F3
Sample_007_Region,103232-sample_1_lv_0046706_007,24,8.614828,-0.9350973,0,111,Mono_mac
Sample_007_Region,103233-sample_1_lv_0046706_007,19,20.044573,11.345197,0,313,F3
Sample_007_Region,103234-sample_1_lv_0046706_007,0,-3.6538067,6.5299525,0,29,F1
Sample_007_Region,103235-sample_1_lv_0046706_007,0,-6.1303186,7.502997,0,126,F1
Sample_007_Region,103236-sample_1_lv_0046706_007,0,-4.1005683,6.6358824,0,421,F2
Sample_007_Region,103237-sample_1_lv_0046706_007,5,12.393906,5.1484885,0,1165,Mono_mac
Sample_007_Region,103238-sample_1_lv_0046706_007,5,12.253503,5.132621,0,1238,Mono_mac
Sample_007_Region,103239-sample_1_lv_0046706_007,4,14.864617,6.6134086,0,593,Mono_mac
Sample_007_Region,103240-sample_1_lv_0046706_007,4,14.146432,7.993587,0,925,Mono_mac
Sample_007_Region,103246-sample_1_lv_0046706_007,1,7.46522,8.248208,0,136,F2
Sample_007_Region,103247-sample_1_lv_0046706_007,2,10.342519,7.29842,0,729,F1
Sample_007_Region,103248-sample_1_lv_0046706_007,1,11.1281185,9.422016,0,211,F1
Sample_007_Region,103249-sample_1_lv_0046706_007,2,9.718889,6.936918,0,115,F3
Sample_007_Region,103250-sample_1_lv_0046706_007,9,9.480916,13.477956,0,387,F2
Sample_007_Region,103251-sample_1_lv_0046706_007,19,20.180845,11.977238,0,786,F1
Sample_007_Region,103252-sample_1_lv_0046706_007,15,3.4506855,7.104871,0,38,Th
Sample_007_Region,103253-sample_1_lv_0046706_007,1,8.404583,8.402072,0,428,F1
Sample_007_Region,103254-sample_1_lv_0046706_007,12,13.062515,7.097328,0,79,F1
Sample_007_Region,103255-sample_1_lv_0046706_007,7,5.9957175,9.07885,0,641,F2
Sample_007_Region,103256-sample_1_lv_0046706_007,2,9.583391,6.8462143,0,417,Macro_1
Sample_007_Region,103257-sample_1_lv_0046706_007,1,9.89674,8.866661,0,309,DC2
Sample_007_Region,103258-sample_1_lv_0046706_007,0,-5.3723564,6.5605593,0,918,F3
Sample_007_Region,103259-sample_1_lv_0046706_007,3,6.3293743,5.6103106,0,139,ILC1_3
Sample_007_Region,103260-sample_1_lv_0046706_007,17,2.6350083,13.119854,0,212,Macro_1
Sample_007_Region,103261-sample_1_lv_0046706_007,32,1.3828706,10.189276,0,83,Mono_mac
Sample_007_Region,103262-sample_1_lv_0046706_007,2,9.90341,6.5247965,0,75,F1
Sample_007_Region,103263-sample_1_lv_0046706_007,28,9.027198,-7.086196,0,33,DC2
Sample_007_Region,103264-sample_1_lv_0046706_007,1,9.896385,8.6289015,0,144,Mono_mac
Sample_007_Region,103265-sample_1_lv_0046706_007,13,9.1675005,11.554359,0,652,F2
Sample_007_Region,103269-sample_1_lv_0046706_007,13,9.991776,12.264776,0,432,F2
Sample_007_Region,103270-sample_1_lv_0046706_007,17,1.7566382,13.299775,0,448,F1
Sample_007_Region,103271-sample_1_lv_0046706_007,9,9.323577,13.594021,0,461,F2
Sample_007_Region,103273-sample_1_lv_0046706_007,11,12.028241,9.108353,0,139,F3
Sample_007_Region,103274-sample_1_lv_0046706_007,5,10.041918,3.6931455,0,227,F3
Sample_007_Region,103275-sample_1_lv_0046706_007,19,19.691294,11.355466,0,704,Mono_mac
Sample_007_Region,103276-sample_1_lv_0046706_007,23,6.8336196,19.211779,0,536,F1
Sample_007_Region,103277-sample_1_lv_0046706_007,0,-4.8843737,5.567436,0,310,F3
Sample_007_Region,103278-sample_1_lv_0046706_007,0,-3.6309493,6.3215795,0,94,F1
Sample_007_Region,103279-sample_1_lv_0046706_007,12,12.997696,7.686407,0,550,F2
Sample_007_Region,103280-sample_1_lv_0046706_007,8,12.702401,0.7033235,0,343,F2
Sample_007_Region,103281-sample_1_lv_0046706_007,23,6.200226,18.576532,0,440,F2
Sample_007_Region,103282-sample_1_lv_0046706_007,2,11.952963,8.033934,0,259,F3
Sample_007_Region,103283-sample_1_lv_0046706_007,16,6.248785,8.967643,0,41,ILC1_3
Sample_007_Region,103284-sample_1_lv_0046706_007,35,4.0791078,2.2423952,0,37,Mono_mac
Sample_007_Region,103285-sample_1_lv_0046706_007,24,9.350876,0.25760305,0,72,Pericyte_1
Sample_007_Region,103286-sample_1_lv_0046706_007,12,13.22702,7.32708,0,169,Mono_mac
Sample_007_Region,103287-sample_1_lv_0046706_007,2,9.312467,7.889919,0,253,Mono_mac
Sample_007_Region,103288-sample_1_lv_0046706_007,33,1.2369821,20.996742,0,366,F3
Sample_007_Region,103289-sample_1_lv_0046706_007,1,11.640289,11.186725,0,382,F2
Sample_007_Region,103290-sample_1_lv_0046706_007,0,-4.169214,8.545326,0,82,F3
Sample_007_Region,103291-sample_1_lv_0046706_007,9,9.955194,14.568439,0,1310,F2
Sample_007_Region,103292-sample_1_lv_0046706_007,3,9.901684,5.197307,0,93,Mono_mac
Sample_007_Region,103293-sample_1_lv_0046706_007,0,-5.470487,8.879437,0,53,F3
Sample_007_Region,103294-sample_1_lv_0046706_007,0,-4.0138183,7.0575504,0,168,VE2
Sample_007_Region,103295-sample_1_lv_0046706_007,17,2.5524745,13.125783,0,693,Mono_mac
Sample_007_Region,103296-sample_1_lv_0046706_007,13,9.120705,11.587909,0,534,F2
Sample_007_Region,103297-sample_1_lv_0046706_007,14,12.053891,3.87613,0,1355,Mono_mac
Sample_007_Region,103298-sample_1_lv_0046706_007,16,5.9754825,7.1754003,0,649,F3
Sample_007_Region,103299-sample_1_lv_0046706_007,0,-3.9878876,6.324291,0,497,Mono_mac
Sample_007_Region,103300-sample_1_lv_0046706_007,0,-4.6590705,8.735379,0,375,F2
Sample_007_Region,103301-sample_1_lv_0046706_007,30,16.532839,0.21232665,0,349,Mono_mac
Sample_007_Region,103302-sample_1_lv_0046706_007,5,12.433156,5.2130733,0,679,F3
Sample_007_Region,103303-sample_1_lv_0046706_007,5,12.661726,6.0663357,0,857,VE3
Sample_007_Region,103304-sample_1_lv_0046706_007,18,16.38887,2.9607053,0,355,VE2
Sample_007_Region,103305-sample_1_lv_0046706_007,3,9.838539,5.3723664,0,190,DC2
Sample_007_Region,103306-sample_1_lv_0046706_007,27,1.480138,4.993764,0,187,F1
Sample_007_Region,103307-sample_1_lv_0046706_007,5,9.921249,2.589689,0,322,F1
Sample_007_Region,103308-sample_1_lv_0046706_007,30,14.731059,1.2905837,0,83,Mono_mac
Sample_007_Region,103309-sample_1_lv_0046706_007,3,8.094007,4.247011,0,110,Mono_mac
Sample_007_Region,103310-sample_1_lv_0046706_007,0,-2.8510215,8.425973,0,484,F2
Sample_007_Region,103311-sample_1_lv_0046706_007,9,10.869446,14.022353,0,526,Mono_mac
Sample_007_Region,103312-sample_1_lv_0046706_007,30,20.188301,3.9703145,0,57,F3
Sample_007_Region,103313-sample_1_lv_0046706_007,30,20.362837,4.534449,0,49,F1
Sample_007_Region,103314-sample_1_lv_0046706_007,1,10.569414,8.313016,0,199,Mono_mac
Sample_007_Region,103315-sample_1_lv_0046706_007,0,-4.0995197,8.66066,0,159,F2
Sample_007_Region,103316-sample_1_lv_0046706_007,2,12.903494,7.016477,0,432,F1
Sample_007_Region,103317-sample_1_lv_0046706_007,13,6.6270056,13.75042,0,142,F1
Sample_007_Region,103318-sample_1_lv_0046706_007,13,10.455501,11.907533,0,760,F2
Sample_007_Region,103319-sample_1_lv_0046706_007,13,6.599853,13.732422,0,244,F1
Sample_007_Region,103330-sample_1_lv_0046706_007,23,6.5327063,19.62431,0,73,ILC1_3
Sample_007_Region,103331-sample_1_lv_0046706_007,4,14.495709,7.009499,0,788,F1
Sample_007_Region,103332-sample_1_lv_0046706_007,13,10.584862,11.580661,0,626,F1
Sample_007_Region,103333-sample_1_lv_0046706_007,1,8.773669,7.6117396,0,150,F1
Sample_007_Region,103334-sample_1_lv_0046706_007,2,9.773819,6.480423,0,78,Mono_mac
Sample_007_Region,103335-sample_1_lv_0046706_007,24,9.41726,0.07563899,0,88,F2
Sample_007_Region,103344-sample_1_lv_0046706_007,3,10.461745,5.615385,0,79,F1
Sample_007_Region,103345-sample_1_lv_0046706_007,10,13.997987,9.793615,0,1104,F2
Sample_007_Region,103346-sample_1_lv_0046706_007,0,-3.628439,8.676705,0,239,F2
Sample_007_Region,103347-sample_1_lv_0046706_007,0,-5.7108326,6.2724433,0,40,F2
Sample_007_Region,103348-sample_1_lv_0046706_007,3,7.158086,4.9233403,0,276,F2
Sample_007_Region,103349-sample_1_lv_0046706_007,3,7.9983597,4.940652,0,199,F2
Sample_007_Region,103350-sample_1_lv_0046706_007,20,16.648464,14.74477,0,133,Mono_mac
Sample_007_Region,103351-sample_1_lv_0046706_007,6,13.373215,15.406413,0,314,F2
Sample_007_Region,103352-sample_1_lv_0046706_007,2,12.449629,6.8016176,0,224,F2
Sample_007_Region,103353-sample_1_lv_0046706_007,10,16.477058,8.855459,0,532,F2
Sample_007_Region,103354-sample_1_lv_0046706_007,0,-5.480997,7.2202964,0,183,F1
Sample_007_Region,103355-sample_1_lv_0046706_007,0,-3.5536506,8.413901,0,9,F1
Sample_007_Region,103356-sample_1_lv_0046706_007,19,19.6967,11.541529,0,407,LE1
Sample_007_Region,103357-sample_1_lv_0046706_007,1,8.7844095,8.780313,0,283,F1
Sample_007_Region,103358-sample_1_lv_0046706_007,13,9.609107,11.549253,0,317,Macro_1
Sample_007_Region,103359-sample_1_lv_0046706_007,13,9.12919,12.282246,0,301,F2
Sample_007_Region,103360-sample_1_lv_0046706_007,12,13.619073,7.4605503,0,206,F1
Sample_007_Region,103361-sample_1_lv_0046706_007,0,-4.8916955,7.257815,0,1,Differentiated_KC
Sample_007_Region,103362-sample_1_lv_0046706_007,0,-3.141996,8.810765,0,9,F1
Sample_007_Region,103363-sample_1_lv_0046706_007,30,20.751562,5.3669634,0,25,DC2
Sample_007_Region,103364-sample_1_lv_0046706_007,30,20.322813,4.1279554,0,62,Th
Sample_007_Region,103365-sample_1_lv_0046706_007,20,17.333614,15.147673,0,682,F1
Sample_007_Region,103366-sample_1_lv_0046706_007,8,13.694048,-0.107504465,0,202,F3
Sample_007_Region,103367-sample_1_lv_0046706_007,10,12.959303,9.224308,0,305,F1
Sample_007_Region,103368-sample_1_lv_0046706_007,12,14.78771,5.320467,0,337,F2
Sample_007_Region,103369-sample_1_lv_0046706_007,33,1.0623416,20.894073,0,383,F1
Sample_007_Region,103383-sample_1_lv_0046706_007,6,12.124753,13.437317,0,279,LE2
Sample_007_Region,103384-sample_1_lv_0046706_007,13,9.809808,11.417295,0,536,F2
Sample_007_Region,103385-sample_1_lv_0046706_007,12,13.723389,6.756632,0,361,ILC1_3
Sample_007_Region,103386-sample_1_lv_0046706_007,10,13.4722395,8.374595,0,447,Mono_mac
Sample_007_Region,103389-sample_1_lv_0046706_007,30,20.903105,5.6693225,0,19,moDC
Sample_007_Region,103390-sample_1_lv_0046706_007,13,9.852303,11.321575,0,322,F1
Sample_007_Region,103391-sample_1_lv_0046706_007,1,12.351553,9.602774,0,86,Mono_mac
Sample_007_Region,103392-sample_1_lv_0046706_007,1,9.866283,8.020703,0,41,DC2
Sample_007_Region,103393-sample_1_lv_0046706_007,20,17.309921,14.935756,0,305,F2
Sample_007_Region,103394-sample_1_lv_0046706_007,0,-3.68663,7.300968,0,142,F2
Sample_007_Region,103395-sample_1_lv_0046706_007,16,5.9568496,7.6773233,0,35,DC2
Sample_007_Region,103396-sample_1_lv_0046706_007,2,11.344729,7.5765944,0,60,F1
Sample_007_Region,103397-sample_1_lv_0046706_007,24,8.572317,-1.073936,0,77,F3
Sample_007_Region,103398-sample_1_lv_0046706_007,2,11.317539,7.447564,0,184,Th
Sample_007_Region,103399-sample_1_lv_0046706_007,5,12.887803,5.280031,0,141,LE2
Sample_007_Region,103400-sample_1_lv_0046706_007,2,11.638801,7.796579,0,54,Undifferentiated_KC
Sample_007_Region,103401-sample_1_lv_0046706_007,35,3.9649467,2.3715453,0,45,Mono_mac
Sample_007_Region,103402-sample_1_lv_0046706_007,19,20.140339,11.528723,0,213,F3
Sample_007_Region,103403-sample_1_lv_0046706_007,22,9.881971,19.033842,0,1435,Pericyte_1
Sample_007_Region,103404-sample_1_lv_0046706_007,1,9.705434,8.457525,0,109,LC
Sample_007_Region,103405-sample_1_lv_0046706_007,22,9.685267,19.156755,0,2816,Mono_mac
Sample_007_Region,103406-sample_1_lv_0046706_007,16,6.2873263,7.4842577,0,1741,F2
Sample_007_Region,103407-sample_1_lv_0046706_007,23,6.608098,19.509207,0,435,F2
Sample_007_Region,103408-sample_1_lv_0046706_007,16,6.7009735,6.644419,0,376,F1
Sample_007_Region,103409-sample_1_lv_0046706_007,5,9.267987,3.0899374,0,497,F1
Sample_007_Region,103410-sample_1_lv_0046706_007,5,8.868489,3.491149,0,910,Pericyte_2
Sample_007_Region,103411-sample_1_lv_0046706_007,5,13.949934,4.847425,0,1366,Mono_mac
Sample_007_Region,103412-sample_1_lv_0046706_007,5,8.679681,2.7078798,0,782,Mono_mac
Sample_007_Region,103413-sample_1_lv_0046706_007,13,10.03101,12.218751,0,1137,VE2
Sample_007_Region,103414-sample_1_lv_0046706_007,9,9.855798,14.613311,0,986,F2
Sample_007_Region,103415-sample_1_lv_0046706_007,0,-4.6007285,8.142494,0,228,Tc
Sample_007_Region,103416-sample_1_lv_0046706_007,5,12.526136,5.17442,0,1547,Mono_mac
Sample_007_Region,103417-sample_1_lv_0046706_007,8,13.536173,0.67910475,0,631,Mono_mac
Sample_007_Region,103418-sample_1_lv_0046706_007,9,9.387716,14.449691,0,476,F2
Sample_007_Region,103419-sample_1_lv_0046706_007,0,-4.7602034,5.57945,0,261,F2
Sample_007_Region,103420-sample_1_lv_0046706_007,15,5.9931746,2.691113,0,191,F3
Sample_007_Region,103421-sample_1_lv_0046706_007,23,6.6829658,19.651712,0,111,ILC1_3
Sample_007_Region,103422-sample_1_lv_0046706_007,23,6.1733127,18.429192,0,360,F1
Sample_007_Region,103423-sample_1_lv_0046706_007,9,9.003521,14.325438,0,325,F1
Sample_007_Region,103424-sample_1_lv_0046706_007,5,12.224607,5.450417,0,672,VE3
Sample_007_Region,103425-sample_1_lv_0046706_007,0,-3.0596297,5.2313375,0,95,Mono_mac
Sample_007_Region,103426-sample_1_lv_0046706_007,22,10.830082,19.263935,0,603,VE3
Sample_007_Region,103427-sample_1_lv_0046706_007,2,10.086169,7.1943493,0,154,Tc
Sample_007_Region,103452-sample_1_lv_0046706_007,7,3.4856684,6.1956606,0,14,Th
Sample_007_Region,103455-sample_1_lv_0046706_007,23,6.3141866,18.27243,0,61,Undifferentiated_KC
Sample_007_Region,103456-sample_1_lv_0046706_007,10,14.23676,9.430964,0,449,Mono_mac
Sample_007_Region,103457-sample_1_lv_0046706_007,13,8.979425,10.960789,0,514,F2
Sample_007_Region,103458-sample_1_lv_0046706_007,1,10.943914,8.625725,0,196,Mono_mac
Sample_007_Region,103459-sample_1_lv_0046706_007,10,13.411097,10.541179,0,1009,F2
Sample_007_Region,103460-sample_1_lv_0046706_007,8,12.011868,0.7185931,0,273,F2
Sample_007_Region,103461-sample_1_lv_0046706_007,2,9.61368,6.408558,0,815,F1
Sample_007_Region,103462-sample_1_lv_0046706_007,0,-5.706173,7.8708897,0,44,F2
Sample_007_Region,103463-sample_1_lv_0046706_007,3,6.6479897,4.831534,0,98,Mono_mac
Sample_007_Region,103464-sample_1_lv_0046706_007,11,10.254274,9.265255,0,580,F1
Sample_007_Region,103465-sample_1_lv_0046706_007,10,12.627572,9.046259,0,322,DC2
Sample_007_Region,103466-sample_1_lv_0046706_007,3,8.112784,4.3333216,0,82,Mono_mac
Sample_007_Region,103467-sample_1_lv_0046706_007,1,9.034974,8.467116,0,221,F1
Sample_007_Region,103468-sample_1_lv_0046706_007,1,10.043061,8.178315,0,179,DC2
Sample_007_Region,103469-sample_1_lv_0046706_007,0,-5.199782,8.318523,0,39,MigDC
Sample_007_Region,103470-sample_1_lv_0046706_007,17,1.7745906,13.366806,0,715,F1
Sample_007_Region,103471-sample_1_lv_0046706_007,13,9.006931,11.641136,0,654,F3
Sample_007_Region,103472-sample_1_lv_0046706_007,5,8.4043455,2.923175,0,641,F2
Sample_007_Region,103473-sample_1_lv_0046706_007,2,9.437769,7.168202,0,71,F3
Sample_007_Region,103474-sample_1_lv_0046706_007,15,7.01831,2.8189542,0,222,Mono_mac
Sample_007_Region,103475-sample_1_lv_0046706_007,4,15.582864,6.860398,0,608,F2
Sample_007_Region,103476-sample_1_lv_0046706_007,8,12.387238,0.53137344,0,728,F2
Sample_007_Region,103477-sample_1_lv_0046706_007,8,9.517772,1.0464219,0,294,F1
Sample_007_Region,103478-sample_1_lv_0046706_007,10,13.228768,8.099334,0,1318,F3
Sample_007_Region,103479-sample_1_lv_0046706_007,16,5.8479424,6.376081,0,479,Mono_mac
Sample_007_Region,103480-sample_1_lv_0046706_007,0,-3.3609896,7.5274124,0,169,Pericyte_2
Sample_007_Region,103481-sample_1_lv_0046706_007,23,6.251597,18.44489,0,354,F1
Sample_007_Region,103482-sample_1_lv_0046706_007,3,8.273199,5.0748034,0,178,F3
Sample_007_Region,103483-sample_1_lv_0046706_007,4,14.882905,7.8773656,0,406,F1
Sample_007_Region,103484-sample_1_lv_0046706_007,0,-6.575204,6.0897303,0,15,Macro_1
Sample_007_Region,103485-sample_1_lv_0046706_007,2,9.993122,6.301311,0,290,Tc
Sample_007_Region,103486-sample_1_lv_0046706_007,19,20.04973,14.109529,0,107,ILC1_3
Sample_007_Region,103487-sample_1_lv_0046706_007,35,4.0357122,2.2129378,0,54,Macro_1
Sample_007_Region,103488-sample_1_lv_0046706_007,0,-3.8850465,8.613793,0,214,F2
Sample_007_Region,103489-sample_1_lv_0046706_007,29,6.467864,4.2080355,0,186,F1
Sample_007_Region,103490-sample_1_lv_0046706_007,0,-6.2065396,7.9773383,0,9,ILC1_3
Sample_007_Region,103526-sample_1_lv_0046706_007,0,-4.151381,7.2985535,0,271,Th
Sample_007_Region,103528-sample_1_lv_0046706_007,3,9.266645,4.329473,0,41,F1
Sample_007_Region,103529-sample_1_lv_0046706_007,9,9.063986,14.192452,0,373,F2
Sample_007_Region,103530-sample_1_lv_0046706_007,9,9.934031,14.825641,0,477,F2
Sample_007_Region,103531-sample_1_lv_0046706_007,12,16.117779,4.3495092,0,87,F3
Sample_007_Region,103534-sample_1_lv_0046706_007,8,12.405855,1.2576886,0,478,F3
Sample_007_Region,103536-sample_1_lv_0046706_007,9,9.674056,14.634292,0,350,Pericyte_2
Sample_007_Region,103537-sample_1_lv_0046706_007,12,13.469404,7.490767,0,154,Mono_mac
Sample_007_Region,103538-sample_1_lv_0046706_007,0,-2.716091,7.1152,0,48,Pericyte_1
Sample_007_Region,103539-sample_1_lv_0046706_007,30,15.343368,1.2861308,0,36,F1
Sample_007_Region,103540-sample_1_lv_0046706_007,18,16.206535,1.9713745,0,461,Mono_mac
Sample_007_Region,103541-sample_1_lv_0046706_007,5,12.490209,5.8243713,0,571,F3
Sample_007_Region,103542-sample_1_lv_0046706_007,16,6.57394,6.7115297,0,661,F3
Sample_007_Region,103543-sample_1_lv_0046706_007,0,-4.6265473,7.120993,0,135,Pericyte_2
Sample_007_Region,103544-sample_1_lv_0046706_007,1,9.627711,9.287615,0,76,F1
Sample_007_Region,103545-sample_1_lv_0046706_007,12,13.611676,7.548962,0,49,ILC1_3
Sample_007_Region,103546-sample_1_lv_0046706_007,11,10.427888,10.117231,0,444,F1
Sample_007_Region,103547-sample_1_lv_0046706_007,9,9.296386,14.328131,0,401,F2
Sample_007_Region,103548-sample_1_lv_0046706_007,14,10.826933,3.9021091,0,106,Pericyte_1
Sample_007_Region,103549-sample_1_lv_0046706_007,8,13.83624,1.5653143,0,224,Mono_mac
Sample_007_Region,103550-sample_1_lv_0046706_007,3,9.561116,4.673297,0,54,F2
Sample_007_Region,103551-sample_1_lv_0046706_007,9,9.683974,14.362607,0,547,F2
Sample_007_Region,103552-sample_1_lv_0046706_007,14,12.05485,3.9840174,0,544,F3
Sample_007_Region,103553-sample_1_lv_0046706_007,0,-3.8874333,6.790233,0,45,Pericyte_1
Sample_007_Region,103554-sample_1_lv_0046706_007,5,8.195897,2.120422,0,336,Pericyte_1
Sample_007_Region,103555-sample_1_lv_0046706_007,0,-4.283276,8.444832,0,29,Pericyte_1
Sample_007_Region,103556-sample_1_lv_0046706_007,9,9.638644,14.630157,0,828,F3
Sample_007_Region,103557-sample_1_lv_0046706_007,0,-2.9697726,6.2244687,0,379,Pericyte_1
Sample_007_Region,103558-sample_1_lv_0046706_007,5,12.278967,6.119491,0,661,VE2
Sample_007_Region,103559-sample_1_lv_0046706_007,0,-2.6067889,7.238469,0,248,F1
Sample_007_Region,103560-sample_1_lv_0046706_007,0,-5.1132655,8.274136,0,25,F1
Sample_007_Region,103561-sample_1_lv_0046706_007,15,7.880444,0.08841016,0,93,Mono_mac
Sample_007_Region,103562-sample_1_lv_0046706_007,23,6.7883987,19.095478,0,591,ILC1_3
Sample_007_Region,103563-sample_1_lv_0046706_007,15,5.6996984,2.1276588,0,370,Pericyte_2
Sample_007_Region,103564-sample_1_lv_0046706_007,0,-3.6020255,8.332319,0,85,Pericyte_1
Sample_007_Region,103565-sample_1_lv_0046706_007,18,15.085074,2.7696006,0,257,F3
Sample_007_Region,103566-sample_1_lv_0046706_007,18,16.417746,2.922939,0,584,F3
Sample_007_Region,103590-sample_1_lv_0046706_007,25,9.376536,22.170038,0,231,Undifferentiated_KC
Sample_007_Region,103591-sample_1_lv_0046706_007,7,16.313196,12.370311,0,116,Undifferentiated_KC
Sample_007_Region,103592-sample_1_lv_0046706_007,7,15.136532,11.720539,0,230,Undifferentiated_KC
Sample_007_Region,103593-sample_1_lv_0046706_007,7,14.157614,12.152766,0,153,Macro_1
Sample_007_Region,103594-sample_1_lv_0046706_007,4,14.975681,7.3434544,0,129,Undifferentiated_KC
Sample_007_Region,103595-sample_1_lv_0046706_007,16,5.792898,8.457067,0,214,Undifferentiated_KC
Sample_007_Region,103596-sample_1_lv_0046706_007,0,-3.7711694,6.4738755,0,155,Undifferentiated_KC
Sample_007_Region,103597-sample_1_lv_0046706_007,32,1.6048585,11.32616,0,93,Macro_1
Sample_007_Region,103598-sample_1_lv_0046706_007,8,14.19334,-0.7456257,0,110,F2
Sample_007_Region,103599-sample_1_lv_0046706_007,7,15.064298,11.735064,0,184,Undifferentiated_KC
Sample_007_Region,103600-sample_1_lv_0046706_007,16,5.916368,8.301323,0,109,Undifferentiated_KC
Sample_007_Region,103601-sample_1_lv_0046706_007,4,7.1599636,9.313774,0,468,Undifferentiated_KC
Sample_007_Region,103602-sample_1_lv_0046706_007,7,15.929733,11.713244,0,378,Undifferentiated_KC
Sample_007_Region,103603-sample_1_lv_0046706_007,0,-4.521911,7.569769,0,809,F2
Sample_007_Region,103604-sample_1_lv_0046706_007,6,14.299293,14.667035,0,392,F2
Sample_007_Region,103605-sample_1_lv_0046706_007,7,14.541118,12.2129,0,159,Undifferentiated_KC
Sample_007_Region,103606-sample_1_lv_0046706_007,25,9.391707,22.037695,0,51,Differentiated_KC
Sample_007_Region,103607-sample_1_lv_0046706_007,1,5.9462767,10.957945,0,153,VE2
Sample_007_Region,103608-sample_1_lv_0046706_007,11,11.623436,9.128689,0,497,F1
Sample_007_Region,103609-sample_1_lv_0046706_007,16,5.935868,7.652283,0,56,Mono_mac
Sample_007_Region,103610-sample_1_lv_0046706_007,15,6.205698,0.85317695,0,26,Pericyte_1
Sample_007_Region,103611-sample_1_lv_0046706_007,0,-6.5331144,7.0654373,0,144,Pericyte_1
Sample_007_Region,103612-sample_1_lv_0046706_007,0,-6.7310576,8.091947,0,49,Mono_mac
Sample_007_Region,103613-sample_1_lv_0046706_007,7,16.433704,11.894086,0,230,Undifferentiated_KC
Sample_007_Region,103614-sample_1_lv_0046706_007,9,9.653976,14.932375,0,387,F2
Sample_007_Region,103615-sample_1_lv_0046706_007,27,1.5512078,5.0470705,0,194,F3
Sample_007_Region,103616-sample_1_lv_0046706_007,0,-4.178271,6.301188,0,78,F1
Sample_007_Region,103617-sample_1_lv_0046706_007,8,12.263032,1.0072178,0,111,Undifferentiated_KC
Sample_007_Region,103618-sample_1_lv_0046706_007,0,-3.266505,7.016148,0,15,F3
Sample_007_Region,103619-sample_1_lv_0046706_007,25,9.369424,21.977278,0,115,Undifferentiated_KC
Sample_007_Region,103620-sample_1_lv_0046706_007,6,14.16366,14.664008,0,270,Undifferentiated_KC
Sample_007_Region,103621-sample_1_lv_0046706_007,6,12.322174,13.161064,0,70,F1
Sample_007_Region,103622-sample_1_lv_0046706_007,0,-3.5877163,6.257179,0,57,VE2
Sample_007_Region,103623-sample_1_lv_0046706_007,7,15.82144,11.6719,0,162,Undifferentiated_KC
Sample_007_Region,103624-sample_1_lv_0046706_007,1,7.570072,8.358958,0,489,F2
Sample_007_Region,103625-sample_1_lv_0046706_007,0,-5.17307,6.129449,0,577,F2
Sample_007_Region,103626-sample_1_lv_0046706_007,0,-6.1290665,7.03266,0,469,F2
Sample_007_Region,103627-sample_1_lv_0046706_007,0,-2.9128582,5.817526,0,139,Th
Sample_007_Region,103628-sample_1_lv_0046706_007,17,5.4129806,9.779556,0,376,F2
Sample_007_Region,103629-sample_1_lv_0046706_007,9,8.8933,14.5893345,0,196,F2
Sample_007_Region,103630-sample_1_lv_0046706_007,5,13.447294,5.2596602,0,203,LE2
Sample_007_Region,103631-sample_1_lv_0046706_007,16,6.7409754,6.8086996,0,175,F2
Sample_007_Region,103632-sample_1_lv_0046706_007,5,11.870114,4.7544975,0,284,LE2
Sample_007_Region,103633-sample_1_lv_0046706_007,4,14.685891,8.893999,0,383,F2
Sample_007_Region,103634-sample_1_lv_0046706_007,10,14.432887,10.21545,0,256,F1
Sample_007_Region,103635-sample_1_lv_0046706_007,31,10.914825,-1.5944526,0,186,Undifferentiated_KC
Sample_007_Region,103636-sample_1_lv_0046706_007,7,16.591156,11.996032,0,318,Undifferentiated_KC
Sample_007_Region,103637-sample_1_lv_0046706_007,4,7.304178,9.118247,0,87,F1
Sample_007_Region,103638-sample_1_lv_0046706_007,6,14.602134,14.50318,0,580,Undifferentiated_KC
Sample_007_Region,103639-sample_1_lv_0046706_007,7,16.118334,11.568054,0,259,Undifferentiated_KC
Sample_007_Region,103640-sample_1_lv_0046706_007,0,-3.5606275,5.806635,0,43,F1
Sample_007_Region,103641-sample_1_lv_0046706_007,3,8.464496,5.2209787,0,97,F1
Sample_007_Region,103642-sample_1_lv_0046706_007,11,11.434125,8.741017,0,1356,F1
Sample_007_Region,103643-sample_1_lv_0046706_007,0,-5.199958,8.775246,0,29,Macro_1
Sample_007_Region,103644-sample_1_lv_0046706_007,17,2.643938,13.109231,0,139,F1
Sample_007_Region,103645-sample_1_lv_0046706_007,0,-3.8445566,7.0576997,0,559,F1
Sample_007_Region,103646-sample_1_lv_0046706_007,0,-6.4368196,7.0187116,0,80,F1
Sample_007_Region,103647-sample_1_lv_0046706_007,15,5.4920135,3.3514383,0,74,F3
Sample_007_Region,103648-sample_1_lv_0046706_007,33,0.8707478,20.94671,0,172,Mono_mac
Sample_007_Region,103649-sample_1_lv_0046706_007,20,17.078295,15.245053,0,307,F1
Sample_007_Region,103650-sample_1_lv_0046706_007,4,14.805019,6.9561377,0,144,LE2
Sample_007_Region,103651-sample_1_lv_0046706_007,5,13.019358,3.2737734,0,113,LE2
Sample_007_Region,103652-sample_1_lv_0046706_007,0,-2.9408207,6.1885376,0,85,F1
Sample_007_Region,103653-sample_1_lv_0046706_007,3,6.6082754,5.0396423,0,149,F1
Sample_007_Region,103658-sample_1_lv_0046706_007,3,6.1736946,4.8967795,0,25,Mono_mac
Sample_007_Region,103659-sample_1_lv_0046706_007,8,12.213104,0.9606566,0,253,F2
Sample_007_Region,103716-sample_1_lv_0046706_007,0,-3.0633214,7.881365,0,165,F1
Sample_007_Region,103717-sample_1_lv_0046706_007,34,1.984869,15.91713,0,58,Mono_mac
Sample_007_Region,103718-sample_1_lv_0046706_007,0,-4.789889,6.0699058,0,52,F1
Sample_007_Region,103719-sample_1_lv_0046706_007,16,6.586876,8.165696,0,57,Mono_mac
Sample_007_Region,103720-sample_1_lv_0046706_007,24,8.552625,-1.0803779,0,39,F1
Sample_007_Region,103721-sample_1_lv_0046706_007,0,-3.4227645,7.5972733,0,187,Undifferentiated_KC
Sample_007_Region,103722-sample_1_lv_0046706_007,4,16.449324,6.8566875,0,28,F2
Sample_007_Region,103723-sample_1_lv_0046706_007,0,-4.656609,6.1421,0,104,F1
Sample_007_Region,103724-sample_1_lv_0046706_007,30,20.197142,3.9729705,0,55,F1
Sample_007_Region,103725-sample_1_lv_0046706_007,13,7.5604286,12.223702,0,111,F2
Sample_007_Region,103726-sample_1_lv_0046706_007,10,14.463437,9.640588,0,172,Th
Sample_007_Region,103727-sample_1_lv_0046706_007,0,-4.2359686,5.9635777,0,68,F1
Sample_007_Region,103728-sample_1_lv_0046706_007,2,12.404502,7.012975,0,56,F1
Sample_007_Region,103729-sample_1_lv_0046706_007,0,-4.871246,7.5556774,0,45,Macro_1
Sample_007_Region,103730-sample_1_lv_0046706_007,0,-5.5928173,8.190371,0,174,F2
Sample_007_Region,103731-sample_1_lv_0046706_007,0,-4.0115385,7.17318,0,46,F1
Sample_007_Region,103732-sample_1_lv_0046706_007,0,-4.0299892,5.8522525,0,18,F1
Sample_007_Region,103733-sample_1_lv_0046706_007,28,9.356748,-6.7020564,0,45,F3
Sample_007_Region,103734-sample_1_lv_0046706_007,13,10.146601,12.286497,0,665,F2
Sample_007_Region,103735-sample_1_lv_0046706_007,12,16.167042,5.1501427,0,18,F3
Sample_007_Region,103736-sample_1_lv_0046706_007,0,-3.3927467,8.024842,0,0,Differentiated_KC
Sample_007_Region,103737-sample_1_lv_0046706_007,0,-4.9062014,7.0725064,0,237,Undifferentiated_KC
Sample_007_Region,103738-sample_1_lv_0046706_007,30,20.98369,6.3195014,0,2,MigDC
Sample_007_Region,103739-sample_1_lv_0046706_007,13,9.222832,11.840441,0,436,F1
Sample_007_Region,103740-sample_1_lv_0046706_007,20,16.828299,14.706167,0,331,F2
Sample_007_Region,103741-sample_1_lv_0046706_007,34,2.0342267,16.060587,0,76,Mono_mac
Sample_007_Region,103742-sample_1_lv_0046706_007,29,3.714338,3.6403139,0,140,F1
Sample_007_Region,103743-sample_1_lv_0046706_007,0,-4.1524987,5.8838425,0,46,Th
Sample_007_Region,103744-sample_1_lv_0046706_007,4,14.994206,9.1403475,0,206,F2
Sample_007_Region,103745-sample_1_lv_0046706_007,16,6.1396065,8.666353,0,31,Macro_1
Sample_007_Region,103746-sample_1_lv_0046706_007,19,20.045952,11.155346,0,92,LE1
Sample_007_Region,103747-sample_1_lv_0046706_007,15,6.738856,1.1488795,0,38,F3
Sample_007_Region,103748-sample_1_lv_0046706_007,2,11.306375,7.467303,0,20,F2
Sample_007_Region,103749-sample_1_lv_0046706_007,0,-4.530676,8.031894,0,6,F3
Sample_007_Region,103750-sample_1_lv_0046706_007,12,12.586743,7.1142573,0,438,F1
Sample_007_Region,103751-sample_1_lv_0046706_007,0,-5.8828664,6.5618176,0,73,F1
Sample_007_Region,103752-sample_1_lv_0046706_007,10,13.956512,9.929103,0,363,F3
Sample_007_Region,103753-sample_1_lv_0046706_007,32,1.5785837,10.344884,0,126,Pericyte_1
Sample_007_Region,103754-sample_1_lv_0046706_007,12,12.942819,7.590964,0,546,F3
Sample_007_Region,103755-sample_1_lv_0046706_007,5,12.574681,5.9437103,0,674,F3
Sample_007_Region,103756-sample_1_lv_0046706_007,0,-6.051944,6.511452,0,283,F3
Sample_007_Region,103757-sample_1_lv_0046706_007,14,11.088836,4.277024,0,464,Pericyte_1
Sample_007_Region,103758-sample_1_lv_0046706_007,0,-6.1375184,7.880052,0,334,Pericyte_1
Sample_007_Region,103759-sample_1_lv_0046706_007,0,-5.066956,6.856649,0,231,F3
Sample_007_Region,103760-sample_1_lv_0046706_007,26,10.456622,-4.916853,0,322,Pericyte_1
Sample_007_Region,103761-sample_1_lv_0046706_007,24,12.110063,-2.3473628,0,325,Th
Sample_007_Region,103762-sample_1_lv_0046706_007,24,9.572244,0.046334427,0,362,F1
Sample_007_Region,103763-sample_1_lv_0046706_007,0,-4.637842,6.9414773,0,224,F2
Sample_007_Region,103764-sample_1_lv_0046706_007,0,-2.8702009,8.283235,0,93,Macro_1
Sample_007_Region,103765-sample_1_lv_0046706_007,2,11.651524,6.987726,0,218,F3
Sample_007_Region,103766-sample_1_lv_0046706_007,10,13.498255,9.418909,0,328,Th
Sample_007_Region,103767-sample_1_lv_0046706_007,26,10.052931,-4.796301,0,437,Macro_1
Sample_007_Region,103768-sample_1_lv_0046706_007,10,14.714656,10.587056,0,177,F2
Sample_007_Region,103769-sample_1_lv_0046706_007,18,17.346914,1.635109,0,146,F1
Sample_007_Region,103770-sample_1_lv_0046706_007,0,-4.950939,5.8293033,0,5,Differentiated_KC
Sample_007_Region,103771-sample_1_lv_0046706_007,16,5.8218565,7.1433635,0,207,F3
Sample_007_Region,103772-sample_1_lv_0046706_007,0,-4.6919327,8.441498,0,25,F2
Sample_007_Region,103773-sample_1_lv_0046706_007,4,14.871578,6.2734647,0,368,F1
Sample_007_Region,103774-sample_1_lv_0046706_007,5,13.627069,5.3423553,0,47,VE2
Sample_007_Region,103775-sample_1_lv_0046706_007,3,4.377455,6.045236,0,136,F1
Sample_007_Region,103776-sample_1_lv_0046706_007,5,12.099197,5.3114476,0,572,F3
Sample_007_Region,103777-sample_1_lv_0046706_007,2,11.640614,5.9486976,0,19,F1
Sample_007_Region,103778-sample_1_lv_0046706_007,0,-6.343984,6.7281356,0,94,F3
Sample_007_Region,103779-sample_1_lv_0046706_007,0,-6.027288,5.88511,0,101,Th
Sample_007_Region,103780-sample_1_lv_0046706_007,19,20.094412,11.682725,0,110,LC
Sample_007_Region,103781-sample_1_lv_0046706_007,19,19.830296,11.337995,0,113,LE2
Sample_007_Region,103782-sample_1_lv_0046706_007,0,-4.679768,5.3441796,0,6,Differentiated_KC
Sample_007_Region,103783-sample_1_lv_0046706_007,4,15.48983,7.231067,0,178,Macro_1
Sample_007_Region,103784-sample_1_lv_0046706_007,0,-5.2368536,6.7295504,0,108,F2
Sample_007_Region,103785-sample_1_lv_0046706_007,33,1.1427046,21.015003,0,232,F3
Sample_007_Region,103786-sample_1_lv_0046706_007,0,-5.8830757,9.072816,0,87,F3
Sample_007_Region,103787-sample_1_lv_0046706_007,0,-4.781679,9.107564,0,163,F1
Sample_007_Region,103788-sample_1_lv_0046706_007,12,2.5728269,6.2956824,0,10,F2
Sample_007_Region,103789-sample_1_lv_0046706_007,5,8.876234,1.980356,0,15,F1
Sample_007_Region,103790-sample_1_lv_0046706_007,17,3.261815,14.055619,0,81,F1
Sample_007_Region,103791-sample_1_lv_0046706_007,0,-3.628581,7.0276256,0,41,F1
Sample_007_Region,103792-sample_1_lv_0046706_007,0,-4.017107,9.348815,0,267,F3
Sample_007_Region,103793-sample_1_lv_0046706_007,0,-5.4695764,8.370684,0,103,Pericyte_1
Sample_007_Region,103794-sample_1_lv_0046706_007,1,8.836661,8.823939,0,16,Th
Sample_007_Region,103795-sample_1_lv_0046706_007,31,9.350192,-2.724612,0,51,F3
Sample_007_Region,103796-sample_1_lv_0046706_007,0,-2.390731,6.1482625,0,20,F1
Sample_007_Region,103797-sample_1_lv_0046706_007,0,-4.935598,8.778515,0,178,Mono_mac
Sample_007_Region,103798-sample_1_lv_0046706_007,34,1.9166179,15.852198,0,81,Macro_1
Sample_007_Region,103799-sample_1_lv_0046706_007,0,-5.1176987,6.3295317,0,84,Macro_1
Sample_007_Region,103800-sample_1_lv_0046706_007,0,-2.978673,9.062481,0,54,Mono_mac
Sample_007_Region,103801-sample_1_lv_0046706_007,0,-3.4967678,7.168436,0,45,F1
Sample_007_Region,103802-sample_1_lv_0046706_007,0,-5.080361,8.508006,0,304,F1
Sample_007_Region,103803-sample_1_lv_0046706_007,0,-6.5908303,6.506594,0,238,Pericyte_1
Sample_007_Region,103804-sample_1_lv_0046706_007,13,9.937382,4.6918283,0,86,Th
Sample_007_Region,103805-sample_1_lv_0046706_007,12,15.558977,4.991065,0,160,F2
Sample_007_Region,103806-sample_1_lv_0046706_007,12,13.324818,8.194895,0,207,F1
Sample_007_Region,103807-sample_1_lv_0046706_007,0,-4.915838,6.1427345,0,281,Pericyte_1
Sample_007_Region,103808-sample_1_lv_0046706_007,0,-3.5065422,6.42221,0,140,Pericyte_1
Sample_007_Region,103809-sample_1_lv_0046706_007,0,-3.6152966,9.2026615,0,184,Pericyte_1
Sample_007_Region,103810-sample_1_lv_0046706_007,0,-5.579052,8.510616,0,78,F3
Sample_007_Region,103811-sample_1_lv_0046706_007,0,-5.9104424,8.667876,0,95,F2
Sample_007_Region,103812-sample_1_lv_0046706_007,0,-4.2933555,5.6543326,0,108,F3
Sample_007_Region,103813-sample_1_lv_0046706_007,0,-3.8643482,6.537298,0,83,F1
Sample_007_Region,103814-sample_1_lv_0046706_007,0,-4.9932637,6.607178,0,76,F3
Sample_007_Region,103815-sample_1_lv_0046706_007,0,-5.068146,8.161229,0,131,F2
Sample_007_Region,103816-sample_1_lv_0046706_007,0,-3.78193,5.694397,0,6,F1
Sample_007_Region,103817-sample_1_lv_0046706_007,28,9.888152,-6.129384,0,61,F1
Sample_007_Region,103818-sample_1_lv_0046706_007,4,15.0950165,8.956366,0,199,moDC
Sample_007_Region,103819-sample_1_lv_0046706_007,1,12.518999,11.015294,0,143,Mono_mac
Sample_007_Region,103820-sample_1_lv_0046706_007,0,-5.9925222,8.464283,0,43,F1
Sample_007_Region,103821-sample_1_lv_0046706_007,38,-3.1070347,9.746193,0,1,Differentiated_KC
Sample_007_Region,103822-sample_1_lv_0046706_007,0,-6.887115,7.343188,0,215,F1
Sample_007_Region,103823-sample_1_lv_0046706_007,0,-3.8343875,6.5445914,0,211,F2
Sample_007_Region,103824-sample_1_lv_0046706_007,15,7.714053,1.696718,0,145,F1
Sample_007_Region,103825-sample_1_lv_0046706_007,10,14.632962,9.688424,0,546,F3
Sample_007_Region,103826-sample_1_lv_0046706_007,24,12.64874,-3.6674287,0,50,LE1
Sample_007_Region,103827-sample_1_lv_0046706_007,0,-5.9410634,8.841476,0,2,Differentiated_KC
Sample_007_Region,103828-sample_1_lv_0046706_007,2,11.393621,6.4886427,0,54,Th
Sample_007_Region,103829-sample_1_lv_0046706_007,3,9.3293295,4.373722,0,53,F3
Sample_007_Region,103830-sample_1_lv_0046706_007,10,13.710423,10.3539505,0,341,Mono_mac
Sample_007_Region,103831-sample_1_lv_0046706_007,27,1.1973126,4.493625,0,445,Mono_mac
Sample_007_Region,103832-sample_1_lv_0046706_007,1,8.523499,6.6139665,0,456,F1
Sample_007_Region,103833-sample_1_lv_0046706_007,33,1.1311204,20.95188,0,207,F1
Sample_007_Region,103834-sample_1_lv_0046706_007,2,10.147556,6.4913087,0,487,F1
Sample_007_Region,103835-sample_1_lv_0046706_007,1,9.6942625,7.828291,0,306,Mono_mac
Sample_007_Region,103836-sample_1_lv_0046706_007,0,-4.3371363,6.2624755,0,49,F2
Sample_007_Region,103837-sample_1_lv_0046706_007,27,1.2523899,4.524538,0,516,F1
Sample_007_Region,103838-sample_1_lv_0046706_007,15,5.957681,2.6696436,0,132,F1
Sample_007_Region,103839-sample_1_lv_0046706_007,4,14.937893,6.823985,0,184,F1
Sample_007_Region,103840-sample_1_lv_0046706_007,4,14.34466,8.73549,0,151,F1
Sample_007_Region,103841-sample_1_lv_0046706_007,4,15.804523,7.113443,0,125,F1
Sample_007_Region,103842-sample_1_lv_0046706_007,4,14.869972,6.8205075,0,126,F1
Sample_007_Region,103843-sample_1_lv_0046706_007,1,8.164486,8.133958,0,229,Th
Sample_007_Region,103844-sample_1_lv_0046706_007,1,12.381496,10.035064,0,396,Mono_mac
Sample_007_Region,103845-sample_1_lv_0046706_007,19,20.129025,13.849856,0,270,F1
Sample_007_Region,103846-sample_1_lv_0046706_007,4,14.407863,5.9611526,0,472,F3
Sample_007_Region,103847-sample_1_lv_0046706_007,30,17.002594,-0.18413273,0,297,Pericyte_1
Sample_007_Region,103848-sample_1_lv_0046706_007,27,-0.27688017,1.1937375,0,156,F1
Sample_007_Region,103849-sample_1_lv_0046706_007,0,-5.242024,8.900432,0,28,F3
Sample_007_Region,103850-sample_1_lv_0046706_007,1,9.572348,8.234661,0,106,F3
Sample_007_Region,103851-sample_1_lv_0046706_007,19,19.78614,13.588719,0,271,F1
Sample_007_Region,103852-sample_1_lv_0046706_007,20,16.40742,14.680088,0,272,F3
Sample_007_Region,103853-sample_1_lv_0046706_007,19,20.228363,13.811259,0,131,Mono_mac
Sample_007_Region,103854-sample_1_lv_0046706_007,3,5.199943,4.677187,0,190,Mono_mac
Sample_007_Region,103855-sample_1_lv_0046706_007,2,11.690653,7.018251,0,261,Th
Sample_007_Region,103856-sample_1_lv_0046706_007,15,5.605631,2.8454633,0,116,F3
Sample_007_Region,103857-sample_1_lv_0046706_007,2,9.428854,6.2122974,0,340,LE2
Sample_007_Region,103858-sample_1_lv_0046706_007,2,12.539823,7.0371437,0,1409,F1
Sample_007_Region,103859-sample_1_lv_0046706_007,8,9.673409,1.4613293,0,227,F1
Sample_007_Region,103860-sample_1_lv_0046706_007,3,5.0541263,4.2008953,0,109,Mono_mac
Sample_007_Region,103861-sample_1_lv_0046706_007,3,6.0069604,5.1509175,0,238,F3
Sample_007_Region,103862-sample_1_lv_0046706_007,13,8.693793,11.288277,0,179,F1
Sample_007_Region,103863-sample_1_lv_0046706_007,5,6.233071,12.006138,0,192,moDC
Sample_007_Region,103864-sample_1_lv_0046706_007,1,10.739513,8.417071,0,449,Mono_mac
Sample_007_Region,103865-sample_1_lv_0046706_007,1,8.5195675,7.7432213,0,227,F3
Sample_007_Region,103866-sample_1_lv_0046706_007,3,5.223222,4.4353433,0,121,LE2
Sample_007_Region,103867-sample_1_lv_0046706_007,5,13.300613,5.2438774,0,293,F3
Sample_007_Region,103868-sample_1_lv_0046706_007,5,12.866094,5.6867976,0,309,LE2
Sample_007_Region,103869-sample_1_lv_0046706_007,14,10.713685,4.2032933,0,860,F3
Sample_007_Region,103870-sample_1_lv_0046706_007,5,12.289468,5.2865496,0,376,F3
Sample_007_Region,103871-sample_1_lv_0046706_007,4,14.4267235,7.1614404,0,721,F3
Sample_007_Region,103872-sample_1_lv_0046706_007,2,9.773654,6.793267,0,113,Tc
Sample_007_Region,103873-sample_1_lv_0046706_007,3,5.749534,5.631577,0,200,F1
Sample_007_Region,103874-sample_1_lv_0046706_007,2,11.385643,6.5931726,0,104,F1
Sample_007_Region,103875-sample_1_lv_0046706_007,0,-3.8558636,5.7316923,0,144,F1
Sample_007_Region,103876-sample_1_lv_0046706_007,12,12.686396,7.3174133,0,120,F3
Sample_007_Region,103877-sample_1_lv_0046706_007,2,11.566179,7.2834005,0,220,F3
Sample_007_Region,103878-sample_1_lv_0046706_007,2,12.24224,7.171482,0,274,F3
Sample_007_Region,103879-sample_1_lv_0046706_007,0,-4.0805774,5.802286,0,131,F3
Sample_007_Region,103880-sample_1_lv_0046706_007,0,-6.755429,8.293622,0,71,F2
Sample_007_Region,103881-sample_1_lv_0046706_007,0,-5.687109,9.400455,0,64,F1
Sample_007_Region,103882-sample_1_lv_0046706_007,1,8.109644,8.768955,0,444,F1
Sample_007_Region,103883-sample_1_lv_0046706_007,3,4.920007,3.9907787,0,113,F2
Sample_007_Region,103884-sample_1_lv_0046706_007,2,11.85117,7.0341883,0,429,F1
Sample_007_Region,103885-sample_1_lv_0046706_007,32,1.4154246,11.99402,0,171,F1
Sample_007_Region,103886-sample_1_lv_0046706_007,0,-5.5060368,7.777508,0,15,Mono_mac
Sample_007_Region,103887-sample_1_lv_0046706_007,9,9.399564,14.557401,0,202,F2
Sample_007_Region,103888-sample_1_lv_0046706_007,0,-3.48268,7.571615,0,132,Mono_mac
Sample_007_Region,103889-sample_1_lv_0046706_007,5,12.300122,5.4830317,0,906,VE2
Sample_007_Region,103890-sample_1_lv_0046706_007,9,10.71344,14.210663,0,1737,Mono_mac
Sample_007_Region,103891-sample_1_lv_0046706_007,5,8.3489485,2.4145012,0,236,Pericyte_2
Sample_007_Region,103892-sample_1_lv_0046706_007,4,15.437266,9.177053,0,93,F1
Sample_007_Region,103893-sample_1_lv_0046706_007,0,-5.972749,5.4320693,0,57,F1
Sample_007_Region,103894-sample_1_lv_0046706_007,0,-5.9262166,8.823649,0,33,Macro_1
Sample_007_Region,103895-sample_1_lv_0046706_007,0,-6.361604,6.177667,0,59,F2
Sample_007_Region,103896-sample_1_lv_0046706_007,9,9.774318,14.621502,0,308,F1
Sample_007_Region,103897-sample_1_lv_0046706_007,9,9.635819,14.060066,0,450,F2
Sample_007_Region,103898-sample_1_lv_0046706_007,3,4.7412677,3.5514007,0,78,F2
Sample_007_Region,103899-sample_1_lv_0046706_007,28,12.369689,-5.747768,0,131,F3
Sample_007_Region,103900-sample_1_lv_0046706_007,1,12.663159,9.699354,0,196,F1
Sample_007_Region,103901-sample_1_lv_0046706_007,3,8.018796,4.2886777,0,247,F1
Sample_007_Region,103902-sample_1_lv_0046706_007,0,-6.699141,6.775395,0,138,Macro_1
Sample_007_Region,103903-sample_1_lv_0046706_007,9,9.909705,13.777952,0,737,F2
Sample_007_Region,103904-sample_1_lv_0046706_007,16,6.731968,7.1982083,0,959,Undifferentiated_KC
Sample_007_Region,103905-sample_1_lv_0046706_007,26,7.4112306,-5.5684223,0,794,Mono_mac
Sample_007_Region,103906-sample_1_lv_0046706_007,5,12.28089,5.289089,0,822,Pericyte_1
Sample_007_Region,103907-sample_1_lv_0046706_007,24,5.9282255,-2.436031,0,322,Mono_mac
Sample_007_Region,103908-sample_1_lv_0046706_007,3,4.694496,3.3041334,0,62,Mono_mac
Sample_007_Region,103909-sample_1_lv_0046706_007,5,13.604086,5.311164,0,105,LE2
Sample_007_Region,103910-sample_1_lv_0046706_007,5,10.044347,3.61416,0,224,VE3
Sample_007_Region,103911-sample_1_lv_0046706_007,20,16.887213,14.133786,0,254,VE3
Sample_007_Region,103912-sample_1_lv_0046706_007,3,11.271728,5.344549,0,206,LE1
Sample_007_Region,103913-sample_1_lv_0046706_007,0,-5.993656,7.363099,0,1,Undifferentiated_KC
Sample_007_Region,103914-sample_1_lv_0046706_007,0,-6.0992184,6.030836,0,30,F1
Sample_007_Region,103915-sample_1_lv_0046706_007,0,-2.8985794,8.313265,0,135,F2
Sample_007_Region,103916-sample_1_lv_0046706_007,0,-3.1605434,8.104505,0,59,F2
Sample_007_Region,103917-sample_1_lv_0046706_007,8,13.23264,1.8559241,0,305,F1
Sample_007_Region,103918-sample_1_lv_0046706_007,0,-4.236429,6.6402655,0,8,F1
Sample_007_Region,103919-sample_1_lv_0046706_007,13,8.015782,12.812246,0,177,F1
Sample_007_Region,103920-sample_1_lv_0046706_007,0,-4.4423566,7.3925915,0,28,Mono_mac
Sample_007_Region,103921-sample_1_lv_0046706_007,10,13.878262,11.034231,0,145,F1
Sample_007_Region,103922-sample_1_lv_0046706_007,0,-3.9516616,7.72253,0,51,F1
Sample_007_Region,103923-sample_1_lv_0046706_007,0,-6.127848,7.5005274,0,129,F2
Sample_007_Region,103924-sample_1_lv_0046706_007,0,-5.7241044,8.455047,0,62,F2
Sample_007_Region,103925-sample_1_lv_0046706_007,0,-5.98265,7.8920317,0,109,F2
Sample_007_Region,103926-sample_1_lv_0046706_007,0,-3.064121,7.8875136,0,19,moDC
Sample_007_Region,103927-sample_1_lv_0046706_007,0,-5.892539,6.445034,0,0,Differentiated_KC
Sample_007_Region,103928-sample_1_lv_0046706_007,12,16.51287,4.766859,0,65,F1
Sample_007_Region,103929-sample_1_lv_0046706_007,12,13.639678,7.1810036,0,268,F1
Sample_007_Region,103930-sample_1_lv_0046706_007,36,-7.2060456,6.189096,0,8,Tc
Sample_007_Region,103931-sample_1_lv_0046706_007,5,13.714898,4.412733,0,135,LE2
Sample_007_Region,103932-sample_1_lv_0046706_007,0,-4.0871925,7.986207,0,727,F1
Sample_007_Region,103933-sample_1_lv_0046706_007,0,-5.0851135,6.9767094,0,201,F1
Sample_007_Region,103934-sample_1_lv_0046706_007,5,13.531044,5.314757,0,409,LE2
Sample_007_Region,103935-sample_1_lv_0046706_007,1,7.468575,8.17546,0,124,Th
Sample_007_Region,103936-sample_1_lv_0046706_007,5,8.504223,2.5992908,0,71,F1
Sample_007_Region,103937-sample_1_lv_0046706_007,16,5.7992992,6.829785,0,285,F1
Sample_007_Region,103938-sample_1_lv_0046706_007,25,9.463637,22.191708,0,146,Mono_mac
Sample_007_Region,103939-sample_1_lv_0046706_007,0,-6.0739574,8.118792,0,297,F1
Sample_007_Region,103940-sample_1_lv_0046706_007,13,7.8553505,12.921908,0,283,F1
Sample_007_Region,103941-sample_1_lv_0046706_007,31,10.773948,-1.4137435,0,242,F1
Sample_007_Region,103942-sample_1_lv_0046706_007,12,14.811232,5.3112907,0,366,F1
Sample_007_Region,103943-sample_1_lv_0046706_007,0,-3.0683844,5.825867,0,25,F1
Sample_007_Region,103944-sample_1_lv_0046706_007,28,9.466083,-6.506126,0,44,F1
Sample_007_Region,103945-sample_1_lv_0046706_007,0,-6.0282173,7.689875,0,160,F1
Sample_007_Region,103946-sample_1_lv_0046706_007,0,-6.3160996,5.949185,0,371,Mono_mac
Sample_007_Region,103947-sample_1_lv_0046706_007,0,-5.0736003,6.6927843,0,414,F1
Sample_007_Region,103948-sample_1_lv_0046706_007,4,14.80194,9.123924,0,258,F2
Sample_007_Region,103949-sample_1_lv_0046706_007,12,12.813413,7.8834124,0,234,F1
Sample_007_Region,103950-sample_1_lv_0046706_007,34,2.2153406,16.834105,0,70,F1
Sample_007_Region,103951-sample_1_lv_0046706_007,1,12.740054,9.8238945,0,239,F2
Sample_007_Region,103952-sample_1_lv_0046706_007,26,8.921405,-5.253483,0,26,F1
Sample_007_Region,103953-sample_1_lv_0046706_007,0,-4.828572,5.283766,0,28,Th
Sample_007_Region,103954-sample_1_lv_0046706_007,2,11.606956,6.996245,0,469,F1
Sample_007_Region,103955-sample_1_lv_0046706_007,11,11.009525,9.340278,0,220,Mono_mac
Sample_007_Region,103956-sample_1_lv_0046706_007,3,7.500947,5.858495,0,65,Th
Sample_007_Region,103957-sample_1_lv_0046706_007,0,-4.644346,5.823115,0,34,F1
Sample_007_Region,103958-sample_1_lv_0046706_007,28,9.710198,-6.157734,0,70,F2
Sample_007_Region,103959-sample_1_lv_0046706_007,3,8.1938925,5.2426524,0,177,Mono_mac
Sample_007_Region,103960-sample_1_lv_0046706_007,26,8.109251,-3.3422756,0,65,F1
Sample_007_Region,103961-sample_1_lv_0046706_007,23,6.600996,19.554354,0,526,ILC1_3
Sample_007_Region,103962-sample_1_lv_0046706_007,18,15.526316,2.4593368,0,169,F1
Sample_007_Region,103963-sample_1_lv_0046706_007,11,12.08986,9.331106,0,622,F1
Sample_007_Region,103964-sample_1_lv_0046706_007,5,8.144341,2.0354092,0,144,Mono_mac
Sample_007_Region,103965-sample_1_lv_0046706_007,11,10.958145,9.9468975,0,633,Pericyte_1
Sample_007_Region,103966-sample_1_lv_0046706_007,8,12.32931,1.7873579,0,59,Macro_1
Sample_007_Region,103967-sample_1_lv_0046706_007,2,12.187149,7.2894993,0,465,F1
Sample_007_Region,103968-sample_1_lv_0046706_007,3,8.128822,4.285712,0,430,Mono_mac
Sample_007_Region,103969-sample_1_lv_0046706_007,0,-4.956929,8.027808,0,356,F1
Sample_007_Region,103970-sample_1_lv_0046706_007,28,9.025218,-7.137518,0,38,F1
Sample_007_Region,103971-sample_1_lv_0046706_007,0,-3.3354383,7.544657,0,10,F1
Sample_007_Region,103972-sample_1_lv_0046706_007,28,12.42912,-6.819148,0,133,F1
Sample_007_Region,103973-sample_1_lv_0046706_007,1,10.135406,8.94685,0,105,F1
Sample_007_Region,103974-sample_1_lv_0046706_007,12,16.00012,4.791313,0,122,F2
Sample_007_Region,103975-sample_1_lv_0046706_007,1,11.446089,8.486766,0,325,F1
Sample_007_Region,103976-sample_1_lv_0046706_007,1,8.651737,7.432672,0,209,F1
Sample_007_Region,103977-sample_1_lv_0046706_007,12,13.253374,6.065398,0,307,Undifferentiated_KC
Sample_007_Region,103978-sample_1_lv_0046706_007,0,-3.4405324,6.9361496,0,254,Pericyte_1
Sample_007_Region,103979-sample_1_lv_0046706_007,31,10.218632,-1.1076992,0,870,Pericyte_2
Sample_007_Region,103980-sample_1_lv_0046706_007,11,11.562101,9.915698,0,716,Pericyte_2
Sample_007_Region,103981-sample_1_lv_0046706_007,20,16.543121,14.413168,0,1007,F3
Sample_007_Region,103982-sample_1_lv_0046706_007,1,9.946235,7.9187818,0,195,F3
Sample_007_Region,103983-sample_1_lv_0046706_007,23,6.4612627,19.409286,0,421,F1
Sample_007_Region,103984-sample_1_lv_0046706_007,20,16.650333,14.760036,0,210,F2
Sample_007_Region,103985-sample_1_lv_0046706_007,5,8.334915,3.6917677,0,454,F1
Sample_007_Region,103986-sample_1_lv_0046706_007,25,9.388082,22.265444,0,886,F1
Sample_007_Region,103987-sample_1_lv_0046706_007,1,8.262466,7.858112,0,424,F1
Sample_007_Region,103988-sample_1_lv_0046706_007,0,-4.073458,9.089077,0,114,F2
Sample_007_Region,103989-sample_1_lv_0046706_007,2,12.215898,7.1076427,0,133,F1
Sample_007_Region,103990-sample_1_lv_0046706_007,10,13.983577,9.728778,0,529,F2
Sample_007_Region,103991-sample_1_lv_0046706_007,10,14.598924,9.528047,0,280,F1
Sample_007_Region,103992-sample_1_lv_0046706_007,0,-4.3584743,8.40947,0,2,Th
Sample_007_Region,103993-sample_1_lv_0046706_007,0,-4.4750724,5.718908,0,24,F1
Sample_007_Region,103994-sample_1_lv_0046706_007,0,-3.9863744,7.7602816,0,4,Undifferentiated_KC
Sample_007_Region,103995-sample_1_lv_0046706_007,0,-4.009604,8.638306,0,2,F1
Sample_007_Region,103996-sample_1_lv_0046706_007,0,-4.1449337,9.157897,0,258,F1
Sample_007_Region,103997-sample_1_lv_0046706_007,35,10.632363,16.60551,0,34,Macro_1
Sample_007_Region,103998-sample_1_lv_0046706_007,13,7.959218,11.58946,0,10,Th
Sample_007_Region,103999-sample_1_lv_0046706_007,28,12.51857,-6.5449743,0,169,F1
Sample_007_Region,104000-sample_1_lv_0046706_007,0,-4.494899,7.313679,0,31,F1
Sample_007_Region,104001-sample_1_lv_0046706_007,4,14.783249,6.950328,0,182,F1
Sample_007_Region,104002-sample_1_lv_0046706_007,3,5.981106,5.6171265,0,52,F1
Sample_007_Region,104003-sample_1_lv_0046706_007,17,3.7388787,14.209756,0,90,F1
Sample_007_Region,104004-sample_1_lv_0046706_007,31,10.323282,-2.055354,0,55,Mono_mac
Sample_007_Region,104005-sample_1_lv_0046706_007,2,10.797744,6.895547,0,184,Tc
Sample_007_Region,104006-sample_1_lv_0046706_007,23,6.4866896,18.440296,0,87,F3
Sample_007_Region,104007-sample_1_lv_0046706_007,25,9.516257,22.08799,0,110,F1
Sample_007_Region,104008-sample_1_lv_0046706_007,2,10.287906,6.8888683,0,247,F2
Sample_007_Region,104009-sample_1_lv_0046706_007,0,-4.707992,8.449017,0,262,F1
Sample_007_Region,104010-sample_1_lv_0046706_007,0,-6.255443,7.2378488,0,171,Th
Sample_007_Region,104011-sample_1_lv_0046706_007,19,19.777935,13.614547,0,32,F1
Sample_007_Region,104012-sample_1_lv_0046706_007,0,-3.0621247,6.917038,0,46,F1
Sample_007_Region,104013-sample_1_lv_0046706_007,4,16.254686,6.869992,0,37,F1
Sample_007_Region,104014-sample_1_lv_0046706_007,0,-4.1389327,8.944072,0,116,F1
Sample_007_Region,104015-sample_1_lv_0046706_007,13,7.810688,11.902165,0,77,F2
Sample_007_Region,104016-sample_1_lv_0046706_007,34,2.304987,17.140047,0,52,F2
Sample_007_Region,104017-sample_1_lv_0046706_007,13,9.38678,11.407987,0,644,F1
Sample_007_Region,104018-sample_1_lv_0046706_007,3,10.701936,5.8687797,0,77,Macro_1
Sample_007_Region,104019-sample_1_lv_0046706_007,0,-4.9443846,8.364821,0,25,F2
Sample_007_Region,104020-sample_1_lv_0046706_007,12,12.997101,6.7402754,0,71,ILC1_3
Sample_007_Region,104021-sample_1_lv_0046706_007,12,2.6255586,6.3093534,0,8,Th
Sample_007_Region,104022-sample_1_lv_0046706_007,12,16.692564,5.0567813,0,44,F1
Sample_007_Region,104023-sample_1_lv_0046706_007,2,11.129958,7.3848324,0,184,F1
Sample_007_Region,104024-sample_1_lv_0046706_007,20,16.190697,14.534179,0,27,Tc
Sample_007_Region,104025-sample_1_lv_0046706_007,4,15.133667,8.86071,0,83,F3
Sample_007_Region,104026-sample_1_lv_0046706_007,0,-5.2195406,7.478782,0,65,F1
Sample_007_Region,104027-sample_1_lv_0046706_007,12,12.937394,6.7712126,0,100,F1
Sample_007_Region,104028-sample_1_lv_0046706_007,12,13.37577,6.3976817,0,99,F1
Sample_007_Region,104029-sample_1_lv_0046706_007,12,13.443475,6.286393,0,345,F2
Sample_007_Region,104030-sample_1_lv_0046706_007,4,14.37488,8.063862,0,1113,F1
Sample_007_Region,104031-sample_1_lv_0046706_007,32,1.3774623,11.67561,0,218,F3
Sample_007_Region,104032-sample_1_lv_0046706_007,20,17.379845,14.112282,0,380,Mono_mac
Sample_007_Region,104033-sample_1_lv_0046706_007,11,10.744935,9.6944065,0,299,F1
Sample_007_Region,104034-sample_1_lv_0046706_007,9,9.748889,14.803965,0,753,F1
Sample_007_Region,104035-sample_1_lv_0046706_007,0,-4.7154775,8.22819,0,859,F2
Sample_007_Region,104036-sample_1_lv_0046706_007,27,-0.36160737,0.91502017,0,214,Pericyte_2
Sample_007_Region,104037-sample_1_lv_0046706_007,8,13.909947,1.4588312,0,463,Mono_mac
Sample_007_Region,104038-sample_1_lv_0046706_007,11,12.0541725,9.159365,0,285,VE2
Sample_007_Region,104039-sample_1_lv_0046706_007,4,15.24647,8.81831,0,251,Th
Sample_007_Region,104040-sample_1_lv_0046706_007,2,11.128742,7.7481017,0,136,F1
Sample_007_Region,104041-sample_1_lv_0046706_007,5,12.6846895,4.082602,0,954,Mono_mac
Sample_007_Region,104042-sample_1_lv_0046706_007,30,16.024256,0.6780922,0,607,F1
Sample_007_Region,104043-sample_1_lv_0046706_007,19,20.029774,11.808121,0,1223,F3
Sample_007_Region,104044-sample_1_lv_0046706_007,11,11.612676,9.788267,0,960,F1
Sample_007_Region,104045-sample_1_lv_0046706_007,11,12.585616,8.605696,0,546,VE2
Sample_007_Region,104046-sample_1_lv_0046706_007,14,11.72676,2.8716848,0,841,Mono_mac
Sample_007_Region,104047-sample_1_lv_0046706_007,2,11.846095,8.588271,0,451,Mono_mac
Sample_007_Region,104048-sample_1_lv_0046706_007,2,11.270742,6.4133005,0,451,F1
Sample_007_Region,104049-sample_1_lv_0046706_007,7,14.332511,11.92853,0,346,F2
Sample_007_Region,104050-sample_1_lv_0046706_007,3,5.3639073,4.8633294,0,372,F2
Sample_007_Region,104051-sample_1_lv_0046706_007,4,15.246487,6.8870916,0,972,F2
Sample_007_Region,104052-sample_1_lv_0046706_007,5,8.233799,2.8434777,0,863,Mono_mac
Sample_007_Region,104053-sample_1_lv_0046706_007,0,-5.6475286,7.914837,0,58,Th
Sample_007_Region,104054-sample_1_lv_0046706_007,28,12.35832,-6.896543,0,146,Mono_mac
Sample_007_Region,104055-sample_1_lv_0046706_007,9,9.197246,14.409196,0,243,F1
Sample_007_Region,104056-sample_1_lv_0046706_007,3,4.2913322,6.199638,0,672,VE2
Sample_007_Region,104057-sample_1_lv_0046706_007,8,12.488928,2.0323303,0,233,Pericyte_2
Sample_007_Region,104058-sample_1_lv_0046706_007,9,10.115366,14.000308,0,488,Pericyte_2
Sample_007_Region,104059-sample_1_lv_0046706_007,28,12.397676,-6.8982687,0,104,Mono_mac
Sample_007_Region,104060-sample_1_lv_0046706_007,32,2.1246195,10.937848,0,546,Pericyte_2
Sample_007_Region,104061-sample_1_lv_0046706_007,11,11.021382,10.55195,0,110,Th
Sample_007_Region,104062-sample_1_lv_0046706_007,4,15.370251,6.982631,0,484,Pericyte_1
Sample_007_Region,104063-sample_1_lv_0046706_007,11,11.6171255,9.626412,0,246,F1
Sample_007_Region,104064-sample_1_lv_0046706_007,9,9.977876,13.771969,0,269,Mono_mac
Sample_007_Region,104065-sample_1_lv_0046706_007,32,1.7478964,11.231552,0,206,F1
Sample_007_Region,104066-sample_1_lv_0046706_007,0,-5.7310867,7.225287,0,124,F2
Sample_007_Region,104067-sample_1_lv_0046706_007,11,11.459648,10.373087,0,120,Undifferentiated_KC
Sample_007_Region,104068-sample_1_lv_0046706_007,1,9.27054,7.923205,0,230,F1
Sample_007_Region,104069-sample_1_lv_0046706_007,1,9.977384,8.197484,0,237,Macro_1
Sample_007_Region,104070-sample_1_lv_0046706_007,0,-4.6763515,7.037126,0,31,Undifferentiated_KC
Sample_007_Region,104071-sample_1_lv_0046706_007,0,-4.470239,8.509943,0,15,Th
Sample_007_Region,104072-sample_1_lv_0046706_007,0,-6.1854596,8.943148,0,555,F1
Sample_007_Region,104073-sample_1_lv_0046706_007,8,12.2785845,0.06892323,0,248,Pericyte_2
Sample_007_Region,104074-sample_1_lv_0046706_007,5,13.589951,5.138799,0,329,F1
Sample_007_Region,104075-sample_1_lv_0046706_007,32,1.261931,12.08714,0,191,F1
Sample_007_Region,104076-sample_1_lv_0046706_007,32,1.7536333,11.296781,0,459,F1
Sample_007_Region,104077-sample_1_lv_0046706_007,0,-3.7161202,8.465744,0,114,F1
Sample_007_Region,104078-sample_1_lv_0046706_007,0,-4.4608955,7.8692465,0,27,Macro_2
Sample_007_Region,104079-sample_1_lv_0046706_007,0,-5.536004,7.609082,0,40,Macro_1
Sample_007_Region,104080-sample_1_lv_0046706_007,0,-4.953982,6.135519,0,22,Th
Sample_007_Region,104081-sample_1_lv_0046706_007,0,-6.5162015,7.999838,0,43,Mono_mac
Sample_007_Region,104440-sample_1_lv_0046706_007,15,6.265316,0.9199776,0,20,Pericyte_1
Sample_007_Region,105162-sample_1_lv_0046706_007,21,16.246006,17.455032,0,157,Differentiated_KC
Sample_007_Region,105163-sample_1_lv_0046706_007,0,-5.8659472,6.9597754,0,174,Undifferentiated_KC
Sample_007_Region,105164-sample_1_lv_0046706_007,7,16.171387,11.535252,0,276,Undifferentiated_KC
Sample_007_Region,105165-sample_1_lv_0046706_007,1,6.9231153,11.3538885,0,86,Th
Sample_007_Region,105166-sample_1_lv_0046706_007,6,13.08094,13.334407,0,243,Undifferentiated_KC
Sample_007_Region,105167-sample_1_lv_0046706_007,20,16.735617,13.726609,0,656,Undifferentiated_KC
Sample_007_Region,105168-sample_1_lv_0046706_007,6,12.451279,13.155947,0,163,Macro_1
Sample_007_Region,105169-sample_1_lv_0046706_007,12,13.454971,6.666904,0,167,F1
Sample_007_Region,105170-sample_1_lv_0046706_007,5,12.779465,3.3470032,0,299,Pericyte_2
Sample_007_Region,105171-sample_1_lv_0046706_007,12,14.758709,5.3705273,0,593,F2
Sample_007_Region,105172-sample_1_lv_0046706_007,14,10.814425,4.253883,0,222,F1
Sample_007_Region,105173-sample_1_lv_0046706_007,7,15.58717,12.50616,0,117,Macro_1
Sample_007_Region,105174-sample_1_lv_0046706_007,16,6.906479,7.094675,0,114,Undifferentiated_KC
Sample_007_Region,105175-sample_1_lv_0046706_007,0,-2.9260786,7.0772896,0,60,Undifferentiated_KC
Sample_007_Region,105176-sample_1_lv_0046706_007,0,-2.6822777,6.223907,0,3,VE2
Sample_007_Region,105177-sample_1_lv_0046706_007,7,15.654567,12.952958,0,161,Macro_1
Sample_007_Region,105178-sample_1_lv_0046706_007,21,16.337214,17.520756,0,15,Differentiated_KC
Sample_007_Region,105179-sample_1_lv_0046706_007,0,-4.062132,9.588024,0,23,Undifferentiated_KC
Sample_007_Region,105180-sample_1_lv_0046706_007,6,13.271203,13.61963,0,304,Undifferentiated_KC
Sample_007_Region,105181-sample_1_lv_0046706_007,20,17.41761,14.141385,0,204,Undifferentiated_KC
Sample_007_Region,105182-sample_1_lv_0046706_007,25,9.69014,22.059595,0,97,Undifferentiated_KC
Sample_007_Region,105183-sample_1_lv_0046706_007,0,-2.427625,6.8041053,0,180,Undifferentiated_KC
Sample_007_Region,105184-sample_1_lv_0046706_007,25,19.473217,13.457461,0,74,F1
Sample_007_Region,105185-sample_1_lv_0046706_007,11,11.609459,10.367161,0,130,Macro_1
Sample_007_Region,105186-sample_1_lv_0046706_007,1,6.3741813,10.721041,0,69,Th
Sample_007_Region,105187-sample_1_lv_0046706_007,2,11.647279,8.892193,0,267,F1
Sample_007_Region,105188-sample_1_lv_0046706_007,9,9.84253,13.835497,0,376,F2
Sample_007_Region,105189-sample_1_lv_0046706_007,11,12.476623,8.509212,0,405,Mono_mac
Sample_007_Region,105190-sample_1_lv_0046706_007,11,10.548534,9.990283,0,284,F2
Sample_007_Region,105191-sample_1_lv_0046706_007,0,-3.315085,5.6647577,0,40,F1
Sample_007_Region,105192-sample_1_lv_0046706_007,23,6.635353,19.406265,0,614,F3
Sample_007_Region,105193-sample_1_lv_0046706_007,9,9.63697,13.888848,0,351,F2
Sample_007_Region,105194-sample_1_lv_0046706_007,4,15.591616,7.0771255,0,126,F1
Sample_007_Region,105195-sample_1_lv_0046706_007,4,14.273831,8.724766,0,374,ILC1_3
Sample_007_Region,105196-sample_1_lv_0046706_007,0,-4.0684175,7.9399242,0,329,Pericyte_1
Sample_007_Region,105197-sample_1_lv_0046706_007,30,7.1843634,-1.841089,0,136,Th
Sample_007_Region,105198-sample_1_lv_0046706_007,0,-6.2502484,8.517679,0,0,Differentiated_KC
Sample_007_Region,105199-sample_1_lv_0046706_007,23,7.0155163,18.734665,0,581,Pericyte_2
Sample_007_Region,105200-sample_1_lv_0046706_007,0,-4.259821,8.174271,0,0,Differentiated_KC
Sample_007_Region,105201-sample_1_lv_0046706_007,15,6.8972692,1.3687687,0,128,Macro_1
Sample_007_Region,105202-sample_1_lv_0046706_007,2,11.781216,8.351125,0,1139,F1
Sample_007_Region,105203-sample_1_lv_0046706_007,20,16.580647,15.163214,0,320,F1
Sample_007_Region,105204-sample_1_lv_0046706_007,14,10.870765,4.0335093,0,313,F2
Sample_007_Region,105205-sample_1_lv_0046706_007,9,8.907248,14.625327,0,389,F1
Sample_007_Region,105206-sample_1_lv_0046706_007,2,11.833711,8.662096,0,685,Macro_1
Sample_007_Region,105207-sample_1_lv_0046706_007,0,-5.5085673,7.2011986,0,55,F1
Sample_007_Region,105208-sample_1_lv_0046706_007,1,12.806432,9.928059,0,78,Th
Sample_007_Region,105209-sample_1_lv_0046706_007,11,10.482421,10.292593,0,276,F1
Sample_007_Region,105210-sample_1_lv_0046706_007,5,8.987521,3.56452,0,571,Mono_mac
Sample_007_Region,105211-sample_1_lv_0046706_007,1,8.556422,6.145472,0,296,Mono_mac
Sample_007_Region,105212-sample_1_lv_0046706_007,24,12.155066,-2.2746198,0,296,Pericyte_2
Sample_007_Region,105213-sample_1_lv_0046706_007,1,4.421945,0.15250559,0,136,MigDC
Sample_007_Region,105214-sample_1_lv_0046706_007,0,-5.0090513,7.745261,0,207,Undifferentiated_KC
Sample_007_Region,105215-sample_1_lv_0046706_007,6,13.056847,15.450371,0,214,Undifferentiated_KC
Sample_007_Region,105216-sample_1_lv_0046706_007,1,8.191286,8.763941,0,321,Undifferentiated_KC
Sample_007_Region,105217-sample_1_lv_0046706_007,30,16.729713,0.016036697,0,179,Undifferentiated_KC
Sample_007_Region,105218-sample_1_lv_0046706_007,31,10.46546,-2.7379458,0,225,Undifferentiated_KC
Sample_007_Region,105219-sample_1_lv_0046706_007,0,-3.4535072,8.713925,0,107,Undifferentiated_KC
Sample_007_Region,105220-sample_1_lv_0046706_007,18,16.77832,1.4901984,0,250,Undifferentiated_KC
Sample_007_Region,105221-sample_1_lv_0046706_007,0,-4.86142,7.627934,0,239,Undifferentiated_KC
Sample_007_Region,105222-sample_1_lv_0046706_007,2,11.198683,8.436086,0,222,Th
Sample_007_Region,105223-sample_1_lv_0046706_007,11,12.063352,8.3503685,0,314,Macro_1
Sample_007_Region,105224-sample_1_lv_0046706_007,5,13.373659,4.277936,0,349,LE1
Sample_007_Region,105225-sample_1_lv_0046706_007,5,9.046629,6.724381,0,120,F3
Sample_007_Region,105226-sample_1_lv_0046706_007,5,12.693147,5.738686,0,140,VE3
Sample_007_Region,105227-sample_1_lv_0046706_007,7,14.290862,12.614631,0,163,Undifferentiated_KC
Sample_007_Region,105228-sample_1_lv_0046706_007,7,15.295675,12.587366,0,225,Undifferentiated_KC
Sample_007_Region,105229-sample_1_lv_0046706_007,31,10.983385,-2.3421655,0,131,Undifferentiated_KC
Sample_007_Region,105230-sample_1_lv_0046706_007,7,16.061113,12.369398,0,160,Undifferentiated_KC
Sample_007_Region,105231-sample_1_lv_0046706_007,15,7.3897905,1.1239969,0,73,Macro_1
Sample_007_Region,105232-sample_1_lv_0046706_007,5,6.177938,12.051289,0,55,Differentiated_KC
Sample_007_Region,105233-sample_1_lv_0046706_007,0,-3.3666847,7.9477096,0,191,Undifferentiated_KC
Sample_007_Region,105234-sample_1_lv_0046706_007,31,11.251429,-2.2474735,0,168,Undifferentiated_KC
Sample_007_Region,105235-sample_1_lv_0046706_007,1,8.253893,9.688673,0,88,Undifferentiated_KC
Sample_007_Region,105236-sample_1_lv_0046706_007,1,11.454301,11.626917,0,291,Undifferentiated_KC
Sample_007_Region,105237-sample_1_lv_0046706_007,0,-6.236057,6.7778797,0,155,F3
Sample_007_Region,105238-sample_1_lv_0046706_007,0,-5.262191,9.063234,0,0,Differentiated_KC
Sample_007_Region,105239-sample_1_lv_0046706_007,14,10.753408,4.719545,0,132,F2
Sample_007_Region,105240-sample_1_lv_0046706_007,0,-4.78022,6.5702405,0,12,Macro_1
Sample_007_Region,105241-sample_1_lv_0046706_007,11,11.152583,9.208902,0,294,F1
Sample_007_Region,105242-sample_1_lv_0046706_007,4,15.230682,7.04498,0,229,F2
Sample_007_Region,105243-sample_1_lv_0046706_007,6,12.703307,15.499122,0,131,F2
Sample_007_Region,105244-sample_1_lv_0046706_007,11,11.046027,9.085592,0,113,Mono_mac
Sample_007_Region,105245-sample_1_lv_0046706_007,0,-4.7183943,8.419943,0,0,Differentiated_KC
Sample_007_Region,105246-sample_1_lv_0046706_007,5,7.9926186,2.2913601,0,135,Tc
Sample_007_Region,105247-sample_1_lv_0046706_007,0,-4.1877036,6.9288,0,24,Th
Sample_007_Region,105248-sample_1_lv_0046706_007,6,12.158073,13.318572,0,238,LE2
Sample_007_Region,105249-sample_1_lv_0046706_007,5,13.055585,5.315814,0,192,Mono_mac
Sample_007_Region,105250-sample_1_lv_0046706_007,22,10.612263,19.14815,0,215,Pericyte_2
Sample_007_Region,105251-sample_1_lv_0046706_007,2,11.925993,8.082692,0,247,Macro_1
Sample_007_Region,105252-sample_1_lv_0046706_007,0,-3.697411,7.553654,0,3,Differentiated_KC
Sample_007_Region,105253-sample_1_lv_0046706_007,3,7.9144044,6.031969,0,57,Th
Sample_007_Region,105254-sample_1_lv_0046706_007,15,7.528827,1.1495532,0,48,Macro_1
Sample_007_Region,105255-sample_1_lv_0046706_007,28,8.261179,-7.781261,0,18,F3
Sample_007_Region,105256-sample_1_lv_0046706_007,15,5.5453944,2.5677533,0,127,ILC1_3
Sample_007_Region,105257-sample_1_lv_0046706_007,26,8.30822,-3.697068,0,68,LE2
Sample_007_Region,105258-sample_1_lv_0046706_007,12,13.020253,8.229191,0,81,Mono_mac
Sample_007_Region,105259-sample_1_lv_0046706_007,26,8.090999,-3.3203487,0,94,Mono_mac
Sample_007_Region,105260-sample_1_lv_0046706_007,4,14.769595,8.973047,0,123,F2
Sample_007_Region,105261-sample_1_lv_0046706_007,16,5.3375235,6.644452,0,197,Undifferentiated_KC
Sample_007_Region,105262-sample_1_lv_0046706_007,6,13.881256,15.599105,0,605,Undifferentiated_KC
Sample_007_Region,105263-sample_1_lv_0046706_007,0,-3.3837514,5.5316086,0,77,Undifferentiated_KC
Sample_007_Region,105264-sample_1_lv_0046706_007,1,12.114622,10.691296,0,117,Undifferentiated_KC
Sample_007_Region,105265-sample_1_lv_0046706_007,21,16.305014,17.516323,0,113,Differentiated_KC
Sample_007_Region,105266-sample_1_lv_0046706_007,21,16.767506,20.095459,0,204,Pericyte_1
Sample_007_Region,105267-sample_1_lv_0046706_007,21,17.047163,17.925022,0,222,Macro_1
Sample_007_Region,105268-sample_1_lv_0046706_007,6,12.329436,13.00189,0,139,Undifferentiated_KC
Sample_007_Region,105269-sample_1_lv_0046706_007,1,5.953621,10.95598,0,198,Undifferentiated_KC
Sample_007_Region,105270-sample_1_lv_0046706_007,7,15.402914,12.469043,0,385,Undifferentiated_KC
Sample_007_Region,105271-sample_1_lv_0046706_007,7,14.505614,12.700385,0,135,Differentiated_KC
Sample_007_Region,105272-sample_1_lv_0046706_007,24,6.044201,-2.435877,0,276,Undifferentiated_KC
Sample_007_Region,105273-sample_1_lv_0046706_007,2,11.549513,7.0333056,0,188,Undifferentiated_KC
Sample_007_Region,105274-sample_1_lv_0046706_007,6,13.315033,15.370208,0,260,Undifferentiated_KC
Sample_007_Region,105275-sample_1_lv_0046706_007,29,2.4455698,3.2337658,0,199,Undifferentiated_KC
Sample_007_Region,105276-sample_1_lv_0046706_007,14,11.852126,3.826362,0,336,Undifferentiated_KC
Sample_007_Region,105277-sample_1_lv_0046706_007,11,10.746399,10.702092,0,92,Macro_1
Sample_007_Region,105278-sample_1_lv_0046706_007,21,17.15767,18.146248,0,175,Differentiated_KC
Sample_007_Region,105279-sample_1_lv_0046706_007,21,16.994987,17.966051,0,377,Differentiated_KC
Sample_007_Region,105280-sample_1_lv_0046706_007,3,6.717509,5.758258,0,6,VE2
Sample_007_Region,105281-sample_1_lv_0046706_007,21,16.621515,19.926857,0,589,LC
Sample_007_Region,105282-sample_1_lv_0046706_007,6,13.180119,13.480521,0,434,Macro_1
Sample_007_Region,105283-sample_1_lv_0046706_007,0,-6.099089,6.0086174,0,129,Pericyte_1
Sample_007_Region,105284-sample_1_lv_0046706_007,16,7.4241576,7.061169,0,53,Th
Sample_007_Region,105285-sample_1_lv_0046706_007,9,8.982151,15.164163,0,92,Schwann_1
Sample_007_Region,105286-sample_1_lv_0046706_007,21,16.19568,17.38705,0,32,Differentiated_KC
Sample_007_Region,105287-sample_1_lv_0046706_007,0,-3.464336,5.443299,0,46,F1
Sample_007_Region,105288-sample_1_lv_0046706_007,16,6.810613,6.83702,0,196,F2
Sample_007_Region,105289-sample_1_lv_0046706_007,26,8.95696,-5.2748737,0,25,Differentiated_KC
Sample_007_Region,105290-sample_1_lv_0046706_007,0,-3.9984822,6.9051194,0,113,VE2
Sample_007_Region,105291-sample_1_lv_0046706_007,27,-0.081994295,0.20087087,0,126,Pericyte_1
Sample_007_Region,105292-sample_1_lv_0046706_007,0,-3.4965758,9.007135,0,6,Differentiated_KC
Sample_007_Region,105293-sample_1_lv_0046706_007,21,16.45414,18.114195,0,149,Differentiated_KC
Sample_007_Region,105294-sample_1_lv_0046706_007,0,-5.2261715,5.251877,0,190,F1
Sample_007_Region,105295-sample_1_lv_0046706_007,3,7.863372,5.362657,0,350,F1
Sample_007_Region,105296-sample_1_lv_0046706_007,30,15.559036,1.0319228,0,299,F2
Sample_007_Region,105297-sample_1_lv_0046706_007,1,8.760753,7.778083,0,127,VE2
Sample_007_Region,105298-sample_1_lv_0046706_007,11,10.660047,10.4535675,0,185,Macro_1
Sample_007_Region,105299-sample_1_lv_0046706_007,18,14.728473,3.236681,0,401,VE2
Sample_007_Region,105300-sample_1_lv_0046706_007,0,-4.2793345,8.498799,0,288,F2
Sample_007_Region,105301-sample_1_lv_0046706_007,18,16.71582,1.4178594,0,224,Mono_mac
Sample_007_Region,105302-sample_1_lv_0046706_007,5,8.107143,1.9367999,0,133,F1
Sample_007_Region,105303-sample_1_lv_0046706_007,29,4.3663287,3.8141303,0,297,Pericyte_1
Sample_007_Region,105304-sample_1_lv_0046706_007,2,11.137927,7.557679,0,101,LC
Sample_007_Region,105305-sample_1_lv_0046706_007,24,12.231742,-2.3082516,0,112,F1
Sample_007_Region,105306-sample_1_lv_0046706_007,26,7.3622885,-5.562541,0,555,Pericyte_2
Sample_007_Region,105307-sample_1_lv_0046706_007,15,8.103474,0.44740793,0,314,F2
Sample_007_Region,105308-sample_1_lv_0046706_007,16,5.583678,7.67675,0,80,VE1
Sample_007_Region,105309-sample_1_lv_0046706_007,11,10.928491,10.028936,0,235,Pericyte_1
Sample_007_Region,105310-sample_1_lv_0046706_007,18,14.671273,3.3215199,0,526,Mono_mac
Sample_007_Region,105311-sample_1_lv_0046706_007,15,6.5181804,3.1672668,0,1134,Mono_mac
Sample_007_Region,105312-sample_1_lv_0046706_007,7,15.468977,12.8352585,0,85,Undifferentiated_KC
Sample_007_Region,105313-sample_1_lv_0046706_007,6,13.362522,13.509863,0,534,Undifferentiated_KC
Sample_007_Region,105314-sample_1_lv_0046706_007,6,14.856591,13.822949,0,299,F1
Sample_007_Region,105315-sample_1_lv_0046706_007,7,15.549259,11.808114,0,558,Undifferentiated_KC
Sample_007_Region,105316-sample_1_lv_0046706_007,0,-2.4868317,7.5010595,0,34,Undifferentiated_KC
Sample_007_Region,105317-sample_1_lv_0046706_007,1,7.866744,9.133452,0,203,Undifferentiated_KC
Sample_007_Region,105318-sample_1_lv_0046706_007,0,-4.4229884,8.8073225,0,38,F3
Sample_007_Region,105319-sample_1_lv_0046706_007,0,-2.9427497,7.131719,0,250,Undifferentiated_KC
Sample_007_Region,105320-sample_1_lv_0046706_007,4,14.925203,8.969011,0,339,F1
Sample_007_Region,105321-sample_1_lv_0046706_007,5,9.265909,3.0984344,0,213,Pericyte_2
Sample_007_Region,105322-sample_1_lv_0046706_007,0,-5.211763,6.9922233,0,105,F3
Sample_007_Region,105323-sample_1_lv_0046706_007,16,5.3269997,6.969873,0,201,Undifferentiated_KC
Sample_007_Region,105324-sample_1_lv_0046706_007,6,12.167614,13.361323,0,263,Undifferentiated_KC
Sample_007_Region,105325-sample_1_lv_0046706_007,4,14.498167,9.096032,0,168,Undifferentiated_KC
Sample_007_Region,105326-sample_1_lv_0046706_007,1,7.2878304,10.202549,0,607,Undifferentiated_KC
Sample_007_Region,105327-sample_1_lv_0046706_007,6,13.112944,13.494525,0,169,Undifferentiated_KC
Sample_007_Region,105328-sample_1_lv_0046706_007,0,-4.469764,5.7158484,0,135,F2
Sample_007_Region,105329-sample_1_lv_0046706_007,0,-3.235853,6.1589556,0,12,Treg
Sample_007_Region,105330-sample_1_lv_0046706_007,26,8.652219,-4.628808,0,57,Pericyte_2
Sample_007_Region,105331-sample_1_lv_0046706_007,1,4.4990497,0.21145111,0,181,F1
Sample_007_Region,105332-sample_1_lv_0046706_007,6,14.16334,15.493589,0,204,Undifferentiated_KC
Sample_007_Region,105333-sample_1_lv_0046706_007,0,-6.153042,6.759724,0,63,Undifferentiated_KC
Sample_007_Region,105334-sample_1_lv_0046706_007,4,15.343318,7.397476,0,112,F2
Sample_007_Region,105335-sample_1_lv_0046706_007,30,16.74431,0.03409857,0,175,Undifferentiated_KC
Sample_007_Region,105336-sample_1_lv_0046706_007,6,13.797893,15.5786495,0,395,Undifferentiated_KC
Sample_007_Region,105337-sample_1_lv_0046706_007,30,20.162594,3.968053,0,99,Undifferentiated_KC
Sample_007_Region,105338-sample_1_lv_0046706_007,0,-4.5652547,6.9686155,0,116,Undifferentiated_KC
Sample_007_Region,105339-sample_1_lv_0046706_007,0,-5.0799007,7.5788164,0,124,Undifferentiated_KC
Sample_007_Region,105340-sample_1_lv_0046706_007,7,14.383606,12.385973,0,197,Undifferentiated_KC
Sample_007_Region,105341-sample_1_lv_0046706_007,0,-4.0173497,9.119426,0,129,Undifferentiated_KC
Sample_007_Region,105342-sample_1_lv_0046706_007,6,13.294269,13.612436,0,606,Undifferentiated_KC
Sample_007_Region,105343-sample_1_lv_0046706_007,29,3.034386,2.4817412,0,307,MigDC
Sample_007_Region,105344-sample_1_lv_0046706_007,23,6.321098,18.38508,0,241,Undifferentiated_KC
Sample_007_Region,105345-sample_1_lv_0046706_007,14,11.012778,4.010562,0,248,Undifferentiated_KC
Sample_007_Region,105346-sample_1_lv_0046706_007,29,2.3922665,2.9259896,0,191,Undifferentiated_KC
Sample_007_Region,105347-sample_1_lv_0046706_007,29,3.8923411,3.9253638,0,122,Undifferentiated_KC
Sample_007_Region,105348-sample_1_lv_0046706_007,0,-3.6741033,6.37005,0,141,F1
Sample_007_Region,105349-sample_1_lv_0046706_007,6,12.094627,13.767802,0,113,Undifferentiated_KC
Sample_007_Region,105350-sample_1_lv_0046706_007,0,-4.5355134,6.464278,0,101,Undifferentiated_KC
Sample_007_Region,105351-sample_1_lv_0046706_007,0,-5.2382565,7.7231913,0,63,Undifferentiated_KC
Sample_007_Region,105352-sample_1_lv_0046706_007,0,-3.737099,7.83513,0,99,Undifferentiated_KC
Sample_007_Region,105353-sample_1_lv_0046706_007,10,13.217363,9.906214,0,171,Th
Sample_007_Region,105354-sample_1_lv_0046706_007,25,9.333591,22.138887,0,466,F2
Sample_007_Region,105355-sample_1_lv_0046706_007,0,-4.6857514,7.671446,0,24,F1
Sample_007_Region,105356-sample_1_lv_0046706_007,0,-5.351613,6.6900063,0,34,F2
Sample_007_Region,105357-sample_1_lv_0046706_007,0,-4.788149,7.9419994,0,4,Macro_1
Sample_007_Region,105358-sample_1_lv_0046706_007,0,-3.4528577,8.3142605,0,6,F1
Sample_007_Region,105359-sample_1_lv_0046706_007,0,-5.698594,8.825025,0,99,F1
Sample_007_Region,105360-sample_1_lv_0046706_007,0,-4.275454,7.881332,0,49,F1
Sample_007_Region,105361-sample_1_lv_0046706_007,2,11.523321,7.29446,0,212,F1
Sample_007_Region,105362-sample_1_lv_0046706_007,0,-4.673737,8.085263,0,171,F2
Sample_007_Region,105363-sample_1_lv_0046706_007,3,8.783242,5.8908234,0,86,F1
Sample_007_Region,105364-sample_1_lv_0046706_007,15,7.6093097,1.3339463,0,60,F1
Sample_007_Region,105365-sample_1_lv_0046706_007,28,9.394023,-6.7181163,0,36,Macro_1
Sample_007_Region,105366-sample_1_lv_0046706_007,5,13.6971035,5.0797467,0,64,LE2
Sample_007_Region,105367-sample_1_lv_0046706_007,15,4.9723682,2.7443874,0,15,DC2
Sample_007_Region,105368-sample_1_lv_0046706_007,0,-5.499394,7.099608,0,18,F1
Sample_007_Region,105369-sample_1_lv_0046706_007,27,-0.2560254,0.33784527,0,109,F1
Sample_007_Region,105370-sample_1_lv_0046706_007,0,-5.67553,7.6877337,0,110,F2
Sample_007_Region,105371-sample_1_lv_0046706_007,0,-4.2005806,5.2125106,0,40,Mono_mac
Sample_007_Region,105372-sample_1_lv_0046706_007,0,-3.7822697,7.5901423,0,28,F1
Sample_007_Region,105373-sample_1_lv_0046706_007,0,-4.1217604,8.292046,0,30,F1
Sample_007_Region,105374-sample_1_lv_0046706_007,0,-3.8208983,9.102378,0,9,Th
Sample_007_Region,105375-sample_1_lv_0046706_007,0,-5.4037457,6.889261,0,8,Mono_mac
Sample_007_Region,105376-sample_1_lv_0046706_007,0,-3.2858486,6.161924,0,291,Undifferentiated_KC
Sample_007_Region,105377-sample_1_lv_0046706_007,0,-3.8129811,6.9900966,0,156,Undifferentiated_KC
Sample_007_Region,105378-sample_1_lv_0046706_007,29,4.7140164,3.8817213,0,100,Undifferentiated_KC
Sample_007_Region,105379-sample_1_lv_0046706_007,0,-4.809937,8.529962,0,29,Undifferentiated_KC
Sample_007_Region,105380-sample_1_lv_0046706_007,29,3.152248,3.0722682,0,136,Undifferentiated_KC
Sample_007_Region,105381-sample_1_lv_0046706_007,25,9.834486,22.122965,0,243,F1
Sample_007_Region,105382-sample_1_lv_0046706_007,22,11.150414,19.359184,0,39,Differentiated_KC
Sample_007_Region,105383-sample_1_lv_0046706_007,7,15.662339,12.325702,0,126,Macro_1
Sample_007_Region,105384-sample_1_lv_0046706_007,0,-5.0997953,9.789422,0,72,Differentiated_KC
Sample_007_Region,105385-sample_1_lv_0046706_007,6,13.3389845,13.539368,0,170,Undifferentiated_KC
Sample_007_Region,105386-sample_1_lv_0046706_007,7,14.384155,12.257932,0,234,Undifferentiated_KC
Sample_007_Region,105387-sample_1_lv_0046706_007,6,13.231979,13.477281,0,148,Undifferentiated_KC
Sample_007_Region,105388-sample_1_lv_0046706_007,0,-3.033968,6.4878845,0,91,Undifferentiated_KC
Sample_007_Region,105389-sample_1_lv_0046706_007,6,12.9650955,14.524456,0,390,Undifferentiated_KC
Sample_007_Region,105390-sample_1_lv_0046706_007,31,10.88155,-1.8854604,0,233,F1
Sample_007_Region,105391-sample_1_lv_0046706_007,0,-3.7200139,6.1616535,0,10,Macro_1
Sample_007_Region,105392-sample_1_lv_0046706_007,0,-6.6983957,7.81402,0,80,F2
Sample_007_Region,105393-sample_1_lv_0046706_007,0,-5.1851196,8.035465,0,71,Th
Sample_007_Region,105394-sample_1_lv_0046706_007,0,-3.7221534,7.8774233,0,234,F1
Sample_007_Region,105395-sample_1_lv_0046706_007,0,-6.0712733,8.298514,0,21,F1
Sample_007_Region,105396-sample_1_lv_0046706_007,0,-4.6610656,5.7425904,0,62,Macro_1
Sample_007_Region,105397-sample_1_lv_0046706_007,0,-5.1203246,7.520407,0,28,F1
Sample_007_Region,105398-sample_1_lv_0046706_007,0,-5.013754,6.457814,0,139,F1
Sample_007_Region,105399-sample_1_lv_0046706_007,0,-3.8017962,8.925484,0,54,F1
Sample_007_Region,105400-sample_1_lv_0046706_007,17,3.8568618,13.154315,0,67,F1
Sample_007_Region,105401-sample_1_lv_0046706_007,0,-4.9373,9.051906,0,172,F1
Sample_007_Region,105402-sample_1_lv_0046706_007,0,-3.7077398,8.687081,0,286,F3
Sample_007_Region,105403-sample_1_lv_0046706_007,0,-3.7291665,9.1701355,0,31,F1
Sample_007_Region,105404-sample_1_lv_0046706_007,0,-4.127863,8.25835,0,45,Pericyte_1
Sample_007_Region,105405-sample_1_lv_0046706_007,16,5.0918903,8.721862,0,7,F3
Sample_007_Region,105406-sample_1_lv_0046706_007,0,-4.23104,9.270193,0,13,F1
Sample_007_Region,105407-sample_1_lv_0046706_007,0,-6.085339,6.6328588,0,5,F1
Sample_007_Region,105408-sample_1_lv_0046706_007,1,12.484682,10.889509,0,172,F1
Sample_007_Region,105409-sample_1_lv_0046706_007,10,13.323162,11.309278,0,69,F1
Sample_007_Region,105410-sample_1_lv_0046706_007,0,-2.5920773,7.730487,0,172,F1
Sample_007_Region,105411-sample_1_lv_0046706_007,17,3.5941567,11.120932,0,74,Undifferentiated_KC
Sample_007_Region,105417-sample_1_lv_0046706_007,6,14.8032875,16.21387,0,600,Undifferentiated_KC
Sample_007_Region,105419-sample_1_lv_0046706_007,24,14.075257,-4.2550087,0,10,Th
Sample_007_Region,105420-sample_1_lv_0046706_007,17,2.3576329,9.328895,0,35,F2
Sample_007_Region,105421-sample_1_lv_0046706_007,13,8.867995,11.585292,0,43,F1
Sample_007_Region,105422-sample_1_lv_0046706_007,0,-4.73837,5.901583,0,118,Th
Sample_007_Region,105423-sample_1_lv_0046706_007,0,-5.6297264,6.4929976,0,52,Th
Sample_007_Region,105424-sample_1_lv_0046706_007,0,-2.5457535,7.8474083,0,28,F1
Sample_007_Region,105425-sample_1_lv_0046706_007,8,15.109105,-0.46200266,0,127,F1
Sample_007_Region,105426-sample_1_lv_0046706_007,8,13.825229,0.12756035,0,174,F3
Sample_007_Region,105427-sample_1_lv_0046706_007,0,-4.4239907,7.2085714,0,184,Undifferentiated_KC
Sample_007_Region,105428-sample_1_lv_0046706_007,1,12.396213,11.601686,0,7,Undifferentiated_KC
Sample_007_Region,105431-sample_1_lv_0046706_007,27,1.3439851,1.444352,0,39,Mono_mac
Sample_007_Region,105432-sample_1_lv_0046706_007,0,-5.0104647,8.3296385,0,33,F1
Sample_007_Region,105433-sample_1_lv_0046706_007,1,8.423743,6.709175,0,252,F1
Sample_007_Region,105434-sample_1_lv_0046706_007,17,2.9542491,14.193981,0,140,Undifferentiated_KC
Sample_007_Region,105435-sample_1_lv_0046706_007,10,13.632044,10.046142,0,102,Th
Sample_007_Region,105436-sample_1_lv_0046706_007,0,-3.1261463,6.4733925,0,37,Undifferentiated_KC
Sample_007_Region,105437-sample_1_lv_0046706_007,6,12.12475,12.801597,0,28,Macro_1
Sample_007_Region,105438-sample_1_lv_0046706_007,0,-2.773506,7.083853,0,59,F1
Sample_007_Region,105439-sample_1_lv_0046706_007,8,14.761879,-0.013729258,0,73,F1
Sample_007_Region,105440-sample_1_lv_0046706_007,17,3.994928,12.214715,0,70,F1
Sample_007_Region,105441-sample_1_lv_0046706_007,4,14.845352,6.1351023,0,34,F1
Sample_007_Region,105442-sample_1_lv_0046706_007,0,-6.077514,7.529457,0,19,VE1
Sample_007_Region,105444-sample_1_lv_0046706_007,0,-6.1083264,6.558544,0,38,F1
Sample_007_Region,105445-sample_1_lv_0046706_007,13,8.702284,11.6224165,0,19,F1
Sample_007_Region,105446-sample_1_lv_0046706_007,0,-4.73393,6.681898,0,26,Th
Sample_007_Region,105447-sample_1_lv_0046706_007,0,-6.5699105,6.795687,0,12,Pericyte_1
Sample_007_Region,105448-sample_1_lv_0046706_007,0,-4.2317433,8.949189,0,152,Undifferentiated_KC
Sample_007_Region,105449-sample_1_lv_0046706_007,19,20.219503,13.687475,0,264,F1
Sample_007_Region,105450-sample_1_lv_0046706_007,34,1.9887223,15.922379,0,181,F2
Sample_007_Region,105451-sample_1_lv_0046706_007,0,-4.0023313,7.115049,0,173,F2
Sample_007_Region,105580-sample_1_lv_0046706_007,0,-3.4018934,7.03044,0,185,F1
Sample_007_Region,105581-sample_1_lv_0046706_007,29,6.5395584,4.215728,0,61,F3
Sample_007_Region,105582-sample_1_lv_0046706_007,4,14.760668,5.9811277,0,168,LE2
Sample_007_Region,105583-sample_1_lv_0046706_007,0,-3.531003,6.440628,0,21,F3
Sample_007_Region,105584-sample_1_lv_0046706_007,16,6.328443,8.487595,0,47,F1
Sample_007_Region,105585-sample_1_lv_0046706_007,13,7.4554176,12.068486,0,188,F1
Sample_007_Region,105586-sample_1_lv_0046706_007,13,7.649892,12.069132,0,186,F1
Sample_007_Region,105587-sample_1_lv_0046706_007,13,7.813789,11.719029,0,84,F3
Sample_007_Region,105588-sample_1_lv_0046706_007,30,20.375463,4.535786,0,70,F1
Sample_007_Region,105589-sample_1_lv_0046706_007,1,12.026376,9.718514,0,233,Mono_mac
Sample_007_Region,105590-sample_1_lv_0046706_007,13,6.679837,13.733072,0,146,F3
Sample_007_Region,105591-sample_1_lv_0046706_007,0,-6.0323515,8.66829,0,96,F1
Sample_007_Region,105592-sample_1_lv_0046706_007,0,-4.0767837,7.0760136,0,17,Undifferentiated_KC
Sample_007_Region,105593-sample_1_lv_0046706_007,4,14.88496,6.7892027,0,85,F3
Sample_007_Region,105594-sample_1_lv_0046706_007,5,11.952396,6.0503306,0,286,F3
Sample_007_Region,105595-sample_1_lv_0046706_007,0,-4.2733383,7.2848396,0,304,F1
Sample_007_Region,105596-sample_1_lv_0046706_007,27,1.5274305,1.0669119,0,32,Macro_1
Sample_007_Region,105597-sample_1_lv_0046706_007,8,14.095724,0.1992565,0,132,F3
Sample_007_Region,105598-sample_1_lv_0046706_007,0,-5.0616097,7.4470963,0,41,Macro_1
Sample_007_Region,105599-sample_1_lv_0046706_007,0,-3.8833861,6.3926435,0,51,Th
Sample_007_Region,105600-sample_1_lv_0046706_007,6,12.710649,15.403665,0,141,F3
Sample_007_Region,105601-sample_1_lv_0046706_007,15,6.9591055,2.5270352,0,43,ILC2
Sample_007_Region,105602-sample_1_lv_0046706_007,26,7.2365427,-3.9154596,0,141,Mono_mac
Sample_007_Region,105603-sample_1_lv_0046706_007,0,-5.0305314,6.717701,0,90,Macro_1
Sample_007_Region,105604-sample_1_lv_0046706_007,0,-6.071048,5.7626433,0,64,F2
Sample_007_Region,105605-sample_1_lv_0046706_007,23,6.3478656,19.045639,0,216,F1
Sample_007_Region,105606-sample_1_lv_0046706_007,0,-6.7266545,6.899136,0,81,F1
Sample_007_Region,105607-sample_1_lv_0046706_007,0,-5.116396,5.4027457,0,42,F1
Sample_007_Region,105608-sample_1_lv_0046706_007,10,13.402215,11.337271,0,115,F1
Sample_007_Region,105609-sample_1_lv_0046706_007,13,9.617044,11.883079,0,280,Mono_mac
Sample_007_Region,105610-sample_1_lv_0046706_007,7,14.39187,11.100791,0,687,F1
Sample_007_Region,105611-sample_1_lv_0046706_007,4,15.489816,7.1927133,0,158,F2
Sample_007_Region,105612-sample_1_lv_0046706_007,0,-4.719254,6.946801,0,186,F1
Sample_007_Region,105613-sample_1_lv_0046706_007,13,6.9783516,13.59505,0,119,Undifferentiated_KC
Sample_007_Region,105614-sample_1_lv_0046706_007,0,-4.899737,4.8834076,0,197,Undifferentiated_KC
Sample_007_Region,105615-sample_1_lv_0046706_007,20,16.260637,14.781488,0,97,F1
Sample_007_Region,105649-sample_1_lv_0046706_007,17,2.665166,14.266208,0,195,F2
Sample_007_Region,105650-sample_1_lv_0046706_007,0,-4.739139,5.3281164,0,125,F3
Sample_007_Region,105651-sample_1_lv_0046706_007,0,-2.9952142,7.7395453,0,179,F1
Sample_007_Region,105652-sample_1_lv_0046706_007,0,-5.097259,8.542529,0,58,F1
Sample_007_Region,105653-sample_1_lv_0046706_007,3,9.703624,5.039287,0,130,Undifferentiated_KC
Sample_007_Region,105654-sample_1_lv_0046706_007,6,12.823219,15.4979925,0,225,F2
Sample_007_Region,105655-sample_1_lv_0046706_007,3,6.1860385,5.7496886,0,30,Mono_mac
Sample_007_Region,105660-sample_1_lv_0046706_007,0,-5.0183144,7.3109436,0,89,F1
Sample_007_Region,105661-sample_1_lv_0046706_007,0,-2.6083658,7.6048093,0,57,F2
Sample_007_Region,105662-sample_1_lv_0046706_007,0,-5.445128,6.9610677,0,40,F1
Sample_007_Region,105663-sample_1_lv_0046706_007,10,16.073982,9.021238,0,143,F2
Sample_007_Region,105664-sample_1_lv_0046706_007,12,14.242068,6.1137056,0,136,F1
Sample_007_Region,105665-sample_1_lv_0046706_007,27,0.963177,2.1456106,0,24,Macro_1
Sample_007_Region,105666-sample_1_lv_0046706_007,3,7.09195,4.48752,0,76,F1
Sample_007_Region,105667-sample_1_lv_0046706_007,0,-5.2856297,9.38945,0,21,Mono_mac
Sample_007_Region,105668-sample_1_lv_0046706_007,0,-6.067141,8.809699,0,3,F2
Sample_007_Region,105669-sample_1_lv_0046706_007,0,-3.3341017,9.264458,0,1,VE2
Sample_007_Region,105670-sample_1_lv_0046706_007,0,-5.4576626,6.749501,0,21,F1
Sample_007_Region,105671-sample_1_lv_0046706_007,0,-5.242106,7.399052,0,21,Tc
Sample_007_Region,105672-sample_1_lv_0046706_007,11,11.457046,9.560274,0,282,F3
Sample_007_Region,105673-sample_1_lv_0046706_007,3,7.3057594,4.474542,0,234,F2
Sample_007_Region,105674-sample_1_lv_0046706_007,1,11.803625,11.007615,0,310,Mono_mac
Sample_007_Region,105675-sample_1_lv_0046706_007,13,9.932153,12.143308,0,130,F1
Sample_007_Region,105676-sample_1_lv_0046706_007,11,13.1721,9.061493,0,103,F1
Sample_007_Region,105677-sample_1_lv_0046706_007,23,6.5947523,19.595955,0,121,F1
Sample_007_Region,105678-sample_1_lv_0046706_007,26,8.513563,-3.9707937,0,92,VE1
Sample_007_Region,105679-sample_1_lv_0046706_007,24,11.762725,-2.5272593,0,129,Th
Sample_007_Region,105680-sample_1_lv_0046706_007,3,4.3252525,6.108827,0,79,VE2
Sample_007_Region,105681-sample_1_lv_0046706_007,0,-5.629766,5.6578016,0,39,Pericyte_2
Sample_007_Region,105682-sample_1_lv_0046706_007,0,-4.603187,8.846428,0,122,VE2
Sample_007_Region,105683-sample_1_lv_0046706_007,0,-4.592998,8.298773,0,3,F1
Sample_007_Region,105684-sample_1_lv_0046706_007,10,13.723738,9.935326,0,530,Mono_mac
Sample_007_Region,105685-sample_1_lv_0046706_007,0,-4.3408036,7.584582,0,109,F1
Sample_007_Region,105686-sample_1_lv_0046706_007,0,-6.4083376,6.8120275,0,311,Pericyte_1
Sample_007_Region,105687-sample_1_lv_0046706_007,14,11.247169,4.0441074,0,70,Mono_mac
Sample_007_Region,105688-sample_1_lv_0046706_007,22,11.28302,19.382402,0,24,Mono_mac
Sample_007_Region,105689-sample_1_lv_0046706_007,0,-2.3072536,6.655024,0,5,Th
Sample_007_Region,105690-sample_1_lv_0046706_007,0,-5.0121946,7.03296,0,163,F2
Sample_007_Region,105691-sample_1_lv_0046706_007,0,-5.1184034,6.1826096,0,7,F1
Sample_007_Region,105692-sample_1_lv_0046706_007,0,-4.4333014,8.027061,0,26,F1
Sample_007_Region,105693-sample_1_lv_0046706_007,0,-5.90944,7.2587643,0,118,F1
Sample_007_Region,105694-sample_1_lv_0046706_007,15,4.8133307,10.989096,0,35,Th
Sample_007_Region,105695-sample_1_lv_0046706_007,0,-5.83257,7.102629,0,7,Th
Sample_007_Region,105696-sample_1_lv_0046706_007,1,9.842887,9.310199,0,115,ILC1_3
Sample_007_Region,105697-sample_1_lv_0046706_007,2,11.455489,7.8320394,0,34,F1
Sample_007_Region,105804-sample_1_lv_0046706_007,0,-4.0343337,6.5912514,0,22,Pericyte_2
Sample_007_Region,105805-sample_1_lv_0046706_007,0,-5.593053,6.257506,0,23,Pericyte_2
Sample_007_Region,105806-sample_1_lv_0046706_007,11,9.227541,10.410324,0,16,F2
Sample_007_Region,105807-sample_1_lv_0046706_007,13,9.492523,11.634162,0,172,Mono_mac
Sample_007_Region,105808-sample_1_lv_0046706_007,3,7.3252907,6.353807,0,37,F1
Sample_007_Region,105809-sample_1_lv_0046706_007,2,10.018916,6.291563,0,80,Mono_mac
Sample_007_Region,105810-sample_1_lv_0046706_007,28,12.521699,-6.431756,0,227,Mono_mac
Sample_007_Region,105811-sample_1_lv_0046706_007,11,11.261712,9.991213,0,160,Mono_mac
Sample_007_Region,105812-sample_1_lv_0046706_007,0,-3.5551038,7.448483,0,52,F1
Sample_007_Region,105813-sample_1_lv_0046706_007,28,9.666444,-6.3205514,0,61,F1
Sample_007_Region,105814-sample_1_lv_0046706_007,0,-6.1136904,6.511946,0,129,F1
Sample_007_Region,105815-sample_1_lv_0046706_007,0,-2.9465945,7.7838364,0,24,F1
Sample_007_Region,105816-sample_1_lv_0046706_007,15,6.7158885,1.1880251,0,40,LE2
Sample_007_Region,105817-sample_1_lv_0046706_007,25,9.7886715,22.141579,0,56,F1
Sample_007_Region,105818-sample_1_lv_0046706_007,0,-3.5482624,6.8318677,0,3,Th
Sample_007_Region,105819-sample_1_lv_0046706_007,0,-3.7522378,6.242851,0,21,F1
Sample_007_Region,105820-sample_1_lv_0046706_007,0,-4.3570914,7.5898294,0,18,Th
Sample_007_Region,105821-sample_1_lv_0046706_007,31,9.580782,-2.6688418,0,30,LE2
Sample_007_Region,105822-sample_1_lv_0046706_007,0,-4.338193,7.768687,0,11,F1
Sample_007_Region,105823-sample_1_lv_0046706_007,15,5.0088434,12.697094,0,1,Differentiated_KC
Sample_007_Region,105824-sample_1_lv_0046706_007,12,2.6165557,6.3070087,0,8,Macro_1
Sample_007_Region,105825-sample_1_lv_0046706_007,0,-4.8578167,9.435701,0,1,Differentiated_KC
Sample_007_Region,105826-sample_1_lv_0046706_007,0,-4.4979067,7.297172,0,72,F1
Sample_007_Region,105827-sample_1_lv_0046706_007,0,-3.4416394,7.665082,0,3,Undifferentiated_KC
Sample_007_Region,105828-sample_1_lv_0046706_007,0,-5.0098763,7.353675,0,4,F1
Sample_007_Region,105829-sample_1_lv_0046706_007,0,-4.4608293,8.990462,0,0,Differentiated_KC
Sample_007_Region,105830-sample_1_lv_0046706_007,0,-5.492824,7.5743403,0,1,Differentiated_KC
Sample_007_Region,105831-sample_1_lv_0046706_007,8,14.817173,0.082604475,0,38,F2
Sample_007_Region,105832-sample_1_lv_0046706_007,0,-3.2936614,6.2554646,0,0,Differentiated_KC
Sample_007_Region,105833-sample_1_lv_0046706_007,16,5.8492646,7.1653934,0,43,F1
Sample_007_Region,105834-sample_1_lv_0046706_007,4,15.56932,9.688622,0,54,Mono_mac
Sample_007_Region,105835-sample_1_lv_0046706_007,13,7.918843,11.79678,0,65,Th
Sample_007_Region,105836-sample_1_lv_0046706_007,10,16.482464,8.824198,0,376,F2
Sample_007_Region,105837-sample_1_lv_0046706_007,0,-6.7120643,6.291933,0,200,F1
Sample_007_Region,105838-sample_1_lv_0046706_007,0,-4.7595353,7.69191,0,28,F1
Sample_007_Region,105839-sample_1_lv_0046706_007,11,9.430778,10.379022,0,41,F1
Sample_007_Region,105840-sample_1_lv_0046706_007,31,9.298893,-2.7423759,0,38,F1
Sample_007_Region,105841-sample_1_lv_0046706_007,12,16.448986,4.675163,0,65,Macro_1
Sample_007_Region,105842-sample_1_lv_0046706_007,12,14.755784,4.893334,0,45,Th
Sample_007_Region,105843-sample_1_lv_0046706_007,0,-4.8515472,7.6970797,0,10,Th
Sample_007_Region,105844-sample_1_lv_0046706_007,0,-5.4093795,9.474435,0,25,Mono_mac
Sample_007_Region,105845-sample_1_lv_0046706_007,0,-6.042471,7.0558276,0,12,F1
Sample_007_Region,105846-sample_1_lv_0046706_007,31,10.648592,-2.5622582,0,114,F1
Sample_007_Region,105847-sample_1_lv_0046706_007,34,2.8844013,17.720646,0,29,Mono_mac
Sample_007_Region,105848-sample_1_lv_0046706_007,12,13.078365,7.742115,0,85,F1
Sample_007_Region,105849-sample_1_lv_0046706_007,0,-5.750543,8.374541,0,1,F1
Sample_007_Region,105850-sample_1_lv_0046706_007,0,-5.496408,8.569605,0,0,Differentiated_KC
Sample_007_Region,105851-sample_1_lv_0046706_007,0,-5.2630515,6.5598774,0,110,Pericyte_1
Sample_007_Region,105852-sample_1_lv_0046706_007,8,13.827792,-0.33210626,0,151,Mono_mac
Sample_007_Region,105853-sample_1_lv_0046706_007,0,-3.1326458,8.252864,0,54,F1
Sample_007_Region,105854-sample_1_lv_0046706_007,11,10.697148,10.601429,0,153,F3
Sample_007_Region,105855-sample_1_lv_0046706_007,0,-5.803613,9.541617,0,60,F1
Sample_007_Region,105856-sample_1_lv_0046706_007,9,9.112711,15.32585,0,48,F1
Sample_007_Region,105857-sample_1_lv_0046706_007,25,9.455123,22.074854,0,25,Th
Sample_007_Region,105858-sample_1_lv_0046706_007,0,-4.005038,5.3689322,0,300,Pericyte_1
Sample_007_Region,105859-sample_1_lv_0046706_007,26,8.585533,-4.5181165,0,57,F3
Sample_007_Region,105865-sample_1_lv_0046706_007,1,8.462141,7.1447425,0,43,F3
Sample_007_Region,105866-sample_1_lv_0046706_007,34,3.1675436,17.910255,0,23,Th
Sample_007_Region,105867-sample_1_lv_0046706_007,0,-4.4815164,7.748682,0,17,F3
Sample_007_Region,105868-sample_1_lv_0046706_007,30,20.70539,5.2601323,0,31,Tc
Sample_007_Region,105869-sample_1_lv_0046706_007,20,16.692799,14.653921,0,373,moDC
Sample_007_Region,105870-sample_1_lv_0046706_007,0,-3.062755,8.028528,0,40,F1
Sample_007_Region,105871-sample_1_lv_0046706_007,19,19.821224,11.262331,0,180,F3
Sample_007_Region,105872-sample_1_lv_0046706_007,5,13.117443,5.1523514,0,372,LE2
Sample_007_Region,105873-sample_1_lv_0046706_007,3,4.3884845,6.0119376,0,126,F3
Sample_007_Region,105874-sample_1_lv_0046706_007,0,-4.043234,5.8054147,0,93,Th
Sample_007_Region,105881-sample_1_lv_0046706_007,0,-5.830901,6.915483,0,50,F1
Sample_007_Region,105882-sample_1_lv_0046706_007,0,-4.1368685,5.4736433,0,2,Th
Sample_007_Region,105883-sample_1_lv_0046706_007,0,-3.040655,7.7862844,0,38,F1
Sample_007_Region,105884-sample_1_lv_0046706_007,12,2.6714523,6.2703137,0,13,Macro_1
Sample_007_Region,105885-sample_1_lv_0046706_007,10,14.117172,10.502389,0,175,Undifferentiated_KC
Sample_007_Region,105886-sample_1_lv_0046706_007,37,-2.2567592,8.813251,0,37,F2
Sample_007_Region,105887-sample_1_lv_0046706_007,0,-3.5311463,5.371186,0,1,VE1
Sample_007_Region,105888-sample_1_lv_0046706_007,0,-4.9743733,8.73083,0,77,F1
Sample_007_Region,105889-sample_1_lv_0046706_007,0,-2.9351754,7.1911774,0,22,F1
Sample_007_Region,105890-sample_1_lv_0046706_007,0,-3.6269364,6.733859,0,33,F1
Sample_007_Region,105891-sample_1_lv_0046706_007,30,20.948727,6.15851,0,10,F1
Sample_007_Region,105892-sample_1_lv_0046706_007,0,-3.0254047,6.8019705,0,7,F1
Sample_007_Region,105893-sample_1_lv_0046706_007,1,7.822928,10.1178465,0,116,F1
Sample_007_Region,105894-sample_1_lv_0046706_007,0,-4.9537477,6.279735,0,19,Undifferentiated_KC
Sample_007_Region,105895-sample_1_lv_0046706_007,0,-2.497299,6.538412,0,2,F1
Sample_007_Region,105896-sample_1_lv_0046706_007,18,15.044579,3.1846735,0,99,F3
Sample_007_Region,105897-sample_1_lv_0046706_007,11,13.105971,9.077549,0,104,F2
Sample_007_Region,105898-sample_1_lv_0046706_007,26,8.643248,-4.4873056,0,44,Th
Sample_007_Region,105899-sample_1_lv_0046706_007,11,10.810183,9.668224,0,252,Mono_mac
Sample_007_Region,105900-sample_1_lv_0046706_007,27,0.269748,2.339985,0,25,F2
Sample_007_Region,105901-sample_1_lv_0046706_007,0,-4.6187267,7.4612284,0,107,Mono_mac
Sample_007_Region,105902-sample_1_lv_0046706_007,0,-4.3764677,6.584112,0,61,F1
Sample_007_Region,105903-sample_1_lv_0046706_007,0,-5.1279874,6.8997464,0,0,Differentiated_KC
Sample_007_Region,105904-sample_1_lv_0046706_007,3,7.289667,6.280781,0,40,Mono_mac
Sample_007_Region,105905-sample_1_lv_0046706_007,30,20.68408,5.2363997,0,32,F1
Sample_007_Region,105906-sample_1_lv_0046706_007,12,13.121859,6.0825577,0,15,VE1
Sample_007_Region,105907-sample_1_lv_0046706_007,0,-6.3563013,7.0220084,0,42,Pericyte_2
Sample_007_Region,105908-sample_1_lv_0046706_007,22,11.207255,19.258476,0,220,F2
Sample_007_Region,105909-sample_1_lv_0046706_007,16,6.268232,8.527185,0,37,F3
Sample_007_Region,105910-sample_1_lv_0046706_007,22,11.238288,19.415379,0,102,Pericyte_2
Sample_007_Region,105911-sample_1_lv_0046706_007,1,12.201494,10.468193,0,251,F1
Sample_007_Region,105912-sample_1_lv_0046706_007,2,12.287044,7.4038224,0,156,F1
Sample_007_Region,105913-sample_1_lv_0046706_007,14,12.511488,5.9498906,0,507,F1
Sample_007_Region,105914-sample_1_lv_0046706_007,3,8.118691,6.1442604,0,206,F1
Sample_007_Region,105915-sample_1_lv_0046706_007,30,16.334915,0.35088158,0,222,F3
Sample_007_Region,105916-sample_1_lv_0046706_007,0,-3.3716302,9.095868,0,174,F3
Sample_007_Region,105917-sample_1_lv_0046706_007,2,10.685359,7.2365828,0,541,F2
Sample_007_Region,105918-sample_1_lv_0046706_007,5,8.373086,3.6896746,0,65,F1
Sample_007_Region,105919-sample_1_lv_0046706_007,1,8.092822,8.761729,0,472,Pericyte_1
Sample_007_Region,105920-sample_1_lv_0046706_007,0,-6.3004026,5.750976,0,69,Mono_mac
Sample_007_Region,105921-sample_1_lv_0046706_007,24,9.73734,0.1217668,0,253,Mono_mac
Sample_007_Region,105922-sample_1_lv_0046706_007,0,-2.4387784,6.425082,0,123,Pericyte_1
Sample_007_Region,105923-sample_1_lv_0046706_007,5,9.798275,1.7224838,0,103,Mono_mac
Sample_007_Region,105924-sample_1_lv_0046706_007,5,8.028042,1.9547468,0,187,Pericyte_1
Sample_007_Region,105925-sample_1_lv_0046706_007,14,10.821475,4.1604686,0,365,Mono_mac
Sample_007_Region,105926-sample_1_lv_0046706_007,2,10.083626,6.736658,0,357,F1
Sample_007_Region,105927-sample_1_lv_0046706_007,33,1.1423562,21.028713,0,329,F3
Sample_007_Region,105928-sample_1_lv_0046706_007,2,10.115342,7.695484,0,354,F3
Sample_007_Region,105929-sample_1_lv_0046706_007,0,-3.4441469,7.215569,0,85,F1
Sample_007_Region,105930-sample_1_lv_0046706_007,2,11.2574005,7.383533,0,111,MigDC
Sample_007_Region,105931-sample_1_lv_0046706_007,0,-5.061851,8.290052,0,71,Pericyte_1
Sample_007_Region,105932-sample_1_lv_0046706_007,0,-3.9523368,5.8365436,0,143,Undifferentiated_KC
Sample_007_Region,105933-sample_1_lv_0046706_007,1,7.379268,7.667789,0,48,F3
Sample_007_Region,105934-sample_1_lv_0046706_007,30,19.949144,3.7882295,0,92,F1
Sample_007_Region,105935-sample_1_lv_0046706_007,12,17.071053,5.1560073,0,67,F2
Sample_007_Region,105936-sample_1_lv_0046706_007,30,16.082607,0.6210865,0,407,F2
Sample_007_Region,105937-sample_1_lv_0046706_007,2,11.465593,6.9313955,0,150,F1
Sample_007_Region,105938-sample_1_lv_0046706_007,3,5.9340734,5.1244574,0,152,F1
Sample_007_Region,105939-sample_1_lv_0046706_007,12,13.1201935,6.6056657,0,398,Th
Sample_007_Region,105940-sample_1_lv_0046706_007,16,6.946782,7.1066146,0,137,F1
Sample_007_Region,105941-sample_1_lv_0046706_007,2,9.241447,7.4679027,0,358,F1
Sample_007_Region,105942-sample_1_lv_0046706_007,18,17.870506,1.7114191,0,87,F3
Sample_007_Region,105943-sample_1_lv_0046706_007,28,8.012514,-7.9874187,0,14,F1
Sample_007_Region,105944-sample_1_lv_0046706_007,1,9.182496,8.765353,0,79,F1
Sample_007_Region,105945-sample_1_lv_0046706_007,0,-6.6471677,8.117442,0,21,F1
Sample_007_Region,105946-sample_1_lv_0046706_007,15,5.724,2.1147056,0,358,Macro_1
Sample_007_Region,105947-sample_1_lv_0046706_007,9,10.378472,13.366998,0,1169,Mono_mac
Sample_007_Region,105948-sample_1_lv_0046706_007,0,-5.131411,8.268137,0,10,Macro_1
Sample_007_Region,105949-sample_1_lv_0046706_007,4,15.233545,7.2316275,0,227,F2
Sample_007_Region,105950-sample_1_lv_0046706_007,8,12.947276,0.36967993,0,596,Pericyte_1
Sample_007_Region,105951-sample_1_lv_0046706_007,28,10.3466625,-6.4761357,0,53,DC2
Sample_007_Region,105952-sample_1_lv_0046706_007,0,-5.6188035,5.9711256,0,175,F2
Sample_007_Region,105953-sample_1_lv_0046706_007,0,-4.459593,8.677968,0,169,F2
Sample_007_Region,105954-sample_1_lv_0046706_007,1,10.021479,7.5121875,0,120,F3
Sample_007_Region,105955-sample_1_lv_0046706_007,0,-4.466423,8.615634,0,195,F1
Sample_007_Region,105956-sample_1_lv_0046706_007,14,10.848651,4.6901064,0,349,ILC1_3
Sample_007_Region,105957-sample_1_lv_0046706_007,28,11.007236,-6.901144,0,54,Mono_mac
Sample_007_Region,105958-sample_1_lv_0046706_007,16,5.328206,6.8243537,0,108,F2
Sample_007_Region,105959-sample_1_lv_0046706_007,0,-4.371601,6.1006346,0,127,F2
Sample_007_Region,105960-sample_1_lv_0046706_007,27,1.2579559,4.536614,0,433,F1
Sample_007_Region,105961-sample_1_lv_0046706_007,0,-4.277273,5.462102,0,146,F1
Sample_007_Region,105962-sample_1_lv_0046706_007,22,11.007758,19.249338,0,260,Macro_1
Sample_007_Region,105963-sample_1_lv_0046706_007,0,-3.7541695,7.5004907,0,95,F2
Sample_007_Region,105964-sample_1_lv_0046706_007,0,-3.811163,8.477355,0,162,F1
Sample_007_Region,105965-sample_1_lv_0046706_007,12,14.802595,4.9268565,0,259,Macro_1
Sample_007_Region,105966-sample_1_lv_0046706_007,3,8.944149,5.470297,0,237,F1
Sample_007_Region,105967-sample_1_lv_0046706_007,15,7.0701237,2.4444227,0,248,F2
Sample_007_Region,105968-sample_1_lv_0046706_007,24,9.116182,-0.3432267,0,122,Macro_1
Sample_007_Region,105969-sample_1_lv_0046706_007,2,10.0363655,7.5811124,0,686,Mono_mac
Sample_007_Region,105970-sample_1_lv_0046706_007,11,11.8397255,9.952505,0,331,F1
Sample_007_Region,105971-sample_1_lv_0046706_007,11,10.917468,9.542448,0,244,DC2
Sample_007_Region,105972-sample_1_lv_0046706_007,11,10.978393,9.944992,0,385,Mono_mac
Sample_007_Region,105973-sample_1_lv_0046706_007,11,10.679885,10.098561,0,294,Macro_1
Sample_007_Region,105974-sample_1_lv_0046706_007,11,11.190035,10.006759,0,220,Macro_1
Sample_007_Region,105975-sample_1_lv_0046706_007,26,7.500521,-5.4738126,0,210,F3
Sample_007_Region,105976-sample_1_lv_0046706_007,22,10.559431,19.249792,0,475,Pericyte_2
Sample_007_Region,105977-sample_1_lv_0046706_007,14,11.009864,3.9716296,0,98,F2
Sample_007_Region,105978-sample_1_lv_0046706_007,9,10.675232,14.156598,0,305,F2
Sample_007_Region,105979-sample_1_lv_0046706_007,3,7.5868607,5.995479,0,53,F3
Sample_007_Region,105980-sample_1_lv_0046706_007,8,14.018206,2.8187823,0,510,F3
Sample_007_Region,105981-sample_1_lv_0046706_007,20,16.051493,14.8632145,0,109,F2
Sample_007_Region,105982-sample_1_lv_0046706_007,3,5.6986723,4.419051,0,262,Pericyte_2
Sample_007_Region,105983-sample_1_lv_0046706_007,0,-5.336991,5.4543724,0,89,F2
Sample_007_Region,105984-sample_1_lv_0046706_007,23,6.26233,18.602953,0,241,F2
Sample_007_Region,105985-sample_1_lv_0046706_007,0,-5.5715694,6.531469,0,64,F1
Sample_007_Region,105986-sample_1_lv_0046706_007,14,10.513215,4.3675785,0,108,VE1
Sample_007_Region,105987-sample_1_lv_0046706_007,16,7.038033,7.02455,0,112,Th
Sample_007_Region,105988-sample_1_lv_0046706_007,0,-4.5850196,5.8009844,0,11,Macro_1
Sample_007_Region,105989-sample_1_lv_0046706_007,0,-3.840311,8.198487,0,19,F2
Sample_007_Region,105990-sample_1_lv_0046706_007,26,8.761472,-4.952216,0,39,LE2
Sample_007_Region,105991-sample_1_lv_0046706_007,2,11.617488,6.0242367,0,13,F1
Sample_007_Region,105992-sample_1_lv_0046706_007,0,-5.0973396,8.158561,0,120,Undifferentiated_KC
Sample_007_Region,105993-sample_1_lv_0046706_007,0,-4.8584604,9.218089,0,180,F1
Sample_007_Region,105994-sample_1_lv_0046706_007,30,20.446987,4.7374034,0,46,MigDC
Sample_007_Region,105995-sample_1_lv_0046706_007,0,-6.5054536,6.885254,0,2,Macro_1
Sample_007_Region,105996-sample_1_lv_0046706_007,0,-6.0728593,6.849185,0,19,F1
Sample_007_Region,105997-sample_1_lv_0046706_007,4,14.482739,7.9537053,0,140,LE2
Sample_007_Region,105998-sample_1_lv_0046706_007,0,-4.2406774,8.124777,0,36,F1
Sample_007_Region,105999-sample_1_lv_0046706_007,28,12.370235,-5.697783,0,191,F1
Sample_007_Region,106000-sample_1_lv_0046706_007,8,14.476933,-1.0480475,0,165,F1
Sample_007_Region,106001-sample_1_lv_0046706_007,0,-4.541187,6.6450877,0,57,Th
Sample_007_Region,106002-sample_1_lv_0046706_007,7,14.293078,13.02596,0,137,F1
Sample_007_Region,106003-sample_1_lv_0046706_007,0,-5.6096907,6.687908,0,18,F2
Sample_007_Region,106004-sample_1_lv_0046706_007,15,5.9078865,2.876527,0,120,F3
Sample_007_Region,106005-sample_1_lv_0046706_007,0,-4.104663,6.8621883,0,5,Macro_2
Sample_007_Region,106006-sample_1_lv_0046706_007,0,-3.4658852,7.275545,0,84,F1
Sample_007_Region,106007-sample_1_lv_0046706_007,10,16.398201,8.909082,0,99,F1
Sample_007_Region,106008-sample_1_lv_0046706_007,0,-2.177582,6.322015,0,61,F1
Sample_007_Region,106009-sample_1_lv_0046706_007,4,14.819453,8.15312,0,269,LE1
Sample_007_Region,106010-sample_1_lv_0046706_007,0,-2.882432,6.259062,0,38,moDC
Sample_007_Region,106011-sample_1_lv_0046706_007,3,11.128647,5.366394,0,237,F3
Sample_007_Region,106012-sample_1_lv_0046706_007,0,-3.1264493,8.307565,0,215,F2
Sample_007_Region,106013-sample_1_lv_0046706_007,0,-3.587849,7.835961,0,59,F3
Sample_007_Region,106014-sample_1_lv_0046706_007,28,8.00955,-7.9899025,0,9,Macro_1
Sample_007_Region,106015-sample_1_lv_0046706_007,0,-4.3282957,7.444696,0,45,Th
Sample_007_Region,106016-sample_1_lv_0046706_007,5,8.958976,2.4571335,0,102,LE2
Sample_007_Region,106017-sample_1_lv_0046706_007,23,7.1472745,18.809803,0,222,VE3
Sample_007_Region,106018-sample_1_lv_0046706_007,17,1.9070344,13.939436,0,253,Macro_1
Sample_007_Region,106019-sample_1_lv_0046706_007,0,-5.0047235,8.168706,0,81,F1
Sample_007_Region,106020-sample_1_lv_0046706_007,0,-4.0848165,7.0991917,0,19,Mono_mac
Sample_007_Region,106021-sample_1_lv_0046706_007,0,-4.0566487,8.11746,0,28,F1
Sample_007_Region,106022-sample_1_lv_0046706_007,13,9.586469,11.12021,0,383,Tc
Sample_007_Region,106023-sample_1_lv_0046706_007,0,-5.360154,7.592869,0,57,F3
Sample_007_Region,106024-sample_1_lv_0046706_007,30,20.006138,3.8269687,0,51,F2
Sample_007_Region,106025-sample_1_lv_0046706_007,0,-3.6432493,8.7832365,0,265,F1
Sample_007_Region,106026-sample_1_lv_0046706_007,5,9.109931,3.084649,0,185,LE1
Sample_007_Region,106027-sample_1_lv_0046706_007,11,13.150862,8.571891,0,297,VE3
Sample_007_Region,106028-sample_1_lv_0046706_007,2,10.805437,7.075689,0,140,Tc
Sample_007_Region,106029-sample_1_lv_0046706_007,15,4.97773,2.3516455,0,397,ILC1_3
Sample_007_Region,106030-sample_1_lv_0046706_007,4,14.442109,5.8615155,0,247,moDC
Sample_007_Region,106031-sample_1_lv_0046706_007,0,-3.6995404,6.646267,0,48,F1
Sample_007_Region,106032-sample_1_lv_0046706_007,30,16.758337,0.032412246,0,206,F1
Sample_007_Region,106033-sample_1_lv_0046706_007,0,-3.4782186,6.0635157,0,73,F3
Sample_007_Region,106034-sample_1_lv_0046706_007,19,19.922377,11.161338,0,495,Schwann_1
Sample_007_Region,106035-sample_1_lv_0046706_007,5,8.036559,2.0352862,0,120,LE1
Sample_007_Region,106036-sample_1_lv_0046706_007,2,10.594752,7.254681,0,605,F2
Sample_007_Region,106037-sample_1_lv_0046706_007,13,10.450938,11.61272,0,193,Mono_mac
Sample_007_Region,106038-sample_1_lv_0046706_007,27,1.3019375,1.4794614,0,34,Macro_1
Sample_007_Region,106039-sample_1_lv_0046706_007,1,7.3246155,8.23277,0,405,Th
Sample_007_Region,106040-sample_1_lv_0046706_007,1,8.391163,6.969742,0,87,Macro_1
Sample_007_Region,106041-sample_1_lv_0046706_007,9,9.034955,14.2693205,0,156,F2
Sample_007_Region,106042-sample_1_lv_0046706_007,0,-6.330766,8.050684,0,16,F3
Sample_007_Region,106043-sample_1_lv_0046706_007,0,-5.7622194,6.1284122,0,21,F1
Sample_007_Region,106044-sample_1_lv_0046706_007,13,9.004051,10.506095,0,81,F1
Sample_007_Region,106045-sample_1_lv_0046706_007,0,-4.8526974,7.8840814,0,86,F1
Sample_007_Region,106046-sample_1_lv_0046706_007,19,20.058937,11.814967,0,14,Th
Sample_007_Region,106047-sample_1_lv_0046706_007,3,9.943002,5.380279,0,85,F3
Sample_007_Region,106048-sample_1_lv_0046706_007,2,10.047162,7.146821,0,295,F1
Sample_007_Region,106049-sample_1_lv_0046706_007,11,11.52035,9.640004,0,218,Mono_mac
Sample_007_Region,106050-sample_1_lv_0046706_007,1,7.469999,8.210072,0,137,Th
Sample_007_Region,106051-sample_1_lv_0046706_007,2,9.475233,7.52153,0,135,F1
Sample_007_Region,106052-sample_1_lv_0046706_007,18,16.551691,3.14663,0,246,F3
Sample_007_Region,106053-sample_1_lv_0046706_007,11,10.967339,9.314512,0,27,F2
Sample_007_Region,106054-sample_1_lv_0046706_007,0,-5.4674006,8.123836,0,173,F2
Sample_007_Region,106055-sample_1_lv_0046706_007,3,8.044454,4.2844524,0,76,Mono_mac
Sample_007_Region,106056-sample_1_lv_0046706_007,2,11.645213,8.605075,0,316,F3
Sample_007_Region,106057-sample_1_lv_0046706_007,11,11.708095,10.038666,0,423,F3
Sample_007_Region,106058-sample_1_lv_0046706_007,2,10.142659,7.445222,0,285,F3
Sample_007_Region,106059-sample_1_lv_0046706_007,19,19.80505,11.287577,0,173,F3
Sample_007_Region,106060-sample_1_lv_0046706_007,11,12.357564,8.6103735,0,214,LE1
Sample_007_Region,106061-sample_1_lv_0046706_007,5,12.65111,5.83328,0,540,LE2
Sample_007_Region,106062-sample_1_lv_0046706_007,25,9.851241,22.206919,0,626,moDC
Sample_007_Region,106063-sample_1_lv_0046706_007,2,10.632002,7.242584,0,524,LE2
Sample_007_Region,106064-sample_1_lv_0046706_007,11,12.797741,9.198025,0,352,F2
Sample_007_Region,106065-sample_1_lv_0046706_007,11,10.856572,10.589942,0,263,F2
Sample_007_Region,106066-sample_1_lv_0046706_007,25,9.780224,22.19841,0,1024,F1
Sample_007_Region,106067-sample_1_lv_0046706_007,11,11.099069,9.349211,0,191,F2
Sample_007_Region,106068-sample_1_lv_0046706_007,19,19.730377,11.216661,0,414,F3
Sample_007_Region,106069-sample_1_lv_0046706_007,5,10.093429,4.109766,0,161,Mono_mac
Sample_007_Region,106070-sample_1_lv_0046706_007,32,1.3261962,12.048405,0,88,F1
Sample_007_Region,106071-sample_1_lv_0046706_007,11,10.711441,9.213455,0,292,F1
Sample_007_Region,106072-sample_1_lv_0046706_007,18,15.976282,2.6917455,0,374,Mono_mac
Sample_007_Region,106073-sample_1_lv_0046706_007,5,12.954224,3.4258683,0,231,Mono_mac
Sample_007_Region,106074-sample_1_lv_0046706_007,8,12.17949,0.0027315584,0,397,F3
Sample_007_Region,106075-sample_1_lv_0046706_007,17,2.6613753,13.3051405,0,470,F2
Sample_007_Region,106076-sample_1_lv_0046706_007,19,20.045813,11.586457,0,832,F3
Sample_007_Region,106077-sample_1_lv_0046706_007,11,10.911501,10.402621,0,288,F1
Sample_007_Region,106078-sample_1_lv_0046706_007,0,-6.4462514,6.8407164,0,93,Th
Sample_007_Region,106079-sample_1_lv_0046706_007,5,8.974731,2.1969755,0,72,Th
Sample_007_Region,106080-sample_1_lv_0046706_007,0,-4.6333637,7.079529,0,67,Th
Sample_007_Region,106081-sample_1_lv_0046706_007,0,-3.713424,5.587494,0,13,F1
Sample_007_Region,106082-sample_1_lv_0046706_007,11,10.293353,9.117876,0,118,F2
Sample_007_Region,106083-sample_1_lv_0046706_007,2,9.714687,7.2183795,0,549,Mono_mac
Sample_007_Region,106084-sample_1_lv_0046706_007,1,10.929557,9.0223055,0,472,Mono_mac
Sample_007_Region,106085-sample_1_lv_0046706_007,11,11.008339,9.5187845,0,208,Th
Sample_007_Region,106086-sample_1_lv_0046706_007,0,-3.8670914,5.261072,0,74,F1
Sample_007_Region,106087-sample_1_lv_0046706_007,3,7.095371,4.6468396,0,302,Mono_mac
Sample_007_Region,106088-sample_1_lv_0046706_007,25,9.544703,22.100546,0,318,moDC
Sample_007_Region,106089-sample_1_lv_0046706_007,27,-0.39749655,0.9580906,0,145,F1
Sample_007_Region,106090-sample_1_lv_0046706_007,1,8.631292,7.409683,0,238,F3
Sample_007_Region,106091-sample_1_lv_0046706_007,2,9.383571,6.869074,0,89,F3
Sample_007_Region,106092-sample_1_lv_0046706_007,14,9.413976,6.3952317,0,222,Mono_mac
Sample_007_Region,106093-sample_1_lv_0046706_007,11,11.247791,9.397691,0,295,F2
Sample_007_Region,106094-sample_1_lv_0046706_007,2,10.054257,7.0922136,0,370,F2
Sample_007_Region,106095-sample_1_lv_0046706_007,2,10.295886,7.5383883,0,631,F2
Sample_007_Region,106096-sample_1_lv_0046706_007,29,6.6142154,4.1209626,0,134,F3
Sample_007_Region,106097-sample_1_lv_0046706_007,24,12.2741165,-2.2595448,0,251,Undifferentiated_KC
Sample_007_Region,106098-sample_1_lv_0046706_007,11,11.732634,9.776556,0,251,F1
Sample_007_Region,106099-sample_1_lv_0046706_007,25,9.8575535,22.30417,0,1023,F2
Sample_007_Region,106100-sample_1_lv_0046706_007,7,14.439185,11.614174,0,442,F2
Sample_007_Region,106101-sample_1_lv_0046706_007,1,8.63611,7.73536,0,217,F1
Sample_007_Region,106102-sample_1_lv_0046706_007,2,10.688365,8.087897,0,235,F2
Sample_007_Region,106103-sample_1_lv_0046706_007,18,16.034441,3.1386683,0,876,F3
Sample_007_Region,106104-sample_1_lv_0046706_007,13,9.006317,10.675509,0,545,Mono_mac
Sample_007_Region,106105-sample_1_lv_0046706_007,11,13.616172,8.874119,0,810,F3
Sample_007_Region,106106-sample_1_lv_0046706_007,3,7.2223306,4.615949,0,634,Mono_mac
Sample_007_Region,106107-sample_1_lv_0046706_007,22,10.773684,19.426289,0,660,F3
Sample_007_Region,106108-sample_1_lv_0046706_007,22,10.71196,19.13559,0,764,Mono_mac
Sample_007_Region,106109-sample_1_lv_0046706_007,1,12.3871765,10.4337,0,864,Mono_mac
Sample_007_Region,106110-sample_1_lv_0046706_007,11,10.400406,10.256642,0,318,F2
Sample_007_Region,106111-sample_1_lv_0046706_007,11,11.528121,9.643316,0,163,Macro_1
Sample_007_Region,106112-sample_1_lv_0046706_007,1,8.430433,7.7149835,0,181,F2
Sample_007_Region,106113-sample_1_lv_0046706_007,9,9.817612,13.530637,0,700,F3
Sample_007_Region,106114-sample_1_lv_0046706_007,15,4.9917126,2.5750182,0,470,F3
Sample_007_Region,106115-sample_1_lv_0046706_007,10,13.9051895,9.814868,0,490,Macro_1
Sample_007_Region,106116-sample_1_lv_0046706_007,1,10.145826,8.146506,0,471,Mono_mac
Sample_007_Region,106117-sample_1_lv_0046706_007,14,10.498849,4.904122,0,602,Mono_mac
Sample_007_Region,106118-sample_1_lv_0046706_007,1,9.259996,8.796172,0,108,F1
Sample_007_Region,106119-sample_1_lv_0046706_007,19,19.780489,11.207106,0,238,F3
Sample_007_Region,106120-sample_1_lv_0046706_007,1,7.263775,7.6150303,0,31,F3
Sample_007_Region,106121-sample_1_lv_0046706_007,14,10.552291,4.900952,0,408,Mono_mac
Sample_007_Region,106122-sample_1_lv_0046706_007,14,10.80033,1.7049855,0,38,F2
Sample_007_Region,106123-sample_1_lv_0046706_007,14,12.353273,5.231779,0,26,F1
Sample_007_Region,106124-sample_1_lv_0046706_007,3,6.301134,5.018694,0,88,F1
Sample_007_Region,106125-sample_1_lv_0046706_007,14,11.246894,3.3257685,0,52,Th
Sample_007_Region,106126-sample_1_lv_0046706_007,0,-6.2744226,8.216963,0,11,Undifferentiated_KC
Sample_007_Region,106127-sample_1_lv_0046706_007,0,-3.6692283,7.329661,0,55,Macro_1
Sample_007_Region,106128-sample_1_lv_0046706_007,15,7.064544,1.6902901,0,63,LE1
Sample_007_Region,106129-sample_1_lv_0046706_007,0,-5.5355887,7.8468604,0,32,Macro_1
Sample_007_Region,106130-sample_1_lv_0046706_007,14,11.895543,2.7359364,0,91,F1
Sample_007_Region,106131-sample_1_lv_0046706_007,0,-3.2664955,7.6276145,0,32,F2
Sample_007_Region,106132-sample_1_lv_0046706_007,0,-6.019623,6.923274,0,67,Mono_mac
Sample_007_Region,106133-sample_1_lv_0046706_007,2,11.578254,7.333951,0,187,Mono_mac
Sample_007_Region,106134-sample_1_lv_0046706_007,14,11.278499,4.635182,0,88,F3
Sample_007_Region,106135-sample_1_lv_0046706_007,14,11.845077,4.9230695,0,352,F2
Sample_007_Region,106136-sample_1_lv_0046706_007,2,12.456462,6.716985,0,221,F1
Sample_007_Region,106137-sample_1_lv_0046706_007,14,12.490474,5.6825285,0,287,F3
Sample_007_Region,106138-sample_1_lv_0046706_007,2,11.573316,6.3831754,0,49,F2
Sample_007_Region,106139-sample_1_lv_0046706_007,2,11.498117,7.183724,0,139,Macro_1
Sample_007_Region,106140-sample_1_lv_0046706_007,14,10.876852,3.945493,0,156,F1
Sample_007_Region,106141-sample_1_lv_0046706_007,14,10.920964,3.853702,0,44,F1
Sample_007_Region,106142-sample_1_lv_0046706_007,27,1.2143134,0.18723814,0,81,Mono_mac
Sample_007_Region,106143-sample_1_lv_0046706_007,14,10.60026,4.60999,0,20,F1
Sample_007_Region,106144-sample_1_lv_0046706_007,0,-6.549544,8.109042,0,9,F1
Sample_007_Region,106145-sample_1_lv_0046706_007,1,8.255531,6.752089,0,5,Differentiated_KC
Sample_007_Region,106146-sample_1_lv_0046706_007,15,3.5039945,7.033955,0,200,F1
Sample_007_Region,106147-sample_1_lv_0046706_007,0,-6.3197165,6.8784695,0,7,Macro_1
Sample_007_Region,106148-sample_1_lv_0046706_007,1,9.666935,8.439072,0,98,Th
Sample_007_Region,106149-sample_1_lv_0046706_007,26,10.771336,-4.924702,0,233,F1
Sample_007_Region,106150-sample_1_lv_0046706_007,14,10.81053,1.8165121,0,24,F1
Sample_007_Region,106151-sample_1_lv_0046706_007,0,-4.8714952,7.288632,0,123,Undifferentiated_KC
Sample_007_Region,106152-sample_1_lv_0046706_007,2,10.7046795,7.477885,0,160,F2
Sample_007_Region,106153-sample_1_lv_0046706_007,2,12.480985,7.077522,0,118,ILC1_3
Sample_007_Region,106154-sample_1_lv_0046706_007,2,10.418538,7.4186726,0,380,Tc
Sample_007_Region,106155-sample_1_lv_0046706_007,14,10.815302,3.8747683,0,140,F2
Sample_007_Region,106156-sample_1_lv_0046706_007,1,8.510582,7.5716023,0,49,Macro_1
Sample_007_Region,106157-sample_1_lv_0046706_007,15,7.239252,1.1874036,0,61,F1
Sample_007_Region,106158-sample_1_lv_0046706_007,0,-3.9092107,8.240173,0,4,Undifferentiated_KC
Sample_007_Region,106159-sample_1_lv_0046706_007,14,10.571831,1.2264825,0,11,F2
Sample_007_Region,106160-sample_1_lv_0046706_007,0,-2.8245974,7.3474236,0,3,Differentiated_KC
Sample_007_Region,106161-sample_1_lv_0046706_007,14,10.769443,1.7998205,0,20,F3
Sample_007_Region,106162-sample_1_lv_0046706_007,0,-5.822607,6.9507446,0,0,Differentiated_KC
Sample_007_Region,106163-sample_1_lv_0046706_007,14,10.585189,0.89292306,0,6,Th
Sample_007_Region,106164-sample_1_lv_0046706_007,1,6.7942386,7.8647175,0,3,Tc
Sample_007_Region,106165-sample_1_lv_0046706_007,0,-2.9789727,6.8961115,0,8,F2
Sample_007_Region,106166-sample_1_lv_0046706_007,0,-4.9008765,6.8281817,0,8,F3
Sample_007_Region,106167-sample_1_lv_0046706_007,33,0.85497284,20.968718,0,29,F2
Sample_007_Region,106168-sample_1_lv_0046706_007,14,10.669471,1.5584202,0,12,F2
Sample_007_Region,106169-sample_1_lv_0046706_007,14,10.576584,0.92920876,0,11,Th
Sample_007_Region,106170-sample_1_lv_0046706_007,0,-4.972706,5.9986253,0,9,Th
Sample_007_Region,106171-sample_1_lv_0046706_007,14,10.531572,0.93233675,0,5,F1
Sample_007_Region,106172-sample_1_lv_0046706_007,14,10.452494,0.8728882,0,3,F1
Sample_007_Region,106173-sample_1_lv_0046706_007,0,-3.8385022,7.66386,0,8,Macro_1
Sample_007_Region,106174-sample_1_lv_0046706_007,2,11.307499,8.201028,0,141,F3
Sample_007_Region,106175-sample_1_lv_0046706_007,14,10.5794115,1.3301862,0,15,F1
Sample_007_Region,106176-sample_1_lv_0046706_007,4,13.685525,8.903324,0,326,F3
Sample_007_Region,106177-sample_1_lv_0046706_007,14,11.436927,3.8945692,0,101,F2
Sample_007_Region,106178-sample_1_lv_0046706_007,9,9.860825,13.332428,0,616,F2
Sample_007_Region,106179-sample_1_lv_0046706_007,14,10.83758,4.6091676,0,78,Macro_1
Sample_007_Region,106180-sample_1_lv_0046706_007,14,10.859339,3.8919191,0,220,F2
Sample_007_Region,106181-sample_1_lv_0046706_007,0,-5.441941,8.484092,0,87,F1
Sample_007_Region,106182-sample_1_lv_0046706_007,20,16.957108,14.588995,0,250,Mono_mac
Sample_007_Region,106183-sample_1_lv_0046706_007,0,-4.3304415,5.7358866,0,41,F1
Sample_007_Region,106184-sample_1_lv_0046706_007,14,11.622359,3.1488569,0,269,Schwann_1
Sample_007_Region,106185-sample_1_lv_0046706_007,14,10.709835,4.2552066,0,384,Schwann_1
Sample_007_Region,106186-sample_1_lv_0046706_007,9,9.451085,14.095192,0,310,F2
Sample_007_Region,106187-sample_1_lv_0046706_007,14,12.335321,5.490876,0,77,F1
Sample_007_Region,106188-sample_1_lv_0046706_007,6,12.3616085,13.562994,0,260,F3
Sample_007_Region,106189-sample_1_lv_0046706_007,18,14.49139,3.3957133,0,378,Mono_mac
Sample_007_Region,106190-sample_1_lv_0046706_007,0,-5.061758,7.387413,0,46,Th
Sample_007_Region,106191-sample_1_lv_0046706_007,30,16.62887,0.093999036,0,213,Mono_mac
Sample_007_Region,106192-sample_1_lv_0046706_007,8,12.382895,0.83277994,0,65,Pericyte_1
Sample_007_Region,106193-sample_1_lv_0046706_007,20,16.945177,14.885598,0,449,F2
Sample_007_Region,106194-sample_1_lv_0046706_007,4,14.896962,6.810142,0,278,F2
Sample_007_Region,106195-sample_1_lv_0046706_007,2,11.5975895,7.9712234,0,588,Mono_mac
Sample_007_Region,106196-sample_1_lv_0046706_007,14,10.777183,3.0204911,0,73,F3
Sample_007_Region,106197-sample_1_lv_0046706_007,14,10.69512,3.162884,0,70,Th
Sample_007_Region,106198-sample_1_lv_0046706_007,2,11.452717,6.2194767,0,44,F3
Sample_007_Region,106199-sample_1_lv_0046706_007,14,10.810664,2.695166,0,44,Mono_mac
Sample_007_Region,106200-sample_1_lv_0046706_007,14,10.5136795,1.2180737,0,23,F2
Sample_007_Region,106201-sample_1_lv_0046706_007,14,10.53583,0.9653662,0,4,Pericyte_1
Sample_007_Region,106202-sample_1_lv_0046706_007,14,10.511449,0.9479304,0,9,F2
Sample_007_Region,106203-sample_1_lv_0046706_007,14,10.664981,1.5094938,0,18,F3
Sample_007_Region,106204-sample_1_lv_0046706_007,14,10.799093,2.01778,0,25,F2
Sample_007_Region,106205-sample_1_lv_0046706_007,14,10.76704,1.884794,0,28,Macro_1
Sample_007_Region,106206-sample_1_lv_0046706_007,14,12.232585,4.164182,0,99,F3
Sample_007_Region,106207-sample_1_lv_0046706_007,14,11.012661,3.1213098,0,59,Macro_1
Sample_007_Region,106208-sample_1_lv_0046706_007,9,8.786861,13.694906,0,144,F2
Sample_007_Region,106209-sample_1_lv_0046706_007,0,-4.5552654,8.069209,0,0,Differentiated_KC
Sample_007_Region,106210-sample_1_lv_0046706_007,14,11.288617,4.161634,0,47,VE1
Sample_007_Region,106211-sample_1_lv_0046706_007,14,12.159947,4.0469284,0,88,F3
Sample_007_Region,106212-sample_1_lv_0046706_007,14,11.365847,3.609145,0,223,F3
Sample_007_Region,106213-sample_1_lv_0046706_007,6,13.248519,15.203825,0,58,F3
Sample_007_Region,106214-sample_1_lv_0046706_007,14,11.201707,4.3110914,0,80,Undifferentiated_KC
Sample_007_Region,106215-sample_1_lv_0046706_007,14,10.786178,2.2164602,0,41,F3
Sample_007_Region,106216-sample_1_lv_0046706_007,14,10.884297,2.9909139,0,92,F2
Sample_007_Region,106217-sample_1_lv_0046706_007,14,10.840302,2.9552634,0,87,F2
Sample_007_Region,106218-sample_1_lv_0046706_007,14,10.765178,2.9731252,0,37,F1
Sample_007_Region,106219-sample_1_lv_0046706_007,14,10.588484,1.2321701,0,14,Th
Sample_007_Region,106220-sample_1_lv_0046706_007,0,-6.380857,6.4542694,0,7,Undifferentiated_KC
Sample_007_Region,106221-sample_1_lv_0046706_007,14,11.096537,3.2731254,0,115,F2
Sample_007_Region,106222-sample_1_lv_0046706_007,14,10.799358,1.8147243,0,39,F2
Sample_007_Region,106223-sample_1_lv_0046706_007,14,10.721143,1.615032,0,32,F2
Sample_007_Region,106224-sample_1_lv_0046706_007,15,6.495264,0.8926251,0,27,Undifferentiated_KC
Sample_007_Region,106225-sample_1_lv_0046706_007,1,10.057823,9.29338,0,68,Macro_1
Sample_007_Region,106226-sample_1_lv_0046706_007,11,10.679994,9.964869,0,473,F2
Sample_007_Region,106227-sample_1_lv_0046706_007,23,6.6197486,19.430775,0,180,F3
Sample_007_Region,106228-sample_1_lv_0046706_007,0,-3.979259,6.1647134,0,82,F1
Sample_007_Region,106229-sample_1_lv_0046706_007,14,12.101537,2.4919658,0,46,F3
Sample_007_Region,106230-sample_1_lv_0046706_007,4,15.120197,7.9800124,0,295,Undifferentiated_KC
Sample_007_Region,106231-sample_1_lv_0046706_007,6,13.662045,15.298053,0,420,Undifferentiated_KC
Sample_007_Region,106232-sample_1_lv_0046706_007,19,19.936012,11.380076,0,312,F1
Sample_007_Region,106233-sample_1_lv_0046706_007,26,8.8770895,-5.274056,0,30,F1
Sample_007_Region,106234-sample_1_lv_0046706_007,0,-5.43583,6.649051,0,16,F2
Sample_007_Region,106235-sample_1_lv_0046706_007,18,17.628508,1.683455,0,94,F2
Sample_007_Region,106236-sample_1_lv_0046706_007,5,12.813199,3.4287364,0,556,VE3
Sample_007_Region,106237-sample_1_lv_0046706_007,1,8.622379,8.756597,0,543,F3
Sample_007_Region,106238-sample_1_lv_0046706_007,18,16.15278,3.6465483,0,55,VE1
Sample_007_Region,106239-sample_1_lv_0046706_007,18,15.866788,3.1144001,0,212,Mono_mac
Sample_007_Region,106240-sample_1_lv_0046706_007,5,9.466269,2.467444,0,64,F1
Sample_007_Region,106241-sample_1_lv_0046706_007,1,5.983649,11.050026,0,49,Undifferentiated_KC
Sample_007_Region,106242-sample_1_lv_0046706_007,14,10.771677,4.0150833,0,166,Undifferentiated_KC
Sample_007_Region,106243-sample_1_lv_0046706_007,4,15.693229,7.039974,0,89,Undifferentiated_KC
Sample_007_Region,106244-sample_1_lv_0046706_007,6,13.306762,15.30338,0,373,Undifferentiated_KC
Sample_007_Region,106245-sample_1_lv_0046706_007,0,-2.976093,8.138352,0,55,Undifferentiated_KC
Sample_007_Region,106246-sample_1_lv_0046706_007,7,5.1171126,8.342049,0,135,Undifferentiated_KC
Sample_007_Region,106247-sample_1_lv_0046706_007,2,11.72966,7.174426,0,114,ILC2
Sample_007_Region,106248-sample_1_lv_0046706_007,23,6.930951,18.689045,0,424,LE1
Sample_007_Region,106249-sample_1_lv_0046706_007,5,8.304407,3.286476,0,117,Macro_1
Sample_007_Region,106250-sample_1_lv_0046706_007,11,11.394646,8.796893,0,479,F1
Sample_007_Region,106251-sample_1_lv_0046706_007,0,-3.43436,8.739636,0,25,F3
Sample_007_Region,106252-sample_1_lv_0046706_007,1,8.435818,8.104507,0,147,F1
Sample_007_Region,106253-sample_1_lv_0046706_007,0,-3.419305,8.813903,0,90,MigDC
Sample_007_Region,106254-sample_1_lv_0046706_007,1,12.752677,9.902203,0,54,Mono_mac
Sample_007_Region,106255-sample_1_lv_0046706_007,16,5.771088,6.494693,0,115,F2
Sample_007_Region,106256-sample_1_lv_0046706_007,13,8.625549,11.45598,0,118,F2
Sample_007_Region,106257-sample_1_lv_0046706_007,5,12.389503,6.3355336,0,449,F2
Sample_007_Region,106258-sample_1_lv_0046706_007,4,14.319458,6.3631153,0,221,F1
Sample_007_Region,106259-sample_1_lv_0046706_007,1,12.260681,9.544238,0,120,Undifferentiated_KC
Sample_007_Region,106260-sample_1_lv_0046706_007,0,-5.9422946,6.7039676,0,128,Th
Sample_007_Region,106261-sample_1_lv_0046706_007,1,8.149952,7.4762044,0,212,F1
Sample_007_Region,106262-sample_1_lv_0046706_007,7,3.5751488,6.2332273,0,27,Undifferentiated_KC
Sample_007_Region,106263-sample_1_lv_0046706_007,0,-3.77411,7.6753235,0,162,F2
Sample_007_Region,106264-sample_1_lv_0046706_007,19,20.05091,13.812252,0,844,F2
Sample_007_Region,106265-sample_1_lv_0046706_007,13,11.170783,10.400381,0,367,F2
Sample_007_Region,106266-sample_1_lv_0046706_007,5,11.495693,4.1068583,0,156,Mono_mac
Sample_007_Region,106267-sample_1_lv_0046706_007,5,12.925961,3.4242423,0,438,VE3
Sample_007_Region,106268-sample_1_lv_0046706_007,0,-3.5390253,8.429515,0,46,Undifferentiated_KC
Sample_007_Region,106269-sample_1_lv_0046706_007,34,2.703977,17.60022,0,52,Undifferentiated_KC
Sample_007_Region,106270-sample_1_lv_0046706_007,29,3.0127995,3.38397,0,100,Undifferentiated_KC
Sample_007_Region,106271-sample_1_lv_0046706_007,6,12.983631,15.523613,0,111,Undifferentiated_KC
Sample_007_Region,106272-sample_1_lv_0046706_007,17,2.3805995,9.404621,0,29,Undifferentiated_KC
Sample_007_Region,106273-sample_1_lv_0046706_007,1,9.571239,9.421378,0,256,moDC
Sample_007_Region,106274-sample_1_lv_0046706_007,18,16.81208,1.6630142,0,159,F2
Sample_007_Region,106275-sample_1_lv_0046706_007,0,-4.5945005,6.1759286,0,43,F3
Sample_007_Region,106276-sample_1_lv_0046706_007,0,-5.932759,8.105735,0,38,Undifferentiated_KC
Sample_007_Region,106277-sample_1_lv_0046706_007,27,1.072133,1.9811069,0,26,Undifferentiated_KC
Sample_007_Region,106278-sample_1_lv_0046706_007,6,13.321549,15.517849,0,64,Differentiated_KC
Sample_007_Region,106279-sample_1_lv_0046706_007,14,10.85191,2.9981115,0,38,Undifferentiated_KC
Sample_007_Region,106280-sample_1_lv_0046706_007,2,11.486531,7.750342,0,696,Mono_mac
Sample_007_Region,106281-sample_1_lv_0046706_007,18,14.4418745,3.3142564,0,362,Mono_mac
Sample_007_Region,106282-sample_1_lv_0046706_007,9,9.248077,14.269407,0,279,Pericyte_1
Sample_007_Region,106283-sample_1_lv_0046706_007,11,10.403005,8.727792,0,482,F2
Sample_007_Region,106284-sample_1_lv_0046706_007,9,9.679781,14.11972,0,311,F2
Sample_007_Region,106285-sample_1_lv_0046706_007,0,-4.1444755,6.836975,0,107,F3
Sample_007_Region,106286-sample_1_lv_0046706_007,1,7.4113383,8.208314,0,294,F2
Sample_007_Region,106287-sample_1_lv_0046706_007,4,15.313599,6.704342,0,67,Undifferentiated_KC
Sample_007_Region,106288-sample_1_lv_0046706_007,1,7.5097547,8.248495,0,528,F3
Sample_007_Region,106289-sample_1_lv_0046706_007,9,9.44082,14.153385,0,382,F3
Sample_007_Region,106290-sample_1_lv_0046706_007,12,14.59581,5.497332,0,223,F3
Sample_007_Region,106291-sample_1_lv_0046706_007,12,14.664163,5.462182,0,439,F3
Sample_007_Region,106292-sample_1_lv_0046706_007,9,9.748709,13.438128,0,445,F2
Sample_007_Region,106293-sample_1_lv_0046706_007,9,10.165737,13.257245,0,208,Mono_mac
Sample_007_Region,106294-sample_1_lv_0046706_007,0,-6.740406,8.356373,0,64,F3
Sample_007_Region,106295-sample_1_lv_0046706_007,4,14.551588,8.222708,0,211,F3
Sample_007_Region,106296-sample_1_lv_0046706_007,15,7.2054486,2.1541042,0,135,F3
Sample_007_Region,106297-sample_1_lv_0046706_007,9,9.8740225,14.688352,0,129,Mono_mac
Sample_007_Region,106298-sample_1_lv_0046706_007,18,16.047422,1.7773107,0,444,Pericyte_2
Sample_007_Region,106299-sample_1_lv_0046706_007,11,10.400364,10.115963,0,195,F1
Sample_007_Region,106300-sample_1_lv_0046706_007,18,14.284197,3.4288785,0,938,Mono_mac
Sample_007_Region,106301-sample_1_lv_0046706_007,10,13.6318035,9.418933,0,648,VE3
Sample_007_Region,106302-sample_1_lv_0046706_007,18,16.42187,3.0183089,0,340,Pericyte_1
Sample_007_Region,106303-sample_1_lv_0046706_007,3,7.4283915,5.793735,0,56,F3
Sample_007_Region,106304-sample_1_lv_0046706_007,2,9.833023,6.5156407,0,159,F3
Sample_007_Region,106305-sample_1_lv_0046706_007,19,19.849524,11.447114,0,191,Tc
Sample_007_Region,106306-sample_1_lv_0046706_007,8,12.235914,1.659097,0,230,Pericyte_1
Sample_007_Region,106307-sample_1_lv_0046706_007,5,9.893799,1.7743335,0,378,Pericyte_1
Sample_007_Region,106308-sample_1_lv_0046706_007,0,-6.027393,7.4115396,0,106,Pericyte_2
Sample_007_Region,106309-sample_1_lv_0046706_007,5,12.972254,3.3898745,0,175,VE3
Sample_007_Region,106310-sample_1_lv_0046706_007,14,12.910228,3.7898479,0,833,F3
Sample_007_Region,106311-sample_1_lv_0046706_007,5,13.828461,4.456897,0,641,F3
Sample_007_Region,106312-sample_1_lv_0046706_007,0,-5.4302654,8.126713,0,181,F3
Sample_007_Region,106313-sample_1_lv_0046706_007,23,6.5142536,19.52382,0,463,F3
Sample_007_Region,106314-sample_1_lv_0046706_007,1,8.683072,7.6218133,0,505,Tc
Sample_007_Region,106315-sample_1_lv_0046706_007,2,10.170888,5.8421893,0,87,F1
Sample_007_Region,106316-sample_1_lv_0046706_007,0,-5.5198164,4.984159,0,105,Macro_1
Sample_007_Region,106317-sample_1_lv_0046706_007,10,13.051333,10.035299,0,243,F1
Sample_007_Region,106318-sample_1_lv_0046706_007,3,4.2828507,6.17071,0,356,Undifferentiated_KC
Sample_007_Region,106319-sample_1_lv_0046706_007,9,10.085095,13.788542,0,451,Mono_mac
Sample_007_Region,106320-sample_1_lv_0046706_007,0,-5.634104,7.5841074,0,57,Pericyte_1
Sample_007_Region,106321-sample_1_lv_0046706_007,2,12.163037,7.303339,0,314,Macro_1
Sample_007_Region,106322-sample_1_lv_0046706_007,5,8.68271,3.7986572,0,291,Mono_mac
Sample_007_Region,106323-sample_1_lv_0046706_007,5,12.6441145,6.060846,0,836,Mono_mac
Sample_007_Region,106324-sample_1_lv_0046706_007,4,14.930204,7.3219266,0,275,Undifferentiated_KC
Sample_007_Region,106325-sample_1_lv_0046706_007,7,15.824689,11.776253,0,429,Melanocyte
Sample_007_Region,106326-sample_1_lv_0046706_007,1,8.765737,8.752073,0,126,Undifferentiated_KC
Sample_007_Region,106327-sample_1_lv_0046706_007,29,13.138272,-2.1277397,0,198,Undifferentiated_KC
Sample_007_Region,106328-sample_1_lv_0046706_007,7,15.636412,12.481141,0,285,Undifferentiated_KC
Sample_007_Region,106329-sample_1_lv_0046706_007,7,16.346998,12.59372,0,142,Mono_mac
Sample_007_Region,106330-sample_1_lv_0046706_007,4,15.897367,9.998085,0,193,Differentiated_KC
Sample_007_Region,106331-sample_1_lv_0046706_007,4,15.641442,8.326146,0,281,Undifferentiated_KC
Sample_007_Region,106332-sample_1_lv_0046706_007,23,6.3429623,18.50957,0,594,F1
Sample_007_Region,106333-sample_1_lv_0046706_007,11,10.747995,10.594852,0,126,Undifferentiated_KC
Sample_007_Region,106334-sample_1_lv_0046706_007,7,16.628618,12.106763,0,362,Undifferentiated_KC
Sample_007_Region,106335-sample_1_lv_0046706_007,17,2.277773,14.018509,0,137,Undifferentiated_KC
Sample_007_Region,106336-sample_1_lv_0046706_007,1,8.592749,9.932365,0,352,Undifferentiated_KC
Sample_007_Region,106337-sample_1_lv_0046706_007,4,15.03542,10.006806,0,328,Undifferentiated_KC
Sample_007_Region,106338-sample_1_lv_0046706_007,29,3.9220166,3.686779,0,127,Undifferentiated_KC
Sample_007_Region,106339-sample_1_lv_0046706_007,7,15.71412,12.122601,0,288,Undifferentiated_KC
Sample_007_Region,106340-sample_1_lv_0046706_007,30,15.993419,0.6838104,0,448,VE2
Sample_007_Region,106341-sample_1_lv_0046706_007,3,5.3191776,5.439486,0,164,Mono_mac
Sample_007_Region,106342-sample_1_lv_0046706_007,4,14.08802,8.334214,0,214,F3
Sample_007_Region,106343-sample_1_lv_0046706_007,0,-5.265446,8.857126,0,209,F3
Sample_007_Region,106344-sample_1_lv_0046706_007,18,15.955295,2.9311492,0,212,Mono_mac
Sample_007_Region,106345-sample_1_lv_0046706_007,5,12.176787,5.4592886,0,768,F3
Sample_007_Region,106346-sample_1_lv_0046706_007,4,13.959513,9.05653,0,580,Pericyte_1
Sample_007_Region,106347-sample_1_lv_0046706_007,20,16.739946,14.781011,0,290,Mono_mac
Sample_007_Region,106348-sample_1_lv_0046706_007,4,14.519847,5.902632,0,709,Mono_mac
Sample_007_Region,106349-sample_1_lv_0046706_007,22,11.086293,19.2689,0,130,Mono_mac
Sample_007_Region,106350-sample_1_lv_0046706_007,7,16.496515,11.932944,0,414,Undifferentiated_KC
Sample_007_Region,106351-sample_1_lv_0046706_007,21,16.755243,17.91955,0,310,Differentiated_KC
Sample_007_Region,106352-sample_1_lv_0046706_007,7,16.723303,11.880806,0,194,Undifferentiated_KC
Sample_007_Region,106353-sample_1_lv_0046706_007,4,15.61836,9.961226,0,776,Undifferentiated_KC
Sample_007_Region,106354-sample_1_lv_0046706_007,7,15.773484,11.629205,0,343,Undifferentiated_KC
Sample_007_Region,106355-sample_1_lv_0046706_007,7,15.598861,12.054636,0,218,Undifferentiated_KC
Sample_007_Region,106356-sample_1_lv_0046706_007,1,7.1934013,10.144885,0,423,Undifferentiated_KC
Sample_007_Region,106357-sample_1_lv_0046706_007,4,15.596205,9.851283,0,296,F1
Sample_007_Region,106358-sample_1_lv_0046706_007,10,14.08623,10.737738,0,835,F1
Sample_007_Region,106359-sample_1_lv_0046706_007,6,12.766579,13.774742,0,391,Differentiated_KC
Sample_007_Region,106360-sample_1_lv_0046706_007,18,14.953626,3.4059381,0,485,Mono_mac
Sample_007_Region,106361-sample_1_lv_0046706_007,17,5.2284164,9.7174835,0,280,Pericyte_2
Sample_007_Region,106362-sample_1_lv_0046706_007,9,10.709778,14.359625,0,775,Pericyte_2
Sample_007_Region,106363-sample_1_lv_0046706_007,0,-6.0118213,8.443277,0,205,Pericyte_2
Sample_007_Region,106364-sample_1_lv_0046706_007,18,14.829036,3.2774198,0,341,Macro_1
Sample_007_Region,106365-sample_1_lv_0046706_007,0,-2.6523523,5.7647166,0,146,F2
Sample_007_Region,106366-sample_1_lv_0046706_007,23,6.203361,18.502222,0,333,Pericyte_1
Sample_007_Region,106367-sample_1_lv_0046706_007,3,9.477891,5.687282,0,604,Mono_mac
Sample_007_Region,106368-sample_1_lv_0046706_007,18,14.614654,3.314477,0,453,VE3
Sample_007_Region,106369-sample_1_lv_0046706_007,8,14.019882,2.6361544,0,658,Pericyte_2
Sample_007_Region,106370-sample_1_lv_0046706_007,26,10.008239,-4.8377614,0,487,F1
Sample_007_Region,106371-sample_1_lv_0046706_007,9,10.527607,14.268636,0,880,VE2
Sample_007_Region,106372-sample_1_lv_0046706_007,1,12.502683,9.68148,0,71,Mono_mac
Sample_007_Region,106373-sample_1_lv_0046706_007,4,14.360786,5.9613724,0,650,Pericyte_1
Sample_007_Region,106374-sample_1_lv_0046706_007,26,10.840964,-4.901804,0,219,Pericyte_1
Sample_007_Region,106375-sample_1_lv_0046706_007,4,14.652705,7.9628625,0,1031,Mono_mac
Sample_007_Region,106376-sample_1_lv_0046706_007,5,12.806398,3.6110356,0,502,Pericyte_2
Sample_007_Region,106377-sample_1_lv_0046706_007,0,-3.4840918,7.905664,0,207,Pericyte_1
Sample_007_Region,106378-sample_1_lv_0046706_007,5,9.137993,3.0360591,0,124,F2
Sample_007_Region,106379-sample_1_lv_0046706_007,0,-4.7185836,5.479774,0,307,F2
Sample_007_Region,106380-sample_1_lv_0046706_007,5,12.573566,5.1655354,0,368,F3
Sample_007_Region,106381-sample_1_lv_0046706_007,6,13.953702,14.601099,0,465,Undifferentiated_KC
Sample_007_Region,106382-sample_1_lv_0046706_007,15,7.954957,0.21546064,0,110,Undifferentiated_KC
Sample_007_Region,106383-sample_1_lv_0046706_007,29,2.945344,2.4862413,0,250,Undifferentiated_KC
Sample_007_Region,106384-sample_1_lv_0046706_007,6,12.962227,14.620714,0,474,Undifferentiated_KC
Sample_007_Region,106385-sample_1_lv_0046706_007,0,-6.078834,7.3677077,0,101,Undifferentiated_KC
Sample_007_Region,106386-sample_1_lv_0046706_007,29,2.4557848,3.1359334,0,175,Undifferentiated_KC
Sample_007_Region,106387-sample_1_lv_0046706_007,0,-6.139776,6.1811366,0,90,Undifferentiated_KC
Sample_007_Region,106388-sample_1_lv_0046706_007,31,10.854454,-1.4832304,0,157,F1
Sample_007_Region,106389-sample_1_lv_0046706_007,4,15.58941,9.615549,0,84,Undifferentiated_KC
Sample_007_Region,106390-sample_1_lv_0046706_007,6,13.302417,15.94716,0,94,Undifferentiated_KC
Sample_007_Region,106391-sample_1_lv_0046706_007,6,14.128087,14.704575,0,462,Undifferentiated_KC
Sample_007_Region,106392-sample_1_lv_0046706_007,31,9.705292,-2.676273,0,44,Pericyte_1
Sample_007_Region,106393-sample_1_lv_0046706_007,4,16.479616,6.896485,0,22,Undifferentiated_KC
Sample_007_Region,106394-sample_1_lv_0046706_007,17,3.8710966,14.218415,0,49,Undifferentiated_KC
Sample_007_Region,106395-sample_1_lv_0046706_007,1,11.438186,11.525812,0,82,Undifferentiated_KC
Sample_007_Region,106396-sample_1_lv_0046706_007,14,11.431228,3.5340374,0,88,F3
Sample_007_Region,106397-sample_1_lv_0046706_007,1,8.794198,7.4483457,0,380,F1
Sample_007_Region,106398-sample_1_lv_0046706_007,28,11.801771,-5.392891,0,150,Mono_mac
Sample_007_Region,106399-sample_1_lv_0046706_007,0,-2.4558501,7.209749,0,98,F2
Sample_007_Region,106400-sample_1_lv_0046706_007,2,12.399154,7.072151,0,146,moDC
Sample_007_Region,106401-sample_1_lv_0046706_007,2,10.853733,7.167831,0,371,Mono_mac
Sample_007_Region,106402-sample_1_lv_0046706_007,0,-3.9737556,6.935765,0,158,F2
Sample_007_Region,106403-sample_1_lv_0046706_007,14,10.17055,5.311724,0,174,F3
Sample_007_Region,106404-sample_1_lv_0046706_007,28,12.517673,-6.5642204,0,106,Mono_mac
Sample_007_Region,106405-sample_1_lv_0046706_007,27,1.1648427,1.7702003,0,35,Macro_1
Sample_007_Region,106406-sample_1_lv_0046706_007,14,10.753452,4.8693614,0,167,F3
Sample_007_Region,106407-sample_1_lv_0046706_007,23,6.4925895,19.119534,0,80,F3
Sample_007_Region,106408-sample_1_lv_0046706_007,23,6.648196,19.369192,0,39,Th
Sample_007_Region,106409-sample_1_lv_0046706_007,14,12.060066,4.9156237,0,102,F2
Sample_007_Region,106410-sample_1_lv_0046706_007,14,10.748139,2.700677,0,76,F2
Sample_007_Region,106411-sample_1_lv_0046706_007,6,12.360894,15.3016405,0,46,Undifferentiated_KC
Sample_007_Region,106412-sample_1_lv_0046706_007,14,10.936488,2.9426472,0,106,F2
Sample_007_Region,106413-sample_1_lv_0046706_007,14,11.197798,4.3519015,0,172,F3
Sample_007_Region,106414-sample_1_lv_0046706_007,14,10.90977,3.8817732,0,341,F2
Sample_007_Region,106415-sample_1_lv_0046706_007,27,1.0263721,2.1167204,0,21,Mono_mac
Sample_007_Region,106416-sample_1_lv_0046706_007,20,16.43358,14.447917,0,16,Th
Sample_007_Region,106417-sample_1_lv_0046706_007,14,10.822986,4.0950227,0,297,Pericyte_1
Sample_007_Region,106418-sample_1_lv_0046706_007,14,10.739221,4.0029635,0,182,F1
Sample_007_Region,106419-sample_1_lv_0046706_007,14,11.272511,3.423956,0,100,Mono_mac
Sample_007_Region,106420-sample_1_lv_0046706_007,14,10.592079,4.527165,0,183,F3
Sample_007_Region,106421-sample_1_lv_0046706_007,14,11.984251,2.574967,0,40,moDC
Sample_007_Region,106422-sample_1_lv_0046706_007,14,11.566332,3.6836925,0,239,Undifferentiated_KC
Sample_007_Region,106423-sample_1_lv_0046706_007,7,16.0104,11.939875,0,231,VE2
Sample_007_Region,106424-sample_1_lv_0046706_007,14,10.893808,2.9602869,0,72,Undifferentiated_KC
Sample_007_Region,106425-sample_1_lv_0046706_007,7,14.256603,13.080554,0,66,Undifferentiated_KC
Sample_007_Region,106426-sample_1_lv_0046706_007,7,15.56835,12.620092,0,83,LC
Sample_007_Region,106427-sample_1_lv_0046706_007,14,11.406862,3.8574593,0,175,F3
Sample_007_Region,106428-sample_1_lv_0046706_007,6,13.4633465,15.433747,0,178,Undifferentiated_KC
Sample_007_Region,106429-sample_1_lv_0046706_007,31,11.012136,-1.6423036,0,151,F3
Sample_007_Region,106430-sample_1_lv_0046706_007,1,11.378369,11.510572,0,176,Differentiated_KC
Sample_007_Region,106431-sample_1_lv_0046706_007,14,11.371731,4.0140553,0,167,Undifferentiated_KC
Sample_007_Region,106432-sample_1_lv_0046706_007,14,11.704273,2.8926635,0,160,F3
Sample_007_Region,106433-sample_1_lv_0046706_007,30,20.958021,5.7489305,0,26,Th
Sample_007_Region,106434-sample_1_lv_0046706_007,2,9.897158,6.044472,0,105,Macro_1
Sample_007_Region,106435-sample_1_lv_0046706_007,0,-3.524356,6.998952,0,39,Undifferentiated_KC
Sample_007_Region,106436-sample_1_lv_0046706_007,7,15.830782,12.554174,0,255,Undifferentiated_KC
Sample_007_Region,106437-sample_1_lv_0046706_007,1,11.468565,11.54245,0,103,Undifferentiated_KC
Sample_007_Region,106438-sample_1_lv_0046706_007,2,9.9404545,6.48953,0,102,F1
Sample_007_Region,106439-sample_1_lv_0046706_007,6,14.839853,13.7257595,0,355,Macro_1
Sample_007_Region,106440-sample_1_lv_0046706_007,21,17.091408,18.209944,0,296,Undifferentiated_KC
Sample_007_Region,106441-sample_1_lv_0046706_007,25,9.292802,21.944546,0,291,F1
Sample_007_Region,106442-sample_1_lv_0046706_007,1,8.153737,8.811606,0,696,F1
Sample_007_Region,106443-sample_1_lv_0046706_007,14,12.620306,5.716914,0,661,F1
Sample_007_Region,106444-sample_1_lv_0046706_007,11,11.304144,9.874123,0,106,F3
Sample_007_Region,106445-sample_1_lv_0046706_007,12,13.52147,7.5882936,0,970,Mono_mac
Sample_007_Region,106446-sample_1_lv_0046706_007,8,15.041301,-0.2812333,0,63,F1
Sample_007_Region,106447-sample_1_lv_0046706_007,1,9.403365,8.630725,0,742,F1
Sample_007_Region,106448-sample_1_lv_0046706_007,4,13.944347,7.4631476,0,431,ILC1_3
Sample_007_Region,106449-sample_1_lv_0046706_007,35,4.073046,2.3917305,0,92,DC2
Sample_007_Region,106450-sample_1_lv_0046706_007,1,10.6875,8.473901,0,246,Mono_mac
Sample_007_Region,106451-sample_1_lv_0046706_007,12,13.2250805,7.3504906,0,328,F3
Sample_007_Region,106452-sample_1_lv_0046706_007,8,15.141715,-0.37521666,0,74,F2
Sample_007_Region,106453-sample_1_lv_0046706_007,3,6.3731856,4.9817357,0,88,F3
Sample_007_Region,106454-sample_1_lv_0046706_007,13,8.874426,11.385002,0,57,F2
Sample_007_Region,106455-sample_1_lv_0046706_007,0,-5.6496253,6.713591,0,110,F1
Sample_007_Region,106456-sample_1_lv_0046706_007,13,10.604202,11.585542,0,186,Mono_mac
Sample_007_Region,106457-sample_1_lv_0046706_007,0,-2.6402674,7.060356,0,87,F3
Sample_007_Region,106458-sample_1_lv_0046706_007,0,-5.0851893,7.4132533,0,79,F3
Sample_007_Region,106459-sample_1_lv_0046706_007,27,1.0428312,0.13548577,0,150,F3
Sample_007_Region,106460-sample_1_lv_0046706_007,27,1.1682941,1.7923737,0,39,Mono_mac
Sample_007_Region,106461-sample_1_lv_0046706_007,0,-4.358837,7.86928,0,45,Pericyte_2
Sample_007_Region,106462-sample_1_lv_0046706_007,13,6.5324364,13.812142,0,130,F3
Sample_007_Region,106463-sample_1_lv_0046706_007,13,7.625807,12.169834,0,53,F3
Sample_007_Region,106464-sample_1_lv_0046706_007,13,6.6173387,13.712137,0,107,F3
Sample_007_Region,106465-sample_1_lv_0046706_007,8,12.756098,0.27130103,0,250,F3
Sample_007_Region,106466-sample_1_lv_0046706_007,13,7.7294493,12.334106,0,152,Pericyte_2
Sample_007_Region,106467-sample_1_lv_0046706_007,1,12.160411,10.58924,0,536,F1
Sample_007_Region,106468-sample_1_lv_0046706_007,4,13.644157,9.198869,0,408,F1
Sample_007_Region,106469-sample_1_lv_0046706_007,7,14.406888,11.94251,0,506,ILC1_3
Sample_007_Region,106470-sample_1_lv_0046706_007,2,11.964551,7.5713177,0,773,Mono_mac
Sample_007_Region,106471-sample_1_lv_0046706_007,0,-5.682331,6.0101137,0,177,F1
Sample_007_Region,106472-sample_1_lv_0046706_007,20,16.321161,15.043128,0,134,F2
Sample_007_Region,106473-sample_1_lv_0046706_007,0,-6.774226,6.9202447,0,100,F3
Sample_007_Region,106474-sample_1_lv_0046706_007,24,9.253037,-0.1941375,0,142,Macro_1
Sample_007_Region,106475-sample_1_lv_0046706_007,0,-2.5246727,8.31914,0,294,ILC1_3
Sample_007_Region,106476-sample_1_lv_0046706_007,8,12.992965,0.44373465,0,678,Pericyte_1
Sample_007_Region,106477-sample_1_lv_0046706_007,13,9.109996,10.844396,0,262,F1
Sample_007_Region,106478-sample_1_lv_0046706_007,0,-4.858197,8.146848,0,122,F2
Sample_007_Region,106479-sample_1_lv_0046706_007,11,10.866368,9.56085,0,914,Pericyte_2
Sample_007_Region,106480-sample_1_lv_0046706_007,4,14.277535,7.5750046,0,887,Mono_mac
Sample_007_Region,106481-sample_1_lv_0046706_007,3,4.8173385,3.5471506,0,81,F1
Sample_007_Region,106482-sample_1_lv_0046706_007,18,16.16319,3.4920518,0,178,Pericyte_2
Sample_007_Region,106483-sample_1_lv_0046706_007,29,2.4758594,3.1818986,0,137,F1
Sample_007_Region,106484-sample_1_lv_0046706_007,2,9.675673,6.686267,0,157,F1
Sample_007_Region,106485-sample_1_lv_0046706_007,1,9.285425,8.803579,0,66,F1
Sample_007_Region,106486-sample_1_lv_0046706_007,0,-4.670376,6.311439,0,210,Pericyte_1
Sample_007_Region,106487-sample_1_lv_0046706_007,0,-5.052758,5.4681334,0,74,Mono_mac
Sample_007_Region,106488-sample_1_lv_0046706_007,2,9.395891,7.026837,0,452,F2
Sample_007_Region,106489-sample_1_lv_0046706_007,13,9.561473,11.5531,0,150,F1
Sample_007_Region,106490-sample_1_lv_0046706_007,0,-3.29686,6.8390846,0,66,Macro_1
Sample_007_Region,106491-sample_1_lv_0046706_007,2,9.236704,6.9188128,0,527,F1
Sample_007_Region,106492-sample_1_lv_0046706_007,2,10.959502,7.555467,0,396,F1
Sample_007_Region,106493-sample_1_lv_0046706_007,12,13.096323,7.57181,0,699,Th
Sample_007_Region,106494-sample_1_lv_0046706_007,0,-3.4566264,7.191283,0,79,F3
Sample_007_Region,106495-sample_1_lv_0046706_007,1,12.368348,9.99984,0,206,F2
Sample_007_Region,106496-sample_1_lv_0046706_007,0,-3.2538688,7.575722,0,35,Th
Sample_007_Region,106497-sample_1_lv_0046706_007,10,13.060405,8.618131,0,520,DC2
Sample_007_Region,106498-sample_1_lv_0046706_007,24,5.8420634,-2.479261,0,388,F3
Sample_007_Region,106499-sample_1_lv_0046706_007,10,13.415509,8.930829,0,532,F1
Sample_007_Region,106500-sample_1_lv_0046706_007,1,11.211955,8.469691,0,120,Mono_mac
Sample_007_Region,106501-sample_1_lv_0046706_007,10,13.695615,8.584231,0,420,F1
Sample_007_Region,106502-sample_1_lv_0046706_007,12,14.628105,5.460868,0,195,F1
Sample_007_Region,106503-sample_1_lv_0046706_007,8,13.9538965,1.3253566,0,113,F1
Sample_007_Region,106504-sample_1_lv_0046706_007,9,9.969543,13.675908,0,533,F2
Sample_007_Region,106505-sample_1_lv_0046706_007,14,10.115959,5.2167377,0,1132,F1
Sample_007_Region,106506-sample_1_lv_0046706_007,4,15.014738,6.891045,0,313,F1
Sample_007_Region,106507-sample_1_lv_0046706_007,9,10.383336,13.987211,0,573,F2
Sample_007_Region,106508-sample_1_lv_0046706_007,2,11.683693,7.966251,0,228,Th
Sample_007_Region,106509-sample_1_lv_0046706_007,11,10.8745365,9.625964,0,439,F2
Sample_007_Region,106510-sample_1_lv_0046706_007,33,1.1370102,21.027525,0,287,Mono_mac
Sample_007_Region,106511-sample_1_lv_0046706_007,9,9.47055,14.4295025,0,156,DC2
Sample_007_Region,106512-sample_1_lv_0046706_007,12,16.032778,4.881955,0,66,ILC1_3
Sample_007_Region,106513-sample_1_lv_0046706_007,11,12.625386,9.2111635,0,1245,Th
Sample_007_Region,106514-sample_1_lv_0046706_007,9,9.535487,13.5911045,0,484,F1
Sample_007_Region,106515-sample_1_lv_0046706_007,3,6.198113,4.998865,0,47,DC2
Sample_007_Region,106516-sample_1_lv_0046706_007,24,9.112497,-0.30498913,0,173,F1
Sample_007_Region,106517-sample_1_lv_0046706_007,8,14.8673525,-0.14753048,0,69,F2
Sample_007_Region,106518-sample_1_lv_0046706_007,1,10.076794,9.060813,0,64,F3
Sample_007_Region,106519-sample_1_lv_0046706_007,3,7.600005,4.9224706,0,100,F1
Sample_007_Region,106520-sample_1_lv_0046706_007,1,7.906365,9.824906,0,120,Th
Sample_007_Region,106521-sample_1_lv_0046706_007,3,8.283196,4.7481256,0,136,F1
Sample_007_Region,106522-sample_1_lv_0046706_007,2,9.458468,7.642002,0,206,Tc
Sample_007_Region,106523-sample_1_lv_0046706_007,2,9.937662,6.9504642,0,514,F1
Sample_007_Region,106524-sample_1_lv_0046706_007,20,16.485382,14.575229,0,257,Mono_mac
Sample_007_Region,106525-sample_1_lv_0046706_007,11,11.6040745,10.315045,0,131,F3
Sample_007_Region,106526-sample_1_lv_0046706_007,4,14.511937,7.229142,0,116,Th
Sample_007_Region,106527-sample_1_lv_0046706_007,1,11.763858,8.119442,0,316,Mono_mac
Sample_007_Region,106528-sample_1_lv_0046706_007,5,9.084367,2.9874282,0,142,Mono_mac
Sample_007_Region,106529-sample_1_lv_0046706_007,3,9.966446,5.164747,0,1000,Mono_mac
Sample_007_Region,106530-sample_1_lv_0046706_007,5,13.668078,4.3199835,0,499,Mono_mac
Sample_007_Region,106531-sample_1_lv_0046706_007,5,6.1815653,12.051026,0,60,VE1
Sample_007_Region,106532-sample_1_lv_0046706_007,5,9.194109,2.9429529,0,112,Mono_mac
Sample_007_Region,106533-sample_1_lv_0046706_007,1,7.0951233,10.057519,0,305,Undifferentiated_KC
Sample_007_Region,106534-sample_1_lv_0046706_007,7,15.805971,11.608101,0,376,Undifferentiated_KC
Sample_007_Region,106535-sample_1_lv_0046706_007,1,7.2716775,10.194854,0,294,Undifferentiated_KC
Sample_007_Region,106536-sample_1_lv_0046706_007,4,15.800957,9.958504,0,356,Undifferentiated_KC
Sample_007_Region,106537-sample_1_lv_0046706_007,3,4.308896,6.079628,0,130,Undifferentiated_KC
Sample_007_Region,106538-sample_1_lv_0046706_007,9,8.986159,13.994673,0,195,Pericyte_1
Sample_007_Region,106539-sample_1_lv_0046706_007,0,-5.021567,6.788583,0,253,Mono_mac
Sample_007_Region,106540-sample_1_lv_0046706_007,28,11.7308,-5.339088,0,282,F2
Sample_007_Region,106541-sample_1_lv_0046706_007,3,10.044955,5.2203107,0,307,Mono_mac
Sample_007_Region,106542-sample_1_lv_0046706_007,9,9.552729,14.599047,0,257,F2
Sample_007_Region,106543-sample_1_lv_0046706_007,18,15.791692,3.8581977,0,212,Mono_mac
Sample_007_Region,106544-sample_1_lv_0046706_007,5,8.313862,2.7153778,0,478,Mono_mac
Sample_007_Region,106545-sample_1_lv_0046706_007,9,10.601354,14.186224,0,830,Pericyte_1
Sample_007_Region,106546-sample_1_lv_0046706_007,4,13.99412,5.566025,0,1421,Mono_mac
Sample_007_Region,106547-sample_1_lv_0046706_007,5,13.840984,4.5042167,0,807,F3
Sample_007_Region,106548-sample_1_lv_0046706_007,5,13.378946,4.465224,0,666,Mono_mac
Sample_007_Region,106549-sample_1_lv_0046706_007,5,13.361943,4.4797573,0,705,Mono_mac
Sample_007_Region,106550-sample_1_lv_0046706_007,5,12.712571,4.297922,0,656,Pericyte_1
Sample_007_Region,106551-sample_1_lv_0046706_007,0,-3.9728231,9.02005,0,64,F2
Sample_007_Region,106552-sample_1_lv_0046706_007,15,4.830317,11.131126,0,41,F3
Sample_007_Region,106553-sample_1_lv_0046706_007,0,-4.5321393,5.887966,0,57,F2
Sample_007_Region,106554-sample_1_lv_0046706_007,0,-4.853171,8.059042,0,8,Undifferentiated_KC
Sample_007_Region,106555-sample_1_lv_0046706_007,0,-5.202016,9.837618,0,27,Macro_1
Sample_007_Region,106556-sample_1_lv_0046706_007,11,11.191312,9.404609,0,95,F2
Sample_007_Region,106557-sample_1_lv_0046706_007,1,10.378266,8.613702,0,813,Mono_mac
Sample_007_Region,106558-sample_1_lv_0046706_007,3,4.965696,3.9589186,0,102,F1
Sample_007_Region,106559-sample_1_lv_0046706_007,27,1.3095878,4.6305804,0,278,F1
Sample_007_Region,106560-sample_1_lv_0046706_007,4,15.125755,6.880853,0,395,F3
Sample_007_Region,106561-sample_1_lv_0046706_007,25,22.511494,9.74949,0,782,VE3
Sample_007_Region,106562-sample_1_lv_0046706_007,22,10.001936,18.907244,0,454,Pericyte_2
Sample_007_Region,106563-sample_1_lv_0046706_007,5,10.008389,3.6024814,0,281,Mono_mac
Sample_007_Region,106564-sample_1_lv_0046706_007,0,-3.9873164,5.6208925,0,563,Pericyte_1
Sample_007_Region,106565-sample_1_lv_0046706_007,0,-5.389711,8.000961,0,106,Pericyte_1
Sample_007_Region,106566-sample_1_lv_0046706_007,4,13.638247,9.134852,0,390,Macro_1
Sample_007_Region,106567-sample_1_lv_0046706_007,0,-5.729396,5.40718,0,521,F1
Sample_007_Region,106568-sample_1_lv_0046706_007,2,12.192592,7.367824,0,141,Mono_mac
Sample_007_Region,106569-sample_1_lv_0046706_007,8,12.679248,0.83948237,0,136,F2
Sample_007_Region,106570-sample_1_lv_0046706_007,14,10.914206,4.3980293,0,392,F2
Sample_007_Region,106571-sample_1_lv_0046706_007,28,11.128847,-7.0249887,0,49,F1
Sample_007_Region,106572-sample_1_lv_0046706_007,1,8.850771,9.478111,0,261,F1
Sample_007_Region,106573-sample_1_lv_0046706_007,30,16.908974,-0.10401003,0,182,F2
Sample_007_Region,106574-sample_1_lv_0046706_007,1,9.521595,8.796793,0,530,Th
Sample_007_Region,106575-sample_1_lv_0046706_007,1,10.403104,8.16084,0,333,DC2
Sample_007_Region,106576-sample_1_lv_0046706_007,32,1.3813875,11.644245,0,188,F2
Sample_007_Region,106577-sample_1_lv_0046706_007,27,-0.35358125,0.99295723,0,223,F2
Sample_007_Region,106578-sample_1_lv_0046706_007,1,6.9989066,8.039931,0,23,Macro_1
Sample_007_Region,106579-sample_1_lv_0046706_007,4,14.74934,8.061125,0,193,F1
Sample_007_Region,106580-sample_1_lv_0046706_007,4,15.228113,6.9442306,0,423,F2
Sample_007_Region,106581-sample_1_lv_0046706_007,15,5.64144,2.8566682,0,95,F1
Sample_007_Region,106582-sample_1_lv_0046706_007,0,-3.287406,6.4261975,0,84,F1
Sample_007_Region,106583-sample_1_lv_0046706_007,4,14.030444,7.4663496,0,399,Macro_1
Sample_007_Region,106584-sample_1_lv_0046706_007,1,8.884453,6.3339257,0,636,F1
Sample_007_Region,106585-sample_1_lv_0046706_007,2,9.842119,6.8700423,0,269,F2
Sample_007_Region,106586-sample_1_lv_0046706_007,4,14.852507,7.079503,0,279,F1
Sample_007_Region,106587-sample_1_lv_0046706_007,12,13.546578,6.6012793,0,322,F1
Sample_007_Region,106588-sample_1_lv_0046706_007,30,16.201452,0.4801184,0,227,F2
Sample_007_Region,106589-sample_1_lv_0046706_007,22,10.031534,18.796618,0,465,Pericyte_1
Sample_007_Region,106590-sample_1_lv_0046706_007,0,-5.286439,6.573069,0,81,F1
Sample_007_Region,106591-sample_1_lv_0046706_007,0,-4.4723783,9.428407,0,220,F3
Sample_007_Region,106592-sample_1_lv_0046706_007,9,10.800757,14.105886,0,277,F2
Sample_007_Region,106593-sample_1_lv_0046706_007,12,12.790095,7.747296,0,247,F1
Sample_007_Region,106594-sample_1_lv_0046706_007,28,9.867594,-6.126371,0,92,F2
Sample_007_Region,106595-sample_1_lv_0046706_007,0,-2.672084,6.973584,0,650,F2
Sample_007_Region,106596-sample_1_lv_0046706_007,15,4.8308578,2.0748467,0,167,Macro_1
Sample_007_Region,106597-sample_1_lv_0046706_007,9,9.359844,13.489033,0,113,F3
Sample_007_Region,106598-sample_1_lv_0046706_007,16,5.3144264,6.6356626,0,245,F2
Sample_007_Region,106599-sample_1_lv_0046706_007,14,10.936063,4.0024233,0,78,F1
Sample_007_Region,106600-sample_1_lv_0046706_007,12,13.706764,6.4085007,0,245,F1
Sample_007_Region,106601-sample_1_lv_0046706_007,18,14.635568,3.089782,0,773,Mono_mac
Sample_007_Region,106602-sample_1_lv_0046706_007,0,-2.4376297,7.228631,0,336,Pericyte_1
Sample_007_Region,106603-sample_1_lv_0046706_007,10,13.749654,9.74773,0,295,F3
Sample_007_Region,106604-sample_1_lv_0046706_007,18,16.408285,1.577464,0,275,F3
Sample_007_Region,106605-sample_1_lv_0046706_007,22,10.741806,19.205296,0,248,VE3
Sample_007_Region,106606-sample_1_lv_0046706_007,8,13.150505,1.7509896,0,485,F1
Sample_007_Region,106607-sample_1_lv_0046706_007,0,-3.6203964,7.263217,0,104,F3
Sample_007_Region,106608-sample_1_lv_0046706_007,3,4.3027325,6.080546,0,283,Mono_mac
Sample_007_Region,106609-sample_1_lv_0046706_007,26,7.414222,-4.434954,0,254,Mono_mac
Sample_007_Region,106610-sample_1_lv_0046706_007,0,-4.6764216,8.515526,0,252,ILC1_3
Sample_007_Region,106611-sample_1_lv_0046706_007,11,11.501085,9.633665,0,287,F2
Sample_007_Region,106612-sample_1_lv_0046706_007,2,11.647478,6.997633,0,367,F2
Sample_007_Region,106613-sample_1_lv_0046706_007,25,9.63851,22.213137,0,335,Mono_mac
Sample_007_Region,106614-sample_1_lv_0046706_007,0,-6.037068,5.944565,0,38,F1
Sample_007_Region,106615-sample_1_lv_0046706_007,0,-4.3676453,6.2096057,0,288,VE2
Sample_007_Region,106616-sample_1_lv_0046706_007,22,10.012654,19.058044,0,535,Mono_mac
Sample_007_Region,106617-sample_1_lv_0046706_007,12,13.47884,6.5246305,0,267,Pericyte_1
Sample_007_Region,106618-sample_1_lv_0046706_007,3,5.6748114,5.6070023,0,231,F1
Sample_007_Region,106619-sample_1_lv_0046706_007,0,-3.9876065,8.066899,0,37,Differentiated_KC
Sample_007_Region,106620-sample_1_lv_0046706_007,0,-5.393904,8.494532,0,55,F1
Sample_007_Region,106621-sample_1_lv_0046706_007,0,-2.976176,6.1494727,0,270,F1
Sample_007_Region,106622-sample_1_lv_0046706_007,7,6.1916738,9.1175585,0,357,Undifferentiated_KC
Sample_007_Region,106623-sample_1_lv_0046706_007,0,-5.006157,6.24185,0,131,Undifferentiated_KC
Sample_007_Region,106624-sample_1_lv_0046706_007,7,15.933185,12.126618,0,652,Undifferentiated_KC
Sample_007_Region,106625-sample_1_lv_0046706_007,7,5.2091527,8.319516,0,185,Undifferentiated_KC
Sample_007_Region,106626-sample_1_lv_0046706_007,4,15.1958065,9.862237,0,424,Undifferentiated_KC
Sample_007_Region,106627-sample_1_lv_0046706_007,0,-3.5712388,6.325364,0,78,Undifferentiated_KC
Sample_007_Region,106628-sample_1_lv_0046706_007,0,-3.776491,6.940094,0,178,Undifferentiated_KC
Sample_007_Region,106629-sample_1_lv_0046706_007,31,9.534832,-2.7251115,0,39,Mono_mac
Sample_007_Region,106630-sample_1_lv_0046706_007,11,11.9336195,9.487843,0,643,Mono_mac
Sample_007_Region,106631-sample_1_lv_0046706_007,18,16.82074,1.5258273,0,143,F3
Sample_007_Region,106632-sample_1_lv_0046706_007,9,9.247095,13.731961,0,202,Mono_mac
Sample_007_Region,106633-sample_1_lv_0046706_007,19,20.184006,13.890313,0,140,F1
Sample_007_Region,106634-sample_1_lv_0046706_007,33,0.90323645,20.973948,0,197,F1
Sample_007_Region,106635-sample_1_lv_0046706_007,25,9.1487055,21.918486,0,99,F1
Sample_007_Region,106636-sample_1_lv_0046706_007,4,15.384305,7.679406,0,521,F1
Sample_007_Region,106637-sample_1_lv_0046706_007,7,15.191637,12.512661,0,386,Mono_mac
Sample_007_Region,106638-sample_1_lv_0046706_007,1,11.578077,11.444962,0,143,Undifferentiated_KC
Sample_007_Region,106639-sample_1_lv_0046706_007,6,13.841644,14.69474,0,174,MigDC
Sample_007_Region,106640-sample_1_lv_0046706_007,29,2.9258788,3.3893871,0,117,Undifferentiated_KC
Sample_007_Region,106641-sample_1_lv_0046706_007,12,13.278742,7.445062,0,348,Undifferentiated_KC
Sample_007_Region,106642-sample_1_lv_0046706_007,12,13.317692,6.2533255,0,224,Undifferentiated_KC
Sample_007_Region,106643-sample_1_lv_0046706_007,31,10.981967,-2.3386593,0,128,Undifferentiated_KC
Sample_007_Region,106644-sample_1_lv_0046706_007,1,9.043693,9.99608,0,290,Undifferentiated_KC
Sample_007_Region,106645-sample_1_lv_0046706_007,20,16.486982,14.919861,0,481,Undifferentiated_KC
Sample_007_Region,106646-sample_1_lv_0046706_007,0,-3.7531903,6.705577,0,79,Undifferentiated_KC
Sample_007_Region,106647-sample_1_lv_0046706_007,33,0.8203069,21.024477,0,204,Undifferentiated_KC
Sample_007_Region,106648-sample_1_lv_0046706_007,6,13.187613,15.202198,0,267,Undifferentiated_KC
Sample_007_Region,106649-sample_1_lv_0046706_007,4,8.386666,9.666913,0,271,Undifferentiated_KC
Sample_007_Region,106650-sample_1_lv_0046706_007,0,-4.636437,7.9272623,0,268,Undifferentiated_KC
Sample_007_Region,106651-sample_1_lv_0046706_007,6,13.333793,15.053432,0,312,Undifferentiated_KC
Sample_007_Region,106652-sample_1_lv_0046706_007,7,14.565723,12.238918,0,511,Undifferentiated_KC
Sample_007_Region,106653-sample_1_lv_0046706_007,20,16.694105,14.759862,0,348,Undifferentiated_KC
Sample_007_Region,106654-sample_1_lv_0046706_007,29,3.028982,2.3381665,0,289,Undifferentiated_KC
Sample_007_Region,106655-sample_1_lv_0046706_007,0,-4.4069943,7.7279077,0,280,Undifferentiated_KC
Sample_007_Region,106656-sample_1_lv_0046706_007,3,8.678278,7.995475,0,259,Undifferentiated_KC
Sample_007_Region,106657-sample_1_lv_0046706_007,6,12.300772,13.298821,0,147,Undifferentiated_KC
Sample_007_Region,106658-sample_1_lv_0046706_007,7,15.608225,12.35543,0,244,Undifferentiated_KC
Sample_007_Region,106659-sample_1_lv_0046706_007,1,4.4934583,0.21187447,0,169,Undifferentiated_KC
Sample_007_Region,106660-sample_1_lv_0046706_007,29,2.9849892,2.3294048,0,384,Undifferentiated_KC
Sample_007_Region,106661-sample_1_lv_0046706_007,21,22.215923,13.788688,0,286,LC
Sample_007_Region,106662-sample_1_lv_0046706_007,31,10.248262,-1.1946695,0,418,Undifferentiated_KC
Sample_007_Region,106663-sample_1_lv_0046706_007,8,14.060171,1.3570157,0,163,F2
Sample_007_Region,106664-sample_1_lv_0046706_007,4,15.227239,8.874186,0,216,Tc
Sample_007_Region,106665-sample_1_lv_0046706_007,20,16.505726,14.051272,0,110,Mono_mac
Sample_007_Region,106666-sample_1_lv_0046706_007,1,10.074379,8.10226,0,59,F1
Sample_007_Region,106667-sample_1_lv_0046706_007,22,10.243867,19.481724,0,550,VE3
Sample_007_Region,106668-sample_1_lv_0046706_007,0,-5.0900135,6.764021,0,37,F2
Sample_007_Region,106669-sample_1_lv_0046706_007,2,10.224898,6.3724947,0,413,F2
Sample_007_Region,106670-sample_1_lv_0046706_007,1,12.574322,10.695887,0,165,F2
Sample_007_Region,106671-sample_1_lv_0046706_007,18,16.181665,1.8464452,0,283,F3
Sample_007_Region,106672-sample_1_lv_0046706_007,0,-2.8507686,7.3143573,0,65,Pericyte_1
Sample_007_Region,106673-sample_1_lv_0046706_007,11,9.652473,10.280625,0,31,Mono_mac
Sample_007_Region,106674-sample_1_lv_0046706_007,0,-5.008913,9.394363,0,101,F1
Sample_007_Region,106675-sample_1_lv_0046706_007,5,8.278521,2.3586843,0,79,Undifferentiated_KC
Sample_007_Region,106676-sample_1_lv_0046706_007,14,11.541967,4.1699944,0,64,F1
Sample_007_Region,106677-sample_1_lv_0046706_007,2,9.68356,6.592202,0,141,Macro_1
Sample_007_Region,106678-sample_1_lv_0046706_007,16,7.072058,6.6769457,0,269,F2
Sample_007_Region,106679-sample_1_lv_0046706_007,2,10.349091,6.8890243,0,73,F1
Sample_007_Region,106680-sample_1_lv_0046706_007,0,-3.7442286,5.6109476,0,50,F1
Sample_007_Region,106681-sample_1_lv_0046706_007,0,-4.275019,5.965791,0,574,F2
Sample_007_Region,106682-sample_1_lv_0046706_007,2,10.067394,7.1896477,0,576,F3
Sample_007_Region,106683-sample_1_lv_0046706_007,13,10.361202,11.569067,0,983,F2
Sample_007_Region,106684-sample_1_lv_0046706_007,18,16.896996,1.7051404,0,332,F2
Sample_007_Region,106685-sample_1_lv_0046706_007,12,13.232647,6.6506376,0,426,F3
Sample_007_Region,106686-sample_1_lv_0046706_007,1,7.395388,10.899721,0,49,Macro_1
Sample_007_Region,106687-sample_1_lv_0046706_007,15,7.005473,2.4660578,0,239,F3
Sample_007_Region,106688-sample_1_lv_0046706_007,14,10.5123825,4.4738903,0,232,Undifferentiated_KC
Sample_007_Region,106689-sample_1_lv_0046706_007,1,12.079776,12.121912,0,365,Undifferentiated_KC
Sample_007_Region,106690-sample_1_lv_0046706_007,1,9.108309,9.962994,0,291,Undifferentiated_KC
Sample_007_Region,106691-sample_1_lv_0046706_007,12,12.540098,6.6578794,0,344,F1
Sample_007_Region,106692-sample_1_lv_0046706_007,4,14.276497,8.237826,0,896,F2
Sample_007_Region,106693-sample_1_lv_0046706_007,19,20.054699,14.15799,0,661,F2
Sample_007_Region,106694-sample_1_lv_0046706_007,0,-6.115726,5.7791595,0,137,Mono_mac
Sample_007_Region,106695-sample_1_lv_0046706_007,11,11.073292,9.2281685,0,398,F1
Sample_007_Region,106696-sample_1_lv_0046706_007,11,10.896231,9.711205,0,255,Th
Sample_007_Region,106697-sample_1_lv_0046706_007,9,9.557744,14.496009,0,552,F2
Sample_007_Region,106698-sample_1_lv_0046706_007,8,12.020087,1.8084962,0,317,F1
Sample_007_Region,106699-sample_1_lv_0046706_007,11,11.034413,9.996068,0,301,F3
Sample_007_Region,106700-sample_1_lv_0046706_007,3,8.275482,4.4562,0,212,Mono_mac
Sample_007_Region,106701-sample_1_lv_0046706_007,0,-3.2177508,7.2163205,0,33,Macro_1
Sample_007_Region,106702-sample_1_lv_0046706_007,4,14.490355,6.4003625,0,595,F2
Sample_007_Region,106703-sample_1_lv_0046706_007,2,10.275048,7.2710533,0,433,F2
Sample_007_Region,106704-sample_1_lv_0046706_007,0,-4.7601495,6.402987,0,109,Pericyte_1
Sample_007_Region,106705-sample_1_lv_0046706_007,18,16.05977,2.8695638,0,668,Pericyte_2
Sample_007_Region,106706-sample_1_lv_0046706_007,18,14.541279,3.4754617,0,671,F3
Sample_007_Region,106707-sample_1_lv_0046706_007,0,-4.0981345,8.509895,0,20,F2
Sample_007_Region,106708-sample_1_lv_0046706_007,9,10.622683,14.343048,0,205,Pericyte_1
Sample_007_Region,106709-sample_1_lv_0046706_007,0,-3.8985178,7.0648,0,99,Pericyte_1
Sample_007_Region,106710-sample_1_lv_0046706_007,27,1.2039511,4.4216967,0,515,F3
Sample_007_Region,106711-sample_1_lv_0046706_007,6,12.180737,13.116863,0,107,Mono_mac
Sample_007_Region,106712-sample_1_lv_0046706_007,7,14.40154,11.928021,0,206,Macro_1
Sample_007_Region,106713-sample_1_lv_0046706_007,18,16.61111,1.4578565,0,268,F3
Sample_007_Region,106714-sample_1_lv_0046706_007,23,7.0452795,18.782372,0,532,F3
Sample_007_Region,106715-sample_1_lv_0046706_007,1,9.123139,8.783259,0,162,F1
Sample_007_Region,106716-sample_1_lv_0046706_007,10,13.550556,9.615954,0,361,moDC
Sample_007_Region,106717-sample_1_lv_0046706_007,23,6.919769,18.636953,0,206,F3
Sample_007_Region,106718-sample_1_lv_0046706_007,26,7.968132,-3.3557415,0,184,Macro_1
Sample_007_Region,106719-sample_1_lv_0046706_007,9,9.989559,14.863567,0,481,Mono_mac
Sample_007_Region,106720-sample_1_lv_0046706_007,32,1.4312322,11.616952,0,178,F1
Sample_007_Region,106721-sample_1_lv_0046706_007,1,11.952479,11.056277,0,187,ILC1_3
Sample_007_Region,106722-sample_1_lv_0046706_007,1,8.740985,9.41107,0,159,F1
Sample_007_Region,106723-sample_1_lv_0046706_007,8,11.700371,1.839894,0,264,F1
Sample_007_Region,106724-sample_1_lv_0046706_007,2,12.024318,6.4024134,0,256,Mono_mac
Sample_007_Region,106725-sample_1_lv_0046706_007,0,-5.573717,6.434175,0,12,Macro_1
Sample_007_Region,106726-sample_1_lv_0046706_007,9,8.940138,15.378139,0,62,F2
Sample_007_Region,106727-sample_1_lv_0046706_007,24,13.397609,-4.021944,0,26,Th
Sample_007_Region,106728-sample_1_lv_0046706_007,0,-4.7840962,7.9079514,0,194,Mono_mac
Sample_007_Region,106729-sample_1_lv_0046706_007,0,-3.5066516,7.2248173,0,10,F3
Sample_007_Region,106730-sample_1_lv_0046706_007,13,10.450746,11.580059,0,156,Pericyte_1
Sample_007_Region,106731-sample_1_lv_0046706_007,0,-5.2319865,6.93681,0,6,F1
Sample_007_Region,106732-sample_1_lv_0046706_007,14,10.733402,4.2814026,0,496,F1
Sample_007_Region,106733-sample_1_lv_0046706_007,6,12.16594,13.189792,0,43,F1
Sample_007_Region,106734-sample_1_lv_0046706_007,11,9.654072,10.2611685,0,83,F1
Sample_007_Region,106735-sample_1_lv_0046706_007,13,7.6880603,13.05236,0,243,F2
Sample_007_Region,106736-sample_1_lv_0046706_007,0,-4.759577,6.197286,0,117,Pericyte_1
Sample_007_Region,106737-sample_1_lv_0046706_007,0,-2.1432648,7.336055,0,51,Pericyte_2
Sample_007_Region,106738-sample_1_lv_0046706_007,0,-2.3694687,7.2971087,0,194,F1
Sample_007_Region,106739-sample_1_lv_0046706_007,19,20.05728,11.793527,0,17,F1
Sample_007_Region,106740-sample_1_lv_0046706_007,0,-3.78601,7.513175,0,37,Macro_1
Sample_007_Region,106741-sample_1_lv_0046706_007,0,-5.1658955,6.4681544,0,0,Differentiated_KC
Sample_007_Region,106742-sample_1_lv_0046706_007,0,-4.824979,4.9810457,0,323,Pericyte_1
Sample_007_Region,106743-sample_1_lv_0046706_007,12,17.02521,5.1585064,0,47,F1
Sample_007_Region,106744-sample_1_lv_0046706_007,4,16.015917,9.628991,0,155,F1
Sample_007_Region,106745-sample_1_lv_0046706_007,0,-5.5108767,8.70162,0,32,Th
Sample_007_Region,106746-sample_1_lv_0046706_007,0,-6.0206714,8.719307,0,293,Undifferentiated_KC
Sample_007_Region,106747-sample_1_lv_0046706_007,0,-3.9930487,8.456061,0,176,F2
Sample_007_Region,106748-sample_1_lv_0046706_007,8,14.930497,-0.94079274,0,148,F2
Sample_007_Region,106749-sample_1_lv_0046706_007,0,-6.3430405,8.084925,0,128,F1
Sample_007_Region,106750-sample_1_lv_0046706_007,0,-5.83643,6.1823764,0,71,Pericyte_1
Sample_007_Region,106751-sample_1_lv_0046706_007,3,10.250397,5.3774633,0,98,VE2
Sample_007_Region,106752-sample_1_lv_0046706_007,0,-3.9486191,5.4276514,0,111,F1
Sample_007_Region,106753-sample_1_lv_0046706_007,0,-5.2581844,9.669204,0,53,F1
Sample_007_Region,106754-sample_1_lv_0046706_007,0,-6.3129487,6.7023354,0,18,F2
Sample_007_Region,106755-sample_1_lv_0046706_007,2,11.519832,6.764091,0,125,F1
Sample_007_Region,106756-sample_1_lv_0046706_007,27,0.9022628,2.1874444,0,32,F1
Sample_007_Region,106757-sample_1_lv_0046706_007,0,-3.4684527,8.256041,0,989,Pericyte_1
Sample_007_Region,106758-sample_1_lv_0046706_007,11,11.314244,9.03718,0,151,F1
Sample_007_Region,106759-sample_1_lv_0046706_007,5,8.00335,2.2602663,0,274,F1
Sample_007_Region,106760-sample_1_lv_0046706_007,0,-5.581331,9.502803,0,37,Mono_mac
Sample_007_Region,106761-sample_1_lv_0046706_007,1,7.7367687,10.290104,0,147,Pericyte_1
Sample_007_Region,106762-sample_1_lv_0046706_007,0,-4.559425,7.328666,0,395,Mono_mac
Sample_007_Region,106763-sample_1_lv_0046706_007,9,9.5949335,14.531385,0,139,F1
Sample_007_Region,106764-sample_1_lv_0046706_007,0,-4.3033724,5.3512125,0,226,Mono_mac
Sample_007_Region,106765-sample_1_lv_0046706_007,0,-5.7094536,7.579555,0,260,Undifferentiated_KC
Sample_007_Region,106766-sample_1_lv_0046706_007,28,9.285871,-6.849342,0,37,Mono_mac
Sample_007_Region,106767-sample_1_lv_0046706_007,0,-5.9975038,7.0173244,0,166,F3
Sample_007_Region,106768-sample_1_lv_0046706_007,8,12.439974,1.3418828,0,630,Mono_mac
Sample_007_Region,106769-sample_1_lv_0046706_007,8,12.5339775,0.87912905,0,188,F3
Sample_007_Region,106770-sample_1_lv_0046706_007,0,-4.4339924,6.2467318,0,188,Macro_1
Sample_007_Region,106771-sample_1_lv_0046706_007,8,12.037632,0.15049629,0,312,F2
Sample_007_Region,106772-sample_1_lv_0046706_007,12,17.092258,5.171613,0,53,Macro_1
Sample_007_Region,106773-sample_1_lv_0046706_007,25,9.374866,22.051294,0,61,F2
Sample_007_Region,106774-sample_1_lv_0046706_007,13,9.002574,10.609209,0,253,F1
Sample_007_Region,106775-sample_1_lv_0046706_007,8,14.15509,-0.6699065,0,253,Undifferentiated_KC
Sample_007_Region,106776-sample_1_lv_0046706_007,0,-3.71165,6.06762,0,1,F2
Sample_007_Region,106777-sample_1_lv_0046706_007,13,7.0718927,13.53133,0,136,Th
Sample_007_Region,106778-sample_1_lv_0046706_007,13,7.933625,12.182789,0,91,F1
Sample_007_Region,106779-sample_1_lv_0046706_007,6,11.904494,13.664073,0,403,F2
Sample_007_Region,106780-sample_1_lv_0046706_007,4,14.160595,7.5936522,0,67,F1
Sample_007_Region,106781-sample_1_lv_0046706_007,16,6.622454,7.574373,0,33,ILC1_3
Sample_007_Region,106782-sample_1_lv_0046706_007,12,14.514555,4.94049,0,9,Th
Sample_007_Region,106783-sample_1_lv_0046706_007,0,-6.162335,7.884086,0,8,Macro_2
Sample_007_Region,106784-sample_1_lv_0046706_007,9,9.482018,14.392413,0,377,F2
Sample_007_Region,106785-sample_1_lv_0046706_007,4,15.045587,6.7973027,0,128,F3
Sample_007_Region,106786-sample_1_lv_0046706_007,12,13.21469,7.5383453,0,273,F2
Sample_007_Region,106787-sample_1_lv_0046706_007,2,11.30241,6.2936397,0,68,F1
Sample_007_Region,106788-sample_1_lv_0046706_007,13,8.01568,12.887177,0,226,F1
Sample_007_Region,106789-sample_1_lv_0046706_007,16,6.572511,6.989797,0,250,F1
Sample_007_Region,106790-sample_1_lv_0046706_007,0,-3.2118163,6.9999247,0,353,F1
Sample_007_Region,106791-sample_1_lv_0046706_007,27,1.304224,4.6268744,0,455,Pericyte_1
Sample_007_Region,106792-sample_1_lv_0046706_007,0,-3.0526946,9.015479,0,162,VE2
Sample_007_Region,106793-sample_1_lv_0046706_007,8,13.902171,-0.4097155,0,239,F2
Sample_007_Region,106794-sample_1_lv_0046706_007,12,14.212896,6.0634446,0,165,F2
Sample_007_Region,106795-sample_1_lv_0046706_007,15,5.8335,2.625563,0,135,Macro_1
Sample_007_Region,106804-sample_1_lv_0046706_007,28,8.895769,-7.250863,0,33,Macro_1
Sample_007_Region,106805-sample_1_lv_0046706_007,0,-4.9603453,7.2752843,0,9,F1
Sample_007_Region,106806-sample_1_lv_0046706_007,0,-5.133803,7.185288,0,16,F2
Sample_007_Region,106807-sample_1_lv_0046706_007,0,-3.9714253,7.714573,0,0,Differentiated_KC
Sample_007_Region,106808-sample_1_lv_0046706_007,0,-5.319467,8.291595,0,1,Differentiated_KC
Sample_007_Region,106809-sample_1_lv_0046706_007,0,-4.2443614,6.791028,0,6,VE1
Sample_007_Region,106810-sample_1_lv_0046706_007,0,-2.433182,7.2114,0,30,F1
Sample_007_Region,106811-sample_1_lv_0046706_007,0,-5.652945,4.8678803,0,4,F1
Sample_007_Region,106812-sample_1_lv_0046706_007,0,-5.5509343,6.710771,0,217,VE3
Sample_007_Region,106813-sample_1_lv_0046706_007,24,13.790349,-4.1741233,0,19,Macro_1
Sample_007_Region,106814-sample_1_lv_0046706_007,0,-7.0473185,7.3284454,0,10,F1
Sample_007_Region,106815-sample_1_lv_0046706_007,0,-4.2114587,7.7441254,0,44,F1
Sample_007_Region,106816-sample_1_lv_0046706_007,0,-5.3123016,7.047256,0,29,F1
Sample_007_Region,106817-sample_1_lv_0046706_007,0,-6.3011737,8.805486,0,2,Macro_1
Sample_007_Region,106818-sample_1_lv_0046706_007,0,-5.308093,5.075789,0,2,F1
Sample_007_Region,106824-sample_1_lv_0046706_007,12,2.9043903,6.2310724,0,22,Macro_1
Sample_007_Region,106826-sample_1_lv_0046706_007,13,9.113466,10.796319,0,288,F1
Sample_007_Region,106834-sample_1_lv_0046706_007,20,16.155643,14.478507,0,119,Macro_1
Sample_007_Region,106842-sample_1_lv_0046706_007,0,-6.3833356,6.6489296,0,118,F1
Sample_007_Region,106843-sample_1_lv_0046706_007,20,16.888058,14.68923,0,288,F1
Sample_007_Region,106844-sample_1_lv_0046706_007,30,17.134527,-0.30934212,0,222,F2
Sample_007_Region,106854-sample_1_lv_0046706_007,3,8.458196,6.2569976,0,112,F2
Sample_007_Region,106855-sample_1_lv_0046706_007,0,-2.411752,6.1640315,0,316,F2
Sample_007_Region,106856-sample_1_lv_0046706_007,4,14.3207245,7.307858,0,91,F1
Sample_007_Region,106857-sample_1_lv_0046706_007,0,-3.6975288,8.236277,0,147,F1
Sample_007_Region,106929-sample_1_lv_0046706_007,15,6.9990244,1.2924519,0,72,F1
Sample_007_Region,106930-sample_1_lv_0046706_007,0,-3.547479,8.129855,0,136,F2
Sample_007_Region,106931-sample_1_lv_0046706_007,15,7.7173915,1.7615458,0,95,F1
Sample_007_Region,106932-sample_1_lv_0046706_007,3,4.810697,3.758409,0,86,Mono_mac
Sample_007_Region,106933-sample_1_lv_0046706_007,15,6.485769,0.63358325,0,39,F3
Sample_007_Region,106934-sample_1_lv_0046706_007,0,-2.12195,7.6947308,0,179,F3
Sample_007_Region,106935-sample_1_lv_0046706_007,0,-5.3367047,8.152598,0,0,Differentiated_KC
Sample_007_Region,106936-sample_1_lv_0046706_007,0,-6.106103,6.684524,0,2,Differentiated_KC
Sample_007_Region,106937-sample_1_lv_0046706_007,20,16.6273,14.74523,0,669,F2
Sample_007_Region,106938-sample_1_lv_0046706_007,8,12.672785,0.23364706,0,520,F2
Sample_007_Region,106939-sample_1_lv_0046706_007,0,-5.092001,7.520593,0,172,Mono_mac
Sample_007_Region,106940-sample_1_lv_0046706_007,27,1.5824938,5.217908,0,178,F1
Sample_007_Region,106941-sample_1_lv_0046706_007,16,5.6583395,7.6880856,0,152,moDC
Sample_007_Region,106942-sample_1_lv_0046706_007,0,-6.448443,7.1335106,0,42,F3
Sample_007_Region,106943-sample_1_lv_0046706_007,0,-3.7157903,6.055643,0,181,Pericyte_2
Sample_007_Region,106944-sample_1_lv_0046706_007,0,-3.6471071,7.177896,0,20,Macro_1
Sample_007_Region,106945-sample_1_lv_0046706_007,16,5.892763,7.1124744,0,227,F3
Sample_007_Region,106946-sample_1_lv_0046706_007,0,-6.0919714,8.861438,0,357,Undifferentiated_KC
Sample_007_Region,106947-sample_1_lv_0046706_007,0,-2.7438598,7.0893903,0,32,Macro_1
Sample_007_Region,106948-sample_1_lv_0046706_007,4,15.389447,6.4383826,0,67,F2
Sample_007_Region,106949-sample_1_lv_0046706_007,23,6.2442284,18.254745,0,225,F1
Sample_007_Region,106950-sample_1_lv_0046706_007,11,12.963549,8.668822,0,73,F3
Sample_007_Region,106951-sample_1_lv_0046706_007,0,-3.6191034,6.003053,0,197,Pericyte_1
Sample_007_Region,106952-sample_1_lv_0046706_007,11,11.033609,9.362764,0,731,F1
Sample_007_Region,106953-sample_1_lv_0046706_007,8,12.307169,1.0018039,0,396,F3
Sample_007_Region,106954-sample_1_lv_0046706_007,5,9.938445,2.6942308,0,324,F2
Sample_007_Region,106955-sample_1_lv_0046706_007,11,10.332195,10.317879,0,194,F2
Sample_007_Region,106956-sample_1_lv_0046706_007,16,6.890098,7.2744927,0,214,VE1
Sample_007_Region,106957-sample_1_lv_0046706_007,5,12.49343,5.100243,0,690,VE3
Sample_007_Region,106958-sample_1_lv_0046706_007,5,12.321584,5.163902,0,89,Pericyte_2
Sample_007_Region,106959-sample_1_lv_0046706_007,0,-3.9421828,5.910375,0,129,Pericyte_1
Sample_007_Region,106960-sample_1_lv_0046706_007,12,12.762126,7.300192,0,366,F1
Sample_007_Region,106961-sample_1_lv_0046706_007,0,-6.0144563,6.2006683,0,53,Th
Sample_007_Region,106962-sample_1_lv_0046706_007,5,8.2338915,1.940201,0,172,Pericyte_1
Sample_007_Region,106963-sample_1_lv_0046706_007,0,-3.3166485,7.484225,0,22,Macro_1
Sample_007_Region,106964-sample_1_lv_0046706_007,38,-3.2322664,9.595582,0,0,Differentiated_KC
Sample_007_Region,106965-sample_1_lv_0046706_007,0,-3.3141165,8.810377,0,1,F1
Sample_007_Region,106966-sample_1_lv_0046706_007,0,-4.7092633,8.1000185,0,14,Mono_mac
Sample_007_Region,106967-sample_1_lv_0046706_007,8,13.020432,0.6235766,0,190,F1
Sample_007_Region,106968-sample_1_lv_0046706_007,4,15.897439,7.096169,0,189,F1
Sample_007_Region,106969-sample_1_lv_0046706_007,12,14.9467125,5.2656507,0,226,F2
Sample_007_Region,106970-sample_1_lv_0046706_007,5,12.9541645,3.5521593,0,356,F3
Sample_007_Region,106971-sample_1_lv_0046706_007,9,9.214605,14.52844,0,218,Mono_mac
Sample_007_Region,106972-sample_1_lv_0046706_007,13,10.673235,11.390044,0,521,F1
Sample_007_Region,106973-sample_1_lv_0046706_007,1,12.416766,10.429789,0,185,Mono_mac
Sample_007_Region,106974-sample_1_lv_0046706_007,0,-5.203375,7.298105,0,261,Mono_mac
Sample_007_Region,106975-sample_1_lv_0046706_007,0,-3.718921,8.530887,0,5,F1
Sample_007_Region,106977-sample_1_lv_0046706_007,0,-4.3966627,6.6863365,0,15,Undifferentiated_KC
Sample_007_Region,106978-sample_1_lv_0046706_007,0,-4.0928817,9.273068,0,0,Differentiated_KC
Sample_007_Region,106990-sample_1_lv_0046706_007,15,7.1466947,2.1112702,0,357,F1
Sample_007_Region,106991-sample_1_lv_0046706_007,19,19.712105,11.149842,0,218,F3
Sample_007_Region,107095-sample_1_lv_0046706_007,0,-4.2338543,7.133914,0,73,F1
Sample_007_Region,107096-sample_1_lv_0046706_007,0,-3.4642022,7.553114,0,136,F1
Sample_007_Region,107097-sample_1_lv_0046706_007,4,15.769137,7.15669,0,82,F1
Sample_007_Region,107100-sample_1_lv_0046706_007,0,-3.165073,8.779094,0,47,F1
Sample_007_Region,107101-sample_1_lv_0046706_007,0,-5.1765733,6.563763,0,47,F2
Sample_007_Region,107102-sample_1_lv_0046706_007,0,-4.676567,5.167693,0,40,F2
Sample_007_Region,107103-sample_1_lv_0046706_007,0,-4.639812,7.713434,0,276,F2
Sample_007_Region,107104-sample_1_lv_0046706_007,0,-4.7989016,9.415673,0,23,F2
Sample_007_Region,107114-sample_1_lv_0046706_007,0,-3.6861475,6.505373,0,3,Differentiated_KC
Sample_007_Region,107115-sample_1_lv_0046706_007,4,14.921044,8.727372,0,434,F2
Sample_007_Region,107116-sample_1_lv_0046706_007,0,-3.7442281,8.215213,0,76,F1
Sample_007_Region,107131-sample_1_lv_0046706_007,0,-2.9852946,7.2775083,0,13,Macro_1
Sample_007_Region,107132-sample_1_lv_0046706_007,0,-4.8128963,5.895272,0,38,F1
Sample_007_Region,107133-sample_1_lv_0046706_007,0,-5.540534,7.6127214,0,54,F2
Sample_007_Region,107134-sample_1_lv_0046706_007,13,7.6152034,12.009396,0,95,F2
Sample_007_Region,107135-sample_1_lv_0046706_007,12,15.9829,4.811713,0,91,ILC1_3
Sample_007_Region,107136-sample_1_lv_0046706_007,0,-3.7773917,7.955737,0,66,Mono_mac
Sample_007_Region,107496-sample_1_lv_0046706_007,0,-5.6426253,8.002846,0,5,Macro_1
Sample_007_Region,107497-sample_1_lv_0046706_007,15,5.010469,12.611736,0,19,Tc
Sample_007_Region,107498-sample_1_lv_0046706_007,0,-4.5624194,6.262296,0,36,F3
Sample_007_Region,107499-sample_1_lv_0046706_007,0,-6.22213,8.1401,0,212,Th
Sample_007_Region,107500-sample_1_lv_0046706_007,28,12.021923,-5.521063,0,163,Pericyte_1
Sample_007_Region,107501-sample_1_lv_0046706_007,0,-3.5740201,7.678767,0,92,Undifferentiated_KC
Sample_007_Region,107506-sample_1_lv_0046706_007,1,7.5455103,7.651772,0,85,F3
Sample_007_Region,107507-sample_1_lv_0046706_007,4,15.042544,6.7026305,0,264,F3
Sample_007_Region,107508-sample_1_lv_0046706_007,16,5.323901,7.0479302,0,169,F2
Sample_007_Region,107509-sample_1_lv_0046706_007,8,13.670953,-0.32391816,0,178,Mono_mac
Sample_007_Region,107510-sample_1_lv_0046706_007,10,13.641184,10.0014515,0,324,Mono_mac
Sample_007_Region,107511-sample_1_lv_0046706_007,29,5.611157,4.0253563,0,109,F1
Sample_007_Region,107512-sample_1_lv_0046706_007,0,-4.345979,6.4419355,0,472,F1
Sample_007_Region,107513-sample_1_lv_0046706_007,0,-3.995585,9.110084,0,69,DC2
Sample_007_Region,107514-sample_1_lv_0046706_007,0,-5.2414923,7.580607,0,73,Macro_1
Sample_007_Region,107515-sample_1_lv_0046706_007,31,10.20909,-2.1666627,0,92,Mono_mac
Sample_007_Region,107516-sample_1_lv_0046706_007,0,-4.52047,5.96036,0,172,Th
Sample_007_Region,107517-sample_1_lv_0046706_007,15,5.6848936,2.7614834,0,152,F2
Sample_007_Region,107518-sample_1_lv_0046706_007,30,20.556374,5.0154004,0,33,Mono_mac
Sample_007_Region,107523-sample_1_lv_0046706_007,20,16.26789,15.077734,0,95,Mono_mac
Sample_007_Region,107524-sample_1_lv_0046706_007,0,-4.556254,6.555787,0,283,Pericyte_2
Sample_007_Region,107526-sample_1_lv_0046706_007,4,15.651717,6.986112,0,152,Macro_1
Sample_007_Region,107527-sample_1_lv_0046706_007,15,6.0722103,2.543478,0,207,F1
Sample_007_Region,107528-sample_1_lv_0046706_007,0,-5.970231,6.1206737,0,219,F1
Sample_007_Region,107529-sample_1_lv_0046706_007,2,9.873672,6.7160735,0,129,F3
Sample_007_Region,107530-sample_1_lv_0046706_007,16,5.5929475,6.6042085,0,298,Mono_mac
Sample_007_Region,107531-sample_1_lv_0046706_007,3,5.943062,5.778272,0,161,Mono_mac
Sample_007_Region,107532-sample_1_lv_0046706_007,0,-5.1643395,8.027516,0,21,F1
Sample_007_Region,107533-sample_1_lv_0046706_007,0,-3.9277623,6.2213545,0,77,F1
Sample_007_Region,107534-sample_1_lv_0046706_007,30,14.666152,1.308046,0,137,DC2
Sample_007_Region,107535-sample_1_lv_0046706_007,22,10.324916,19.059715,0,380,Mono_mac
Sample_007_Region,107536-sample_1_lv_0046706_007,3,8.282801,5.696272,0,144,F1
Sample_007_Region,107537-sample_1_lv_0046706_007,12,13.166533,7.119749,0,201,F2
Sample_007_Region,107538-sample_1_lv_0046706_007,16,5.890174,7.232794,0,318,F3
Sample_007_Region,107539-sample_1_lv_0046706_007,0,-5.3981004,7.9302773,0,10,F1
Sample_007_Region,107540-sample_1_lv_0046706_007,5,11.988118,5.297064,0,321,Mono_mac
Sample_007_Region,107554-sample_1_lv_0046706_007,0,-3.1919096,6.8319173,0,22,F1
Sample_007_Region,107555-sample_1_lv_0046706_007,12,15.578076,4.985025,0,119,F1
Sample_007_Region,107556-sample_1_lv_0046706_007,0,-4.4234233,6.542813,0,62,Pericyte_2
Sample_007_Region,107557-sample_1_lv_0046706_007,0,-2.9683108,7.9987617,0,0,Differentiated_KC
Sample_007_Region,107564-sample_1_lv_0046706_007,0,-4.5869646,5.4198985,0,1,Undifferentiated_KC
Sample_007_Region,107565-sample_1_lv_0046706_007,0,-3.3841844,8.508156,0,3,Differentiated_KC
Sample_007_Region,107566-sample_1_lv_0046706_007,0,-4.261134,6.6830072,0,3,Th
Sample_007_Region,107567-sample_1_lv_0046706_007,0,-5.033217,9.590294,0,0,Differentiated_KC
Sample_007_Region,107568-sample_1_lv_0046706_007,0,-5.859911,7.421798,0,0,Differentiated_KC
Sample_007_Region,107569-sample_1_lv_0046706_007,0,-6.2682633,7.1493216,0,0,Differentiated_KC
Sample_007_Region,107570-sample_1_lv_0046706_007,0,-5.3987164,5.9943237,0,1,Differentiated_KC
Sample_007_Region,107571-sample_1_lv_0046706_007,0,-5.2006736,7.000899,0,0,Differentiated_KC
Sample_007_Region,107572-sample_1_lv_0046706_007,0,-5.7267747,8.736756,0,1,Differentiated_KC
Sample_007_Region,107573-sample_1_lv_0046706_007,0,-4.9570217,7.2049937,0,3,Undifferentiated_KC
Sample_007_Region,107574-sample_1_lv_0046706_007,0,-4.363453,5.2857122,0,4,Undifferentiated_KC
Sample_007_Region,107575-sample_1_lv_0046706_007,0,-4.843475,7.081387,0,0,Differentiated_KC
Sample_007_Region,107576-sample_1_lv_0046706_007,0,-4.0572534,6.6906314,0,8,Undifferentiated_KC
Sample_007_Region,107577-sample_1_lv_0046706_007,0,-5.2017636,5.7290516,0,0,Differentiated_KC
Sample_007_Region,107578-sample_1_lv_0046706_007,0,-4.3220315,6.0217304,0,4,Th
Sample_007_Region,107579-sample_1_lv_0046706_007,0,-3.0225246,7.3450584,0,2,Differentiated_KC
Sample_007_Region,107580-sample_1_lv_0046706_007,0,-3.3994365,8.458244,0,5,Undifferentiated_KC
Sample_007_Region,107581-sample_1_lv_0046706_007,0,-6.3544393,7.938414,0,0,Differentiated_KC
Sample_007_Region,107582-sample_1_lv_0046706_007,0,-2.5889072,7.4799876,0,3,Undifferentiated_KC
Sample_007_Region,107583-sample_1_lv_0046706_007,0,-2.5579655,8.143223,0,1,Undifferentiated_KC
Sample_007_Region,107584-sample_1_lv_0046706_007,0,-4.512027,5.7055793,0,1,Differentiated_KC
Sample_007_Region,107585-sample_1_lv_0046706_007,0,-3.380876,6.689887,0,1,Differentiated_KC
Sample_007_Region,107586-sample_1_lv_0046706_007,0,-4.483398,8.065485,0,2,Undifferentiated_KC
Sample_007_Region,107587-sample_1_lv_0046706_007,27,0.5318396,0.028350152,0,73,F1
Sample_007_Region,107588-sample_1_lv_0046706_007,15,5.0376043,12.6781645,0,7,Undifferentiated_KC
Sample_007_Region,107589-sample_1_lv_0046706_007,11,11.00933,9.656901,0,196,F3
Sample_007_Region,107590-sample_1_lv_0046706_007,16,5.2313538,6.9520974,0,168,Pericyte_2
Sample_007_Region,107591-sample_1_lv_0046706_007,32,2.4099336,-0.04584673,0,48,VE2
Sample_007_Region,107592-sample_1_lv_0046706_007,0,-4.617877,8.228618,0,0,Differentiated_KC
Sample_007_Region,107593-sample_1_lv_0046706_007,0,-3.68459,7.25404,0,0,Differentiated_KC
Sample_007_Region,107594-sample_1_lv_0046706_007,0,-4.0260954,7.958549,0,4,Undifferentiated_KC
Sample_007_Region,107595-sample_1_lv_0046706_007,0,-2.5172105,7.503838,0,0,Differentiated_KC
Sample_007_Region,107596-sample_1_lv_0046706_007,0,-4.416025,9.177177,0,4,Undifferentiated_KC
Sample_007_Region,107597-sample_1_lv_0046706_007,0,-4.7252307,9.098399,0,5,Undifferentiated_KC
Sample_007_Region,107598-sample_1_lv_0046706_007,2,9.46543,6.7709703,0,125,F1
Sample_007_Region,107599-sample_1_lv_0046706_007,20,16.513523,14.842191,0,230,F2
Sample_007_Region,107600-sample_1_lv_0046706_007,16,5.325789,7.528952,0,96,F2
Sample_007_Region,107601-sample_1_lv_0046706_007,1,9.4872675,9.078474,0,96,F3
Sample_007_Region,107602-sample_1_lv_0046706_007,11,10.629243,10.159938,0,506,F1
Sample_007_Region,107603-sample_1_lv_0046706_007,24,11.956622,-3.2474203,0,72,F1
Sample_007_Region,107604-sample_1_lv_0046706_007,0,-3.5939229,8.397002,0,141,F3
Sample_007_Region,107605-sample_1_lv_0046706_007,0,-4.7341623,7.463121,0,386,F1
Sample_007_Region,107606-sample_1_lv_0046706_007,5,8.4852495,3.9843554,0,195,F1
Sample_007_Region,107607-sample_1_lv_0046706_007,1,12.477867,10.853563,0,94,Mono_mac
Sample_007_Region,107608-sample_1_lv_0046706_007,34,2.2553282,16.946165,0,50,F3
Sample_007_Region,107609-sample_1_lv_0046706_007,0,-5.709006,5.224587,0,1,Differentiated_KC
Sample_007_Region,107610-sample_1_lv_0046706_007,0,-5.757942,9.146887,0,7,Undifferentiated_KC
Sample_007_Region,107611-sample_1_lv_0046706_007,0,-6.49888,6.9299173,0,4,F2
Sample_007_Region,107612-sample_1_lv_0046706_007,0,-5.7092156,6.673727,0,0,Differentiated_KC
Sample_007_Region,107613-sample_1_lv_0046706_007,0,-4.633493,6.0946207,0,6,Differentiated_KC
Sample_007_Region,107614-sample_1_lv_0046706_007,0,-4.3785534,8.005734,0,1,Differentiated_KC
Sample_007_Region,107615-sample_1_lv_0046706_007,0,-5.9120603,6.3458996,0,0,Differentiated_KC
Sample_007_Region,107616-sample_1_lv_0046706_007,0,-5.2198644,5.207466,0,3,Th
Sample_007_Region,107617-sample_1_lv_0046706_007,0,-4.156791,6.659252,0,13,Undifferentiated_KC
Sample_007_Region,107618-sample_1_lv_0046706_007,0,-5.939339,5.345399,0,21,Undifferentiated_KC
Sample_007_Region,107619-sample_1_lv_0046706_007,0,-3.5134768,7.4577003,0,21,Undifferentiated_KC
Sample_007_Region,107620-sample_1_lv_0046706_007,0,-2.3880332,6.2326865,0,13,Undifferentiated_KC
Sample_007_Region,107621-sample_1_lv_0046706_007,0,-5.4036026,6.9015193,0,6,Undifferentiated_KC
Sample_007_Region,107622-sample_1_lv_0046706_007,0,-6.3805466,6.793316,0,179,Undifferentiated_KC
Sample_007_Region,107623-sample_1_lv_0046706_007,1,6.705615,8.356439,0,152,Undifferentiated_KC
Sample_007_Region,107624-sample_1_lv_0046706_007,6,12.967617,15.454085,0,119,Undifferentiated_KC
Sample_007_Region,107625-sample_1_lv_0046706_007,1,6.9416738,11.496197,0,23,F2
Sample_007_Region,107626-sample_1_lv_0046706_007,7,3.5012386,6.1108336,0,108,F2
Sample_007_Region,107627-sample_1_lv_0046706_007,0,-3.9136806,6.831927,0,38,Differentiated_KC
Sample_007_Region,107628-sample_1_lv_0046706_007,7,3.4857972,5.8692827,0,42,Differentiated_KC
Sample_007_Region,107629-sample_1_lv_0046706_007,0,-4.3568788,8.932164,0,2,Differentiated_KC
Sample_007_Region,107630-sample_1_lv_0046706_007,0,-3.4194326,7.700485,0,23,Differentiated_KC
Sample_007_Region,107631-sample_1_lv_0046706_007,19,20.286415,13.786408,0,42,Differentiated_KC
Sample_007_Region,107632-sample_1_lv_0046706_007,6,13.8996105,15.640587,0,75,Undifferentiated_KC
Sample_007_Region,107633-sample_1_lv_0046706_007,14,10.818677,1.9419687,0,62,MigDC
Sample_007_Region,107634-sample_1_lv_0046706_007,1,12.457435,9.667304,0,31,Undifferentiated_KC
Sample_007_Region,107635-sample_1_lv_0046706_007,0,-5.0690217,5.296166,0,118,Undifferentiated_KC
Sample_007_Region,107636-sample_1_lv_0046706_007,0,-5.155176,7.552755,0,233,Undifferentiated_KC
Sample_007_Region,107637-sample_1_lv_0046706_007,17,1.7780184,13.374719,0,337,Undifferentiated_KC
Sample_007_Region,107638-sample_1_lv_0046706_007,8,14.888341,-0.9145545,0,86,F1
Sample_007_Region,107639-sample_1_lv_0046706_007,0,-3.2974377,7.5690184,0,11,Undifferentiated_KC
Sample_007_Region,107640-sample_1_lv_0046706_007,0,-2.9994378,8.4494705,0,73,Undifferentiated_KC
Sample_007_Region,107641-sample_1_lv_0046706_007,0,-4.1229606,6.568043,0,55,Undifferentiated_KC
Sample_007_Region,107642-sample_1_lv_0046706_007,0,-3.377448,7.9910088,0,38,Undifferentiated_KC
Sample_007_Region,107643-sample_1_lv_0046706_007,0,-2.610184,8.450607,0,40,Undifferentiated_KC
Sample_007_Region,107644-sample_1_lv_0046706_007,7,14.273832,12.879835,0,66,Undifferentiated_KC
Sample_007_Region,107645-sample_1_lv_0046706_007,0,-5.5409074,5.2288938,0,72,Undifferentiated_KC
Sample_007_Region,107646-sample_1_lv_0046706_007,6,12.471062,14.02916,0,152,Undifferentiated_KC
Sample_007_Region,107701-sample_1_lv_0046706_007,0,-4.132021,6.534744,0,51,F1
Sample_007_Region,107702-sample_1_lv_0046706_007,2,9.641871,7.4173884,0,54,Undifferentiated_KC
Sample_007_Region,107703-sample_1_lv_0046706_007,0,-4.702407,6.0920343,0,12,Undifferentiated_KC
Sample_007_Region,107704-sample_1_lv_0046706_007,0,-2.1186478,6.747307,0,14,F1
Sample_007_Region,107707-sample_1_lv_0046706_007,0,-3.9629009,8.881927,0,36,Th
Sample_007_Region,107846-sample_1_lv_0046706_007,3,7.560897,5.6112328,0,81,Undifferentiated_KC
Sample_007_Region,107847-sample_1_lv_0046706_007,0,-2.1517303,6.9765086,0,56,Undifferentiated_KC
Sample_007_Region,107848-sample_1_lv_0046706_007,3,7.8488975,5.303359,0,15,F2
Sample_007_Region,107849-sample_1_lv_0046706_007,0,-3.8078964,6.531858,0,83,Undifferentiated_KC
Sample_007_Region,107850-sample_1_lv_0046706_007,1,11.739658,10.855011,0,127,F3
Sample_007_Region,107851-sample_1_lv_0046706_007,5,9.046745,2.7799304,0,113,Mono_mac
Sample_007_Region,107852-sample_1_lv_0046706_007,0,-5.7637873,7.173212,0,5,F1
Sample_007_Region,107853-sample_1_lv_0046706_007,15,5.5548806,3.3515546,0,53,Mono_mac
Sample_007_Region,107854-sample_1_lv_0046706_007,0,-4.4594197,5.4066515,0,8,F2
Sample_007_Region,107855-sample_1_lv_0046706_007,1,7.9699492,9.942552,0,98,Undifferentiated_KC
Sample_007_Region,107856-sample_1_lv_0046706_007,29,3.4606996,4.473069,0,46,Undifferentiated_KC
Sample_007_Region,107858-sample_1_lv_0046706_007,15,6.2285438,0.8506821,0,46,Macro_1
Sample_007_Region,107859-sample_1_lv_0046706_007,0,-6.548815,8.17536,0,127,F1
Sample_007_Region,107860-sample_1_lv_0046706_007,13,7.9021635,11.709719,0,31,F1
Sample_007_Region,107861-sample_1_lv_0046706_007,0,-3.2119105,5.209094,0,145,F3
Sample_007_Region,107862-sample_1_lv_0046706_007,15,6.407928,0.79776096,0,28,Macro_1
Sample_007_Region,107863-sample_1_lv_0046706_007,20,17.122932,14.737404,0,390,F2
Sample_007_Region,107864-sample_1_lv_0046706_007,12,13.522308,7.514145,0,301,Mono_mac
Sample_007_Region,107865-sample_1_lv_0046706_007,8,14.2435055,-0.8687053,0,87,F2
Sample_007_Region,107866-sample_1_lv_0046706_007,0,-5.1765456,6.3998146,0,65,F3
Sample_007_Region,107867-sample_1_lv_0046706_007,0,-4.830082,8.023095,0,17,F1
Sample_007_Region,107868-sample_1_lv_0046706_007,18,17.713972,1.6382834,0,74,Pericyte_2
Sample_007_Region,107870-sample_1_lv_0046706_007,4,14.801907,6.581465,0,172,VE3
Sample_007_Region,107871-sample_1_lv_0046706_007,4,14.881955,6.1502123,0,375,Mono_mac
Sample_007_Region,107872-sample_1_lv_0046706_007,2,11.458341,7.046283,0,108,Th
Sample_007_Region,107873-sample_1_lv_0046706_007,5,7.7298465,2.115919,0,181,Pericyte_1
Sample_007_Region,107874-sample_1_lv_0046706_007,10,12.906254,10.144771,0,188,Mono_mac
Sample_007_Region,107875-sample_1_lv_0046706_007,0,-6.1092043,6.068822,0,242,F2
Sample_007_Region,107876-sample_1_lv_0046706_007,3,8.311502,5.515666,0,837,Mono_mac
Sample_007_Region,107877-sample_1_lv_0046706_007,14,12.059688,4.6693983,0,354,Mono_mac
Sample_007_Region,107878-sample_1_lv_0046706_007,13,9.005326,12.296555,0,224,F1
Sample_007_Region,107879-sample_1_lv_0046706_007,0,-6.570022,7.786579,0,62,F1
Sample_007_Region,107880-sample_1_lv_0046706_007,1,8.888242,9.277259,0,315,F3
Sample_007_Region,107881-sample_1_lv_0046706_007,0,-4.7334023,7.5611687,0,201,F1
Sample_007_Region,107882-sample_1_lv_0046706_007,0,-3.2976015,7.0093,0,65,F1
Sample_007_Region,107883-sample_1_lv_0046706_007,12,14.149525,6.1324267,0,317,F1
Sample_007_Region,107884-sample_1_lv_0046706_007,2,9.997223,6.984401,0,385,Macro_1
Sample_007_Region,107885-sample_1_lv_0046706_007,24,9.331515,0.24576196,0,124,F2
Sample_007_Region,107886-sample_1_lv_0046706_007,0,-4.5158076,8.181762,0,25,F1
Sample_007_Region,107887-sample_1_lv_0046706_007,11,11.859788,9.555012,0,781,Mono_mac
Sample_007_Region,107888-sample_1_lv_0046706_007,4,14.29681,5.7553935,0,458,F1
Sample_007_Region,107889-sample_1_lv_0046706_007,2,12.237559,7.1233754,0,878,DC2
Sample_007_Region,107890-sample_1_lv_0046706_007,5,13.379671,5.23456,0,499,F1
Sample_007_Region,107891-sample_1_lv_0046706_007,12,13.510055,6.7676115,0,280,LE2
Sample_007_Region,107892-sample_1_lv_0046706_007,13,9.004723,10.686758,0,279,F3
Sample_007_Region,107893-sample_1_lv_0046706_007,6,12.96052,15.6208105,0,158,Mono_mac
Sample_007_Region,107894-sample_1_lv_0046706_007,15,7.118638,2.379997,0,74,F1
Sample_007_Region,107895-sample_1_lv_0046706_007,0,-4.070135,4.9069176,0,142,F1
Sample_007_Region,107896-sample_1_lv_0046706_007,0,-3.7278507,7.0348477,0,144,F2
Sample_007_Region,107897-sample_1_lv_0046706_007,1,7.1247478,8.435013,0,256,F1
Sample_007_Region,107898-sample_1_lv_0046706_007,2,9.947123,6.625251,0,619,F2
Sample_007_Region,107899-sample_1_lv_0046706_007,5,13.28059,3.6998515,0,92,LE1
Sample_007_Region,107900-sample_1_lv_0046706_007,20,16.342443,14.912011,0,99,VE1
Sample_007_Region,107901-sample_1_lv_0046706_007,3,8.488638,5.0605803,0,228,LE2
Sample_007_Region,107902-sample_1_lv_0046706_007,19,19.74826,11.118335,0,400,LE2
Sample_007_Region,107903-sample_1_lv_0046706_007,15,7.2339664,2.329767,0,181,F1
Sample_007_Region,107904-sample_1_lv_0046706_007,10,13.236591,9.642584,0,30,DC2
Sample_007_Region,107905-sample_1_lv_0046706_007,1,12.057674,9.354898,0,559,Mono_mac
Sample_007_Region,107906-sample_1_lv_0046706_007,5,12.364351,5.7038417,0,366,Mono_mac
Sample_007_Region,107907-sample_1_lv_0046706_007,10,14.538223,9.741611,0,623,Mono_mac
Sample_007_Region,107908-sample_1_lv_0046706_007,1,12.444374,9.5637245,0,94,Mono_mac
Sample_007_Region,107909-sample_1_lv_0046706_007,3,10.436781,5.3665295,0,463,F3
Sample_007_Region,107910-sample_1_lv_0046706_007,4,15.864687,7.0007644,0,44,F3
Sample_007_Region,107911-sample_1_lv_0046706_007,21,16.04185,16.807163,0,740,Mono_mac
Sample_007_Region,107921-sample_1_lv_0046706_007,13,8.762527,12.44244,0,228,F2
Sample_007_Region,107922-sample_1_lv_0046706_007,19,19.788282,13.50799,0,291,F1
Sample_007_Region,107923-sample_1_lv_0046706_007,11,11.064559,10.430934,0,124,F1
Sample_007_Region,107924-sample_1_lv_0046706_007,20,16.216236,14.411482,0,399,F1
Sample_007_Region,107930-sample_1_lv_0046706_007,0,-4.2158413,6.516493,0,16,F2
Sample_007_Region,107931-sample_1_lv_0046706_007,0,-3.229548,7.480222,0,4,Pericyte_1
Sample_007_Region,107932-sample_1_lv_0046706_007,0,-3.4440591,6.932975,0,0,Differentiated_KC
Sample_007_Region,107933-sample_1_lv_0046706_007,27,0.04573427,2.4016867,0,2,Differentiated_KC
Sample_007_Region,107934-sample_1_lv_0046706_007,2,11.076649,8.040369,0,38,F1
Sample_007_Region,107935-sample_1_lv_0046706_007,2,11.679728,8.445148,0,25,Macro_1
Sample_007_Region,107936-sample_1_lv_0046706_007,1,12.480652,11.633638,0,11,F1
Sample_007_Region,107937-sample_1_lv_0046706_007,22,11.156773,19.420544,0,48,VE3
Sample_007_Region,107938-sample_1_lv_0046706_007,0,-4.1224127,7.771029,0,9,Undifferentiated_KC
Sample_007_Region,107939-sample_1_lv_0046706_007,0,-6.262619,6.198373,0,13,Undifferentiated_KC
Sample_007_Region,107940-sample_1_lv_0046706_007,0,-5.716781,8.907484,0,7,Undifferentiated_KC
Sample_007_Region,107941-sample_1_lv_0046706_007,0,-4.414648,5.5936723,0,4,F1
Sample_007_Region,107942-sample_1_lv_0046706_007,4,16.28972,6.82311,0,57,Macro_1
Sample_007_Region,107943-sample_1_lv_0046706_007,1,6.8149133,11.411277,0,22,Undifferentiated_KC
Sample_007_Region,107944-sample_1_lv_0046706_007,4,14.880273,8.929135,0,137,Undifferentiated_KC
Sample_007_Region,107945-sample_1_lv_0046706_007,29,3.4589496,4.477724,0,50,Undifferentiated_KC
Sample_007_Region,107946-sample_1_lv_0046706_007,7,14.400303,12.636059,0,92,F3
Sample_007_Region,107947-sample_1_lv_0046706_007,0,-3.3885527,8.829466,0,19,Undifferentiated_KC
Sample_007_Region,107948-sample_1_lv_0046706_007,0,-3.7790296,7.9951572,0,46,Mono_mac
Sample_007_Region,107949-sample_1_lv_0046706_007,0,-6.331042,7.528983,0,54,Undifferentiated_KC
Sample_007_Region,107950-sample_1_lv_0046706_007,31,10.149267,-2.7935858,0,97,Undifferentiated_KC
Sample_007_Region,107951-sample_1_lv_0046706_007,7,16.554726,11.916699,0,129,MigDC
Sample_007_Region,107952-sample_1_lv_0046706_007,7,4.9126287,8.277903,0,133,Undifferentiated_KC
Sample_007_Region,107953-sample_1_lv_0046706_007,0,-5.4601564,8.85309,0,113,Undifferentiated_KC
Sample_007_Region,107954-sample_1_lv_0046706_007,7,14.945689,12.202415,0,149,Macro_1
Sample_007_Region,107955-sample_1_lv_0046706_007,20,16.475725,14.431704,0,279,F2
Sample_007_Region,107956-sample_1_lv_0046706_007,4,15.3058405,8.860728,0,287,F3
Sample_007_Region,107957-sample_1_lv_0046706_007,7,15.157666,12.286955,0,213,Undifferentiated_KC
Sample_007_Region,107958-sample_1_lv_0046706_007,3,8.323859,6.270914,0,54,Macro_1
Sample_007_Region,107959-sample_1_lv_0046706_007,25,9.242099,22.009914,0,931,F1
Sample_007_Region,107960-sample_1_lv_0046706_007,3,4.777383,3.94955,0,96,Mono_mac
Sample_007_Region,107961-sample_1_lv_0046706_007,28,11.815594,-5.3700924,0,149,Undifferentiated_KC
Sample_007_Region,107962-sample_1_lv_0046706_007,5,9.33906,3.1648495,0,242,VE3
Sample_007_Region,107963-sample_1_lv_0046706_007,18,16.233398,3.4145174,0,240,VE3
Sample_007_Region,107964-sample_1_lv_0046706_007,15,3.513297,7.0305777,0,149,F3
Sample_007_Region,107965-sample_1_lv_0046706_007,1,6.844795,7.9916096,0,19,F1
Sample_007_Region,107966-sample_1_lv_0046706_007,35,10.688509,16.64299,0,33,F3
Sample_007_Region,107967-sample_1_lv_0046706_007,11,11.802342,10.099035,0,299,Th
Sample_007_Region,107968-sample_1_lv_0046706_007,19,19.930195,11.352692,0,313,LE2
Sample_007_Region,107969-sample_1_lv_0046706_007,0,-5.3721337,6.780676,0,139,Undifferentiated_KC
Sample_007_Region,107970-sample_1_lv_0046706_007,19,19.626589,11.280772,0,131,LE2
Sample_007_Region,107971-sample_1_lv_0046706_007,2,11.835269,6.4312663,0,114,Undifferentiated_KC
Sample_007_Region,107972-sample_1_lv_0046706_007,8,14.284307,-0.8830911,0,151,F2
Sample_007_Region,107973-sample_1_lv_0046706_007,24,9.434168,-0.004481559,0,153,Mono_mac
Sample_007_Region,107974-sample_1_lv_0046706_007,8,12.996034,0.4860965,0,1027,F1
Sample_007_Region,107975-sample_1_lv_0046706_007,15,7.0234475,2.6858962,0,212,Macro_1
Sample_007_Region,107976-sample_1_lv_0046706_007,2,10.304865,7.5649834,0,164,F1
Sample_007_Region,107977-sample_1_lv_0046706_007,19,19.528624,13.870787,0,841,F1
Sample_007_Region,107978-sample_1_lv_0046706_007,3,7.650064,5.5320773,0,88,F2
Sample_007_Region,107979-sample_1_lv_0046706_007,14,12.471473,4.3086877,0,275,Mono_mac
Sample_007_Region,107980-sample_1_lv_0046706_007,4,16.218632,9.553319,0,1,Differentiated_KC
Sample_007_Region,107981-sample_1_lv_0046706_007,3,9.701948,5.866889,0,116,F1
Sample_007_Region,107982-sample_1_lv_0046706_007,0,-4.832713,8.044599,0,35,Macro_1
Sample_007_Region,107983-sample_1_lv_0046706_007,0,-4.880001,5.5715113,0,4,Differentiated_KC
Sample_007_Region,107984-sample_1_lv_0046706_007,24,14.10797,-4.2966022,0,2,F1
Sample_007_Region,107985-sample_1_lv_0046706_007,0,-3.374822,5.580168,0,2,Th
Sample_007_Region,107986-sample_1_lv_0046706_007,0,-4.0752234,7.0248165,0,47,F2
Sample_007_Region,107987-sample_1_lv_0046706_007,0,-2.8585887,7.9306917,0,11,Undifferentiated_KC
Sample_007_Region,107988-sample_1_lv_0046706_007,7,3.6730952,6.615948,0,16,Macro_1
Sample_007_Region,107989-sample_1_lv_0046706_007,0,-3.2028131,7.917962,0,2,Treg
Sample_007_Region,107990-sample_1_lv_0046706_007,0,-3.8403563,7.8821874,0,9,Undifferentiated_KC
Sample_007_Region,107991-sample_1_lv_0046706_007,0,-2.9854593,8.248596,0,2,Differentiated_KC
Sample_007_Region,107992-sample_1_lv_0046706_007,0,-3.3127232,8.210985,0,3,Differentiated_KC
Sample_007_Region,107993-sample_1_lv_0046706_007,0,-3.8630502,9.292931,0,10,Differentiated_KC
Sample_007_Region,107994-sample_1_lv_0046706_007,3,5.732803,5.523563,0,221,F3
Sample_007_Region,107995-sample_1_lv_0046706_007,0,-6.75558,7.0745206,0,70,Mono_mac
Sample_007_Region,107996-sample_1_lv_0046706_007,13,6.9246798,13.613337,0,181,F2
Sample_007_Region,107997-sample_1_lv_0046706_007,5,10.087515,2.4821208,0,121,Mono_mac
Sample_007_Region,107998-sample_1_lv_0046706_007,15,7.0431523,2.4385605,0,54,F1
Sample_007_Region,107999-sample_1_lv_0046706_007,30,17.203865,-0.3581167,0,143,F2
Sample_007_Region,108000-sample_1_lv_0046706_007,4,15.661917,7.2208066,0,172,F1
Sample_007_Region,108001-sample_1_lv_0046706_007,0,-5.340615,7.293093,0,138,F3
Sample_007_Region,108002-sample_1_lv_0046706_007,3,5.773311,5.540448,0,41,F3
Sample_007_Region,108003-sample_1_lv_0046706_007,13,7.990593,11.633254,0,53,F1
Sample_007_Region,108004-sample_1_lv_0046706_007,14,10.923933,4.0909157,0,154,F2
Sample_007_Region,108005-sample_1_lv_0046706_007,0,-5.737578,7.090516,0,2,Differentiated_KC
Sample_007_Region,108006-sample_1_lv_0046706_007,2,11.471748,5.7885065,0,4,Th
Sample_007_Region,108007-sample_1_lv_0046706_007,0,-5.1422696,6.9331384,0,6,Macro_1
Sample_007_Region,108008-sample_1_lv_0046706_007,0,-4.7866216,7.0148435,0,2,Th
Sample_007_Region,108009-sample_1_lv_0046706_007,1,8.825634,7.0215282,0,25,Undifferentiated_KC
Sample_007_Region,108012-sample_1_lv_0046706_007,24,11.712196,-2.7174988,0,204,F2
Sample_007_Region,108013-sample_1_lv_0046706_007,24,12.326397,-2.3220701,0,273,F1
Sample_007_Region,108015-sample_1_lv_0046706_007,0,-5.606391,7.7165246,0,34,F2
Sample_007_Region,108016-sample_1_lv_0046706_007,0,-6.543544,6.7716794,0,28,Differentiated_KC
Sample_007_Region,108017-sample_1_lv_0046706_007,0,-5.1788626,5.358227,0,18,F1
Sample_007_Region,108018-sample_1_lv_0046706_007,28,7.912891,-8.078658,0,7,Macro_2
Sample_007_Region,108019-sample_1_lv_0046706_007,0,-4.773604,7.024436,0,34,F2
Sample_007_Region,108020-sample_1_lv_0046706_007,0,-5.368879,7.4302087,0,51,Differentiated_KC
Sample_007_Region,108021-sample_1_lv_0046706_007,0,-4.6431627,5.6434865,0,71,F2
Sample_007_Region,108022-sample_1_lv_0046706_007,0,-5.2056785,6.783746,0,2,F2
Sample_007_Region,108023-sample_1_lv_0046706_007,0,-4.0205293,7.6333737,0,3,Undifferentiated_KC
Sample_007_Region,108024-sample_1_lv_0046706_007,0,-4.416822,5.4751163,0,13,F2
Sample_007_Region,108025-sample_1_lv_0046706_007,21,16.240335,17.329462,0,12,Differentiated_KC
Sample_007_Region,108026-sample_1_lv_0046706_007,0,-4.4050193,8.497642,0,9,Differentiated_KC
Sample_007_Region,108027-sample_1_lv_0046706_007,0,-4.336205,4.805527,0,19,F2
Sample_007_Region,108028-sample_1_lv_0046706_007,21,16.210802,17.415346,0,18,Differentiated_KC
Sample_007_Region,108029-sample_1_lv_0046706_007,2,11.247633,6.8360004,0,199,Mono_mac
Sample_007_Region,108030-sample_1_lv_0046706_007,29,13.181383,-2.109871,0,128,F3
Sample_007_Region,108031-sample_1_lv_0046706_007,2,10.999128,7.2072496,0,438,F1
Sample_007_Region,108032-sample_1_lv_0046706_007,12,14.658502,5.3857846,0,448,Th
Sample_007_Region,108033-sample_1_lv_0046706_007,25,9.464758,22.030094,0,684,F2
Sample_007_Region,108034-sample_1_lv_0046706_007,10,13.47426,10.4395485,0,731,F2
Sample_007_Region,108035-sample_1_lv_0046706_007,3,10.803196,5.8529444,0,152,F1
Sample_007_Region,108036-sample_1_lv_0046706_007,0,-5.8205786,6.817276,0,191,F1
Sample_007_Region,108037-sample_1_lv_0046706_007,0,-5.2297597,8.530871,0,130,Th
Sample_007_Region,108038-sample_1_lv_0046706_007,0,-2.7159948,5.8382306,0,3,Undifferentiated_KC
Sample_007_Region,108039-sample_1_lv_0046706_007,0,-5.6625524,7.608744,0,3,Differentiated_KC
Sample_007_Region,108040-sample_1_lv_0046706_007,0,-4.0835977,8.447039,0,4,Undifferentiated_KC
Sample_007_Region,108041-sample_1_lv_0046706_007,0,-5.4247117,8.238053,0,4,Undifferentiated_KC
Sample_007_Region,108042-sample_1_lv_0046706_007,0,-4.903607,7.976999,0,0,Differentiated_KC
Sample_007_Region,108043-sample_1_lv_0046706_007,0,-5.3810062,8.922884,0,2,Th
Sample_007_Region,108044-sample_1_lv_0046706_007,0,-5.108407,7.248922,0,5,Undifferentiated_KC
Sample_007_Region,108045-sample_1_lv_0046706_007,1,9.522266,8.353203,0,12,Undifferentiated_KC
Sample_007_Region,108046-sample_1_lv_0046706_007,7,3.731297,6.5215425,0,20,Differentiated_KC
Sample_007_Region,108047-sample_1_lv_0046706_007,0,-5.449396,8.946904,0,12,Differentiated_KC
Sample_007_Region,108048-sample_1_lv_0046706_007,1,12.436646,11.385251,0,52,Undifferentiated_KC
Sample_007_Region,108049-sample_1_lv_0046706_007,0,-3.7679381,7.1415935,0,5,Undifferentiated_KC
Sample_007_Region,108050-sample_1_lv_0046706_007,0,-4.054823,8.5414505,0,6,Undifferentiated_KC
Sample_007_Region,114438-sample_1_lv_0046706_007,0,-5.528244,8.144906,0,25,Mono_mac
Sample_007_Region,114478-sample_1_lv_0046706_007,6,13.23759,13.568086,0,223,Undifferentiated_KC
Sample_007_Region,114479-sample_1_lv_0046706_007,6,13.195994,13.484465,0,385,Undifferentiated_KC
Sample_007_Region,114480-sample_1_lv_0046706_007,1,10.166029,7.490497,0,146,Undifferentiated_KC
Sample_007_Region,114481-sample_1_lv_0046706_007,1,4.614354,0.3490562,0,283,Undifferentiated_KC
Sample_007_Region,114482-sample_1_lv_0046706_007,6,12.325183,13.233597,0,482,Undifferentiated_KC
Sample_007_Region,114483-sample_1_lv_0046706_007,6,12.380429,13.618456,0,537,Undifferentiated_KC
Sample_007_Region,114484-sample_1_lv_0046706_007,7,14.244511,12.131324,0,250,Undifferentiated_KC
Sample_007_Region,114485-sample_1_lv_0046706_007,4,14.363673,8.485493,0,400,Undifferentiated_KC
Sample_007_Region,114486-sample_1_lv_0046706_007,32,1.6454179,11.3867235,0,180,Undifferentiated_KC
Sample_007_Region,114487-sample_1_lv_0046706_007,7,14.3102665,12.145761,0,178,Undifferentiated_KC
Sample_007_Region,114488-sample_1_lv_0046706_007,0,-5.514687,6.770123,0,242,Undifferentiated_KC
Sample_007_Region,114489-sample_1_lv_0046706_007,7,14.316323,11.869832,0,322,Undifferentiated_KC
Sample_007_Region,114490-sample_1_lv_0046706_007,7,16.201632,11.603058,0,173,Undifferentiated_KC
Sample_007_Region,114491-sample_1_lv_0046706_007,1,11.663344,10.802628,0,402,Mono_mac
Sample_007_Region,114492-sample_1_lv_0046706_007,7,14.366427,12.578893,0,91,Undifferentiated_KC
Sample_007_Region,114493-sample_1_lv_0046706_007,1,7.919807,10.074607,0,72,Undifferentiated_KC
Sample_007_Region,114494-sample_1_lv_0046706_007,4,14.841972,8.872194,0,182,Undifferentiated_KC
Sample_007_Region,114495-sample_1_lv_0046706_007,4,14.881086,7.300437,0,147,F3
Sample_007_Region,114496-sample_1_lv_0046706_007,2,11.65829,6.990094,0,493,F2
Sample_007_Region,114497-sample_1_lv_0046706_007,7,15.2675295,12.339544,0,265,Undifferentiated_KC
Sample_007_Region,114498-sample_1_lv_0046706_007,6,13.154519,15.35917,0,120,Undifferentiated_KC
Sample_007_Region,114499-sample_1_lv_0046706_007,4,14.228199,8.731876,0,170,Undifferentiated_KC
Sample_007_Region,114500-sample_1_lv_0046706_007,0,-4.2609205,6.5099583,0,227,Undifferentiated_KC
Sample_007_Region,114501-sample_1_lv_0046706_007,0,-4.5741506,8.252237,0,184,Undifferentiated_KC
Sample_007_Region,114502-sample_1_lv_0046706_007,7,14.502931,12.392709,0,174,Mono_mac
Sample_007_Region,114503-sample_1_lv_0046706_007,31,10.728192,-1.4269712,0,163,Undifferentiated_KC
Sample_007_Region,114504-sample_1_lv_0046706_007,19,20.223734,13.56058,0,298,F1
Sample_007_Region,114505-sample_1_lv_0046706_007,33,0.8601353,21.105207,0,402,Undifferentiated_KC
Sample_007_Region,114506-sample_1_lv_0046706_007,0,-6.4831023,9.098016,0,276,Undifferentiated_KC
Sample_007_Region,114507-sample_1_lv_0046706_007,1,12.277951,9.8894005,0,133,Undifferentiated_KC
Sample_007_Region,114508-sample_1_lv_0046706_007,29,3.6866329,3.561821,0,95,Undifferentiated_KC
Sample_007_Region,114509-sample_1_lv_0046706_007,4,14.984088,6.847306,0,148,Undifferentiated_KC
Sample_007_Region,114510-sample_1_lv_0046706_007,29,2.901479,3.0450945,0,158,Undifferentiated_KC
Sample_007_Region,114511-sample_1_lv_0046706_007,6,13.899794,14.655924,0,308,Undifferentiated_KC
Sample_007_Region,114512-sample_1_lv_0046706_007,7,15.17739,12.354947,0,214,Undifferentiated_KC
Sample_007_Region,114513-sample_1_lv_0046706_007,15,6.117979,2.419695,0,226,Undifferentiated_KC
Sample_007_Region,114514-sample_1_lv_0046706_007,7,16.47075,12.354462,0,163,Undifferentiated_KC
Sample_007_Region,114515-sample_1_lv_0046706_007,7,14.332094,11.940317,0,319,Undifferentiated_KC
Sample_007_Region,114516-sample_1_lv_0046706_007,7,4.3794494,7.8404427,0,74,Undifferentiated_KC
Sample_007_Region,114517-sample_1_lv_0046706_007,0,-5.9477,6.95321,0,38,Undifferentiated_KC
Sample_007_Region,114518-sample_1_lv_0046706_007,0,-5.5191545,8.019786,0,30,Differentiated_KC
Sample_007_Region,114519-sample_1_lv_0046706_007,0,-5.024148,6.6613555,0,77,Undifferentiated_KC
Sample_007_Region,114520-sample_1_lv_0046706_007,5,9.027488,2.6439874,0,129,Mono_mac
Sample_007_Region,114521-sample_1_lv_0046706_007,5,13.234629,3.1703362,0,149,Pericyte_2
Sample_007_Region,114522-sample_1_lv_0046706_007,5,8.2962,3.3534307,0,155,Pericyte_1
Sample_007_Region,114523-sample_1_lv_0046706_007,13,8.976459,10.863071,0,402,Pericyte_1
Sample_007_Region,114524-sample_1_lv_0046706_007,4,15.310641,8.425304,0,213,Mono_mac
Sample_007_Region,114525-sample_1_lv_0046706_007,12,13.036877,8.025637,0,163,F1
Sample_007_Region,114526-sample_1_lv_0046706_007,12,13.143359,7.710673,0,44,DC2
Sample_007_Region,114527-sample_1_lv_0046706_007,2,9.187897,7.137193,0,571,F3
Sample_007_Region,114528-sample_1_lv_0046706_007,3,7.582022,5.783602,0,145,F1
Sample_007_Region,114529-sample_1_lv_0046706_007,9,9.497249,13.205486,0,330,F2
Sample_007_Region,114531-sample_1_lv_0046706_007,30,19.607956,3.5554502,0,127,F3
Sample_007_Region,114532-sample_1_lv_0046706_007,4,15.359857,9.361487,0,105,F1
Sample_007_Region,114533-sample_1_lv_0046706_007,14,10.780494,4.28678,0,111,F2
Sample_007_Region,114534-sample_1_lv_0046706_007,0,-5.4058237,7.757583,0,92,F1
Sample_007_Region,114535-sample_1_lv_0046706_007,0,-3.4530594,9.033509,0,182,F2
Sample_007_Region,114536-sample_1_lv_0046706_007,9,8.998055,15.29639,0,57,F3
Sample_007_Region,114537-sample_1_lv_0046706_007,8,12.384541,1.2960119,0,386,F2
Sample_007_Region,114538-sample_1_lv_0046706_007,0,-3.4972663,6.202798,0,143,F2
Sample_007_Region,114539-sample_1_lv_0046706_007,11,10.889493,10.748711,0,112,Undifferentiated_KC
Sample_007_Region,114540-sample_1_lv_0046706_007,31,10.450265,-2.0802674,0,170,Macro_1
Sample_007_Region,114541-sample_1_lv_0046706_007,0,-4.597864,6.498842,0,259,Undifferentiated_KC
Sample_007_Region,114542-sample_1_lv_0046706_007,20,16.294174,14.89462,0,336,Undifferentiated_KC
Sample_007_Region,114543-sample_1_lv_0046706_007,29,13.140225,-1.9982572,0,315,Undifferentiated_KC
Sample_007_Region,114544-sample_1_lv_0046706_007,8,12.17794,0.67119944,0,398,Undifferentiated_KC
Sample_007_Region,114545-sample_1_lv_0046706_007,24,5.9139905,-2.3355646,0,297,Undifferentiated_KC
Sample_007_Region,114546-sample_1_lv_0046706_007,14,11.133021,3.7979903,0,330,Undifferentiated_KC
Sample_007_Region,114547-sample_1_lv_0046706_007,23,6.070042,18.058714,0,544,Undifferentiated_KC
Sample_007_Region,114548-sample_1_lv_0046706_007,0,-4.2644606,7.7675967,0,26,Undifferentiated_KC
Sample_007_Region,114549-sample_1_lv_0046706_007,0,-3.6219683,5.899045,0,204,MigDC
Sample_007_Region,114550-sample_1_lv_0046706_007,6,12.100574,13.139705,0,434,Undifferentiated_KC
Sample_007_Region,114551-sample_1_lv_0046706_007,0,-3.2954922,6.935743,0,129,F2
Sample_007_Region,114552-sample_1_lv_0046706_007,1,12.27173,10.419286,0,476,F2
Sample_007_Region,114553-sample_1_lv_0046706_007,12,13.462727,6.3722386,0,90,F2
Sample_007_Region,114554-sample_1_lv_0046706_007,17,3.1666517,14.1127,0,84,F1
Sample_007_Region,114555-sample_1_lv_0046706_007,30,20.103426,3.8674712,0,62,F1
Sample_007_Region,114556-sample_1_lv_0046706_007,0,-4.0164757,7.178793,0,12,F1
Sample_007_Region,114557-sample_1_lv_0046706_007,17,5.1811624,9.751492,0,410,F2
Sample_007_Region,114558-sample_1_lv_0046706_007,0,-3.8917365,7.916943,0,150,F2
Sample_007_Region,114559-sample_1_lv_0046706_007,17,1.6027662,13.665188,0,358,F2
Sample_007_Region,114560-sample_1_lv_0046706_007,0,-3.1026733,6.947587,0,16,VE2
Sample_007_Region,114561-sample_1_lv_0046706_007,25,9.4714575,22.061934,0,535,F2
Sample_007_Region,114562-sample_1_lv_0046706_007,13,7.5464864,13.180405,0,101,F1
Sample_007_Region,114563-sample_1_lv_0046706_007,10,13.575414,8.7508135,0,346,Mono_mac
Sample_007_Region,114564-sample_1_lv_0046706_007,3,8.108926,5.2777476,0,299,F1
Sample_007_Region,114565-sample_1_lv_0046706_007,0,-4.6094766,6.735671,0,80,F1
Sample_007_Region,114566-sample_1_lv_0046706_007,2,12.4180565,7.30599,0,95,F1
Sample_007_Region,114567-sample_1_lv_0046706_007,1,11.515009,11.609776,0,86,Mono_mac
Sample_007_Region,114568-sample_1_lv_0046706_007,0,-5.4542036,8.713622,0,311,VE3
Sample_007_Region,114569-sample_1_lv_0046706_007,0,-5.2858224,8.595506,0,3,Differentiated_KC
Sample_007_Region,114570-sample_1_lv_0046706_007,0,-3.3563132,6.1091456,0,51,Differentiated_KC
Sample_007_Region,114571-sample_1_lv_0046706_007,0,-6.6407733,8.302679,0,20,Differentiated_KC
Sample_007_Region,114572-sample_1_lv_0046706_007,0,-4.8874407,7.846552,0,51,Differentiated_KC
Sample_007_Region,114573-sample_1_lv_0046706_007,0,-5.246126,5.443138,0,84,Differentiated_KC
Sample_007_Region,114574-sample_1_lv_0046706_007,7,4.2963824,8.22909,0,12,Differentiated_KC
Sample_007_Region,114575-sample_1_lv_0046706_007,7,3.4694757,6.003108,0,138,Undifferentiated_KC
Sample_007_Region,114576-sample_1_lv_0046706_007,0,-6.41781,8.065769,0,4,Differentiated_KC
Sample_007_Region,114577-sample_1_lv_0046706_007,7,3.755243,6.6565175,0,51,Undifferentiated_KC
Sample_007_Region,114578-sample_1_lv_0046706_007,7,4.2818255,7.5875177,0,111,Undifferentiated_KC
Sample_007_Region,114579-sample_1_lv_0046706_007,37,-2.6349127,9.203483,0,52,Undifferentiated_KC
Sample_007_Region,114580-sample_1_lv_0046706_007,0,-5.078282,7.4518704,0,41,Undifferentiated_KC
Sample_007_Region,114581-sample_1_lv_0046706_007,0,-3.6987565,8.136349,0,120,Undifferentiated_KC
Sample_007_Region,114582-sample_1_lv_0046706_007,0,-5.199616,6.4560027,0,8,Differentiated_KC
Sample_007_Region,114583-sample_1_lv_0046706_007,20,16.217785,14.746806,0,59,moDC
Sample_007_Region,114584-sample_1_lv_0046706_007,32,1.8082938,11.290942,0,314,F1
Sample_007_Region,114585-sample_1_lv_0046706_007,18,18.529371,2.7067926,0,31,LE1
Sample_007_Region,114586-sample_1_lv_0046706_007,19,20.012142,11.579684,0,49,moDC
Sample_007_Region,114587-sample_1_lv_0046706_007,18,14.645324,2.3954928,0,140,Tc
Sample_007_Region,114588-sample_1_lv_0046706_007,19,19.828524,11.280873,0,408,MigDC
Sample_007_Region,114589-sample_1_lv_0046706_007,3,11.163013,5.514871,0,85,Tc
Sample_007_Region,114590-sample_1_lv_0046706_007,5,13.713427,4.3497043,0,108,Macro_1
Sample_007_Region,114591-sample_1_lv_0046706_007,9,10.063014,13.521675,0,304,Mono_mac
Sample_007_Region,114592-sample_1_lv_0046706_007,12,13.352787,7.455629,0,102,Macro_1
Sample_007_Region,114593-sample_1_lv_0046706_007,3,11.463841,5.5689683,0,129,LE2
Sample_007_Region,114594-sample_1_lv_0046706_007,0,-5.184774,8.840793,0,49,F3
Sample_007_Region,114595-sample_1_lv_0046706_007,27,0.86508024,2.2414508,0,19,Macro_1
Sample_007_Region,114596-sample_1_lv_0046706_007,35,10.939086,16.615665,0,31,Macro_1
Sample_007_Region,114597-sample_1_lv_0046706_007,29,3.4074323,4.874271,0,215,Undifferentiated_KC
Sample_007_Region,114598-sample_1_lv_0046706_007,7,14.330598,11.86925,0,418,Undifferentiated_KC
Sample_007_Region,114599-sample_1_lv_0046706_007,7,4.3583884,8.306504,0,34,Differentiated_KC
Sample_007_Region,114600-sample_1_lv_0046706_007,0,-4.9118023,8.225705,0,14,Differentiated_KC
Sample_007_Region,114601-sample_1_lv_0046706_007,7,4.2179728,8.217935,0,5,Differentiated_KC
Sample_007_Region,114602-sample_1_lv_0046706_007,0,-6.094719,9.091525,0,23,Differentiated_KC
Sample_007_Region,114603-sample_1_lv_0046706_007,29,2.5496454,3.258554,0,225,Undifferentiated_KC
Sample_007_Region,114604-sample_1_lv_0046706_007,29,3.3806279,3.5238929,0,83,Undifferentiated_KC
Sample_007_Region,114605-sample_1_lv_0046706_007,7,15.664982,12.901215,0,150,Undifferentiated_KC
Sample_007_Region,114606-sample_1_lv_0046706_007,29,2.4716644,3.258375,0,163,Differentiated_KC
Sample_007_Region,114607-sample_1_lv_0046706_007,7,14.914149,11.089387,0,230,Undifferentiated_KC
Sample_007_Region,114608-sample_1_lv_0046706_007,0,-3.622417,8.619969,0,129,Undifferentiated_KC
Sample_007_Region,114609-sample_1_lv_0046706_007,29,3.0435154,2.4721403,0,223,Undifferentiated_KC
Sample_007_Region,114610-sample_1_lv_0046706_007,1,12.26169,9.591585,0,178,Undifferentiated_KC
Sample_007_Region,114611-sample_1_lv_0046706_007,0,-6.3389606,7.2744036,0,140,Undifferentiated_KC
Sample_007_Region,114612-sample_1_lv_0046706_007,0,-4.2396154,9.584514,0,121,Undifferentiated_KC
Sample_007_Region,114613-sample_1_lv_0046706_007,6,12.321778,13.538045,0,237,Undifferentiated_KC
Sample_007_Region,114614-sample_1_lv_0046706_007,10,13.973682,10.130854,0,656,Undifferentiated_KC
Sample_007_Region,114615-sample_1_lv_0046706_007,6,12.625914,14.134197,0,317,Undifferentiated_KC
Sample_007_Region,114616-sample_1_lv_0046706_007,7,14.874499,11.673338,0,533,Undifferentiated_KC
Sample_007_Region,114617-sample_1_lv_0046706_007,0,-5.759481,8.442315,0,99,Undifferentiated_KC
Sample_007_Region,114618-sample_1_lv_0046706_007,20,16.855465,14.788555,0,335,Undifferentiated_KC
Sample_007_Region,114619-sample_1_lv_0046706_007,0,-4.543069,6.830464,0,148,Undifferentiated_KC
Sample_007_Region,114620-sample_1_lv_0046706_007,7,16.224318,12.300682,0,227,Undifferentiated_KC
Sample_007_Region,114621-sample_1_lv_0046706_007,29,3.0105157,2.8685236,0,238,Undifferentiated_KC
Sample_007_Region,114622-sample_1_lv_0046706_007,11,10.214912,10.468341,0,211,Undifferentiated_KC
Sample_007_Region,114623-sample_1_lv_0046706_007,0,-4.7438745,6.3372416,0,57,Undifferentiated_KC
Sample_007_Region,114624-sample_1_lv_0046706_007,0,-3.2386913,7.4476686,0,19,Undifferentiated_KC
Sample_007_Region,114625-sample_1_lv_0046706_007,7,15.929331,11.688696,0,179,Undifferentiated_KC
Sample_007_Region,114626-sample_1_lv_0046706_007,0,-4.8519607,7.573239,0,179,Undifferentiated_KC
Sample_007_Region,114627-sample_1_lv_0046706_007,0,-4.58223,6.625351,0,152,Undifferentiated_KC
Sample_007_Region,114628-sample_1_lv_0046706_007,0,-5.0480494,5.5700054,0,283,F1
Sample_007_Region,114629-sample_1_lv_0046706_007,5,13.396111,3.8165972,0,567,Mono_mac
Sample_007_Region,114630-sample_1_lv_0046706_007,12,13.433807,6.760048,0,286,F1
Sample_007_Region,114631-sample_1_lv_0046706_007,5,12.910579,3.442045,0,716,Mono_mac
Sample_007_Region,114632-sample_1_lv_0046706_007,11,13.36234,8.889553,0,415,VE3
Sample_007_Region,114633-sample_1_lv_0046706_007,2,9.526035,7.36538,0,121,Tc
Sample_007_Region,114634-sample_1_lv_0046706_007,6,12.1387005,13.333617,0,303,F2
Sample_007_Region,114635-sample_1_lv_0046706_007,25,9.314511,22.039276,0,670,F2
Sample_007_Region,114636-sample_1_lv_0046706_007,29,13.230969,-2.0520763,0,313,VE2
Sample_007_Region,114637-sample_1_lv_0046706_007,0,-5.907834,6.6180854,0,227,F3
Sample_007_Region,114638-sample_1_lv_0046706_007,3,8.236134,5.8273754,0,634,F3
Sample_007_Region,114639-sample_1_lv_0046706_007,1,8.445772,6.6198826,0,315,F2
Sample_007_Region,114640-sample_1_lv_0046706_007,1,7.621574,7.9871063,0,147,F2
Sample_007_Region,114641-sample_1_lv_0046706_007,1,9.031915,7.978438,0,49,F1
Sample_007_Region,114642-sample_1_lv_0046706_007,24,11.695405,-2.7992003,0,89,Th
Sample_007_Region,114643-sample_1_lv_0046706_007,2,9.935581,6.340588,0,142,F3
Sample_007_Region,114644-sample_1_lv_0046706_007,15,4.7947464,11.063899,0,51,F1
Sample_007_Region,114645-sample_1_lv_0046706_007,0,-6.3466253,6.540066,0,63,F1
Sample_007_Region,114646-sample_1_lv_0046706_007,24,5.8678217,-2.4046824,0,609,F2
Sample_007_Region,114647-sample_1_lv_0046706_007,0,-6.1003423,5.740133,0,106,F1
Sample_007_Region,114648-sample_1_lv_0046706_007,3,5.7942033,4.2452426,0,109,Mono_mac
Sample_007_Region,114649-sample_1_lv_0046706_007,15,4.8219647,11.740655,0,69,F1
Sample_007_Region,114650-sample_1_lv_0046706_007,5,10.145467,3.6729438,0,101,F1
Sample_007_Region,114651-sample_1_lv_0046706_007,8,12.685444,1.6233464,0,195,F1
Sample_007_Region,114652-sample_1_lv_0046706_007,21,16.128954,17.140879,0,302,Mono_mac
Sample_007_Region,114653-sample_1_lv_0046706_007,0,-4.792111,9.225121,0,302,F1
Sample_007_Region,114654-sample_1_lv_0046706_007,4,15.603718,7.174166,0,109,F1
Sample_007_Region,114655-sample_1_lv_0046706_007,0,-3.68381,6.317765,0,45,F1
Sample_007_Region,114656-sample_1_lv_0046706_007,18,16.239641,2.0232153,0,514,Mono_mac
Sample_007_Region,114657-sample_1_lv_0046706_007,16,6.8517256,6.969443,0,124,F1
Sample_007_Region,114658-sample_1_lv_0046706_007,12,13.460284,6.269847,0,321,Macro_1
Sample_007_Region,114659-sample_1_lv_0046706_007,1,12.201427,10.638022,0,800,F1
Sample_007_Region,114660-sample_1_lv_0046706_007,2,10.015194,6.5237703,0,277,F3
Sample_007_Region,114661-sample_1_lv_0046706_007,1,12.6292305,9.592624,0,545,F1
Sample_007_Region,114662-sample_1_lv_0046706_007,3,8.247951,5.477649,0,153,F1
Sample_007_Region,114663-sample_1_lv_0046706_007,2,9.9658165,6.356141,0,176,F3
Sample_007_Region,114664-sample_1_lv_0046706_007,19,19.71003,11.121715,0,136,Mono_mac
Sample_007_Region,114665-sample_1_lv_0046706_007,19,19.702698,11.179761,0,718,Tc
Sample_007_Region,114666-sample_1_lv_0046706_007,2,11.28056,6.87396,0,252,Macro_1
Sample_007_Region,114667-sample_1_lv_0046706_007,25,19.100525,13.7050085,0,442,F1
Sample_007_Region,114668-sample_1_lv_0046706_007,30,15.60617,1.0346938,0,471,F2
Sample_007_Region,114669-sample_1_lv_0046706_007,12,12.787642,7.821132,0,144,Macro_1
Sample_007_Region,114670-sample_1_lv_0046706_007,10,13.641513,10.22456,0,436,F1
Sample_007_Region,114671-sample_1_lv_0046706_007,2,9.526848,12.580437,0,878,F1
Sample_007_Region,114672-sample_1_lv_0046706_007,2,10.136249,6.4977837,0,279,Macro_1
Sample_007_Region,114673-sample_1_lv_0046706_007,12,15.793058,4.961729,0,90,Macro_1
Sample_007_Region,114674-sample_1_lv_0046706_007,8,9.706811,1.5402476,0,249,F1
Sample_007_Region,114675-sample_1_lv_0046706_007,3,8.409149,5.248026,0,133,F3
Sample_007_Region,114676-sample_1_lv_0046706_007,14,12.458425,5.6407385,0,344,F2
Sample_007_Region,114677-sample_1_lv_0046706_007,4,14.529591,8.522371,0,45,Tc
Sample_007_Region,114678-sample_1_lv_0046706_007,2,10.689908,6.803113,0,202,F1
Sample_007_Region,114679-sample_1_lv_0046706_007,2,10.896045,7.6018844,0,1550,F1
Sample_007_Region,114680-sample_1_lv_0046706_007,2,11.4709635,6.740371,0,375,ILC1_3
Sample_007_Region,114681-sample_1_lv_0046706_007,2,9.391553,12.480448,0,1159,F1
Sample_007_Region,114682-sample_1_lv_0046706_007,12,12.381449,7.4942646,0,819,F3
Sample_007_Region,114683-sample_1_lv_0046706_007,3,7.4652205,4.90693,0,185,F1
Sample_007_Region,114684-sample_1_lv_0046706_007,0,-6.5675364,7.6405134,0,155,Pericyte_1
Sample_007_Region,114685-sample_1_lv_0046706_007,23,6.3589044,18.248158,0,635,Pericyte_1
Sample_007_Region,114686-sample_1_lv_0046706_007,4,14.8938,6.557971,0,209,F3
Sample_007_Region,114688-sample_1_lv_0046706_007,0,-5.032278,8.396375,0,404,F1
Sample_007_Region,114689-sample_1_lv_0046706_007,16,5.8940797,6.2782106,0,734,F1
Sample_007_Region,114690-sample_1_lv_0046706_007,1,9.704648,8.544654,0,465,Th
Sample_007_Region,114691-sample_1_lv_0046706_007,6,13.106715,15.447862,0,306,F2
Sample_007_Region,114692-sample_1_lv_0046706_007,34,2.5145445,17.425657,0,66,Pericyte_2
Sample_007_Region,114693-sample_1_lv_0046706_007,8,12.157901,1.5691298,0,337,Pericyte_1
Sample_007_Region,114694-sample_1_lv_0046706_007,0,-2.5527613,7.098519,0,177,Pericyte_1
Sample_007_Region,114695-sample_1_lv_0046706_007,0,-5.331309,7.3376384,0,1,Th
Sample_007_Region,114696-sample_1_lv_0046706_007,16,5.9608874,7.195981,0,473,Pericyte_1
Sample_007_Region,114697-sample_1_lv_0046706_007,9,10.177312,14.960417,0,786,F2
Sample_007_Region,114698-sample_1_lv_0046706_007,4,16.134108,9.723167,0,52,Macro_1
Sample_007_Region,114699-sample_1_lv_0046706_007,5,12.149792,5.4318333,0,962,ILC1_3
Sample_007_Region,114700-sample_1_lv_0046706_007,3,8.157639,4.168457,0,50,Macro_1
Sample_007_Region,114701-sample_1_lv_0046706_007,16,5.220948,6.6510005,0,217,Pericyte_1
Sample_007_Region,114702-sample_1_lv_0046706_007,27,1.3637463,5.1449966,0,280,Mono_mac
Sample_007_Region,114703-sample_1_lv_0046706_007,9,9.209503,14.366764,0,391,Mono_mac
Sample_007_Region,114704-sample_1_lv_0046706_007,5,12.638742,6.2947087,0,491,Mono_mac
Sample_007_Region,114705-sample_1_lv_0046706_007,16,6.326354,7.046843,0,355,Pericyte_1
Sample_007_Region,114706-sample_1_lv_0046706_007,4,13.95203,6.3540606,0,1058,F3
Sample_007_Region,114707-sample_1_lv_0046706_007,10,12.538131,9.0048,0,327,Mono_mac
Sample_007_Region,114708-sample_1_lv_0046706_007,12,13.417591,6.5017223,0,329,F1
Sample_007_Region,114709-sample_1_lv_0046706_007,1,12.673585,10.015621,0,135,F1
Sample_007_Region,114710-sample_1_lv_0046706_007,4,16.49045,6.818258,0,25,Th
Sample_007_Region,114711-sample_1_lv_0046706_007,4,15.335062,6.5107265,0,769,F1
Sample_007_Region,114712-sample_1_lv_0046706_007,1,12.523384,11.023471,0,78,F1
Sample_007_Region,114713-sample_1_lv_0046706_007,2,11.2704,6.4961057,0,43,F1
Sample_007_Region,114714-sample_1_lv_0046706_007,4,15.2240925,8.983718,0,40,Tc
Sample_007_Region,114715-sample_1_lv_0046706_007,1,12.608452,11.17617,0,14,Undifferentiated_KC
Sample_007_Region,114716-sample_1_lv_0046706_007,12,13.24018,6.808992,0,558,Mono_mac
Sample_007_Region,114717-sample_1_lv_0046706_007,0,-4.576989,6.4228005,0,625,Pericyte_1
Sample_007_Region,114718-sample_1_lv_0046706_007,27,1.4023889,4.987413,0,320,Pericyte_1
Sample_007_Region,114719-sample_1_lv_0046706_007,0,-4.5506735,6.8947763,0,237,Pericyte_2
Sample_007_Region,114720-sample_1_lv_0046706_007,5,12.754653,5.869661,0,715,F3
Sample_007_Region,114721-sample_1_lv_0046706_007,10,12.873975,9.05281,0,461,Pericyte_1
Sample_007_Region,114722-sample_1_lv_0046706_007,26,7.414361,-5.598579,0,695,Pericyte_1
Sample_007_Region,114723-sample_1_lv_0046706_007,26,10.152069,-4.6946306,0,751,Pericyte_2
Sample_007_Region,114724-sample_1_lv_0046706_007,0,-4.5975776,6.9738727,0,183,Pericyte_1
Sample_007_Region,114725-sample_1_lv_0046706_007,0,-3.300874,9.0164385,0,296,VE2
Sample_007_Region,114726-sample_1_lv_0046706_007,5,12.418177,6.1035686,0,1631,Pericyte_1
Sample_007_Region,114727-sample_1_lv_0046706_007,15,4.8754506,2.1066346,0,273,F1
Sample_007_Region,114728-sample_1_lv_0046706_007,4,15.194776,9.484933,0,987,Pericyte_1
Sample_007_Region,114729-sample_1_lv_0046706_007,0,-3.690282,7.0017285,0,519,Pericyte_1
Sample_007_Region,114730-sample_1_lv_0046706_007,2,9.360945,7.216002,0,341,F1
Sample_007_Region,114731-sample_1_lv_0046706_007,13,9.19885,11.942641,0,362,F1
Sample_007_Region,114732-sample_1_lv_0046706_007,23,6.605971,19.656916,0,433,F1
Sample_007_Region,114733-sample_1_lv_0046706_007,13,9.312441,9.575357,0,605,F2
Sample_007_Region,114734-sample_1_lv_0046706_007,2,9.969939,6.2106304,0,136,F1
Sample_007_Region,114735-sample_1_lv_0046706_007,2,9.475223,6.8989277,0,551,F1
Sample_007_Region,114736-sample_1_lv_0046706_007,9,9.132136,14.527942,0,152,F2
Sample_007_Region,114737-sample_1_lv_0046706_007,19,19.89123,13.58351,0,949,F1
Sample_007_Region,114738-sample_1_lv_0046706_007,0,-5.296384,8.058173,0,91,Mono_mac
Sample_007_Region,114739-sample_1_lv_0046706_007,12,13.094915,7.342143,0,434,F1
Sample_007_Region,114740-sample_1_lv_0046706_007,4,14.295044,8.271242,0,226,F1
Sample_007_Region,114741-sample_1_lv_0046706_007,2,11.299163,7.4594517,0,38,F1
Sample_007_Region,114742-sample_1_lv_0046706_007,33,0.7373975,20.843546,0,122,Macro_1
Sample_007_Region,114743-sample_1_lv_0046706_007,27,-0.34981155,0.42139122,0,129,Pericyte_1
Sample_007_Region,114744-sample_1_lv_0046706_007,0,-6.063026,6.226586,0,189,Pericyte_1
Sample_007_Region,114745-sample_1_lv_0046706_007,10,13.818128,9.569538,0,335,Pericyte_1
Sample_007_Region,114746-sample_1_lv_0046706_007,0,-2.6106846,7.2192736,0,416,F2
Sample_007_Region,114747-sample_1_lv_0046706_007,13,9.147084,11.723046,0,340,F2
Sample_007_Region,114748-sample_1_lv_0046706_007,0,-2.1494956,7.6051207,0,8,Macro_1
Sample_007_Region,114749-sample_1_lv_0046706_007,0,-4.257762,7.7095942,0,3,Differentiated_KC
Sample_007_Region,114750-sample_1_lv_0046706_007,3,8.110818,4.314601,0,29,Mono_mac
Sample_007_Region,114765-sample_1_lv_0046706_007,27,0.88812184,2.2771556,0,17,F1
Sample_007_Region,114766-sample_1_lv_0046706_007,15,4.9127636,10.862406,0,55,F1
Sample_007_Region,114767-sample_1_lv_0046706_007,0,-4.9231367,8.3815775,0,270,Pericyte_1
Sample_007_Region,114768-sample_1_lv_0046706_007,16,5.4176245,6.694864,0,275,F3
Sample_007_Region,114769-sample_1_lv_0046706_007,26,7.441324,-3.356393,0,122,F1
Sample_007_Region,114770-sample_1_lv_0046706_007,17,2.026673,8.673805,0,14,F1
Sample_007_Region,114771-sample_1_lv_0046706_007,10,13.37838,10.504616,0,919,F1
Sample_007_Region,114772-sample_1_lv_0046706_007,17,2.3551555,14.05778,0,124,F3
Sample_007_Region,114773-sample_1_lv_0046706_007,16,5.436963,7.5608478,0,62,F1
Sample_007_Region,114774-sample_1_lv_0046706_007,0,-3.039399,8.781405,0,88,F1
Sample_007_Region,114775-sample_1_lv_0046706_007,0,-6.0371895,7.8889036,0,323,Pericyte_1
Sample_007_Region,114776-sample_1_lv_0046706_007,5,12.203462,5.4170976,0,1001,VE2
Sample_007_Region,114777-sample_1_lv_0046706_007,0,-5.2377105,8.261139,0,411,F2
Sample_007_Region,114778-sample_1_lv_0046706_007,16,5.9564977,7.249496,0,413,F3
Sample_007_Region,114779-sample_1_lv_0046706_007,1,10.674111,8.526992,0,347,Mono_mac
Sample_007_Region,114780-sample_1_lv_0046706_007,4,13.677768,9.292983,0,411,Pericyte_1
Sample_007_Region,114781-sample_1_lv_0046706_007,0,-4.46942,5.486424,0,403,Pericyte_1
Sample_007_Region,114782-sample_1_lv_0046706_007,9,10.22818,14.033573,0,132,Mono_mac
Sample_007_Region,114783-sample_1_lv_0046706_007,18,16.231194,2.1072571,0,204,F3
Sample_007_Region,114784-sample_1_lv_0046706_007,0,-4.5348673,6.183464,0,348,F1
Sample_007_Region,114785-sample_1_lv_0046706_007,0,-5.14134,8.846801,0,183,Th
Sample_007_Region,114786-sample_1_lv_0046706_007,16,5.974921,7.2036424,0,275,F3
Sample_007_Region,114787-sample_1_lv_0046706_007,9,8.8233795,14.6505785,0,227,F2
Sample_007_Region,114788-sample_1_lv_0046706_007,3,5.160358,4.6261315,0,163,Mono_mac
Sample_007_Region,114789-sample_1_lv_0046706_007,1,8.848646,9.415102,0,326,Pericyte_1
Sample_007_Region,114790-sample_1_lv_0046706_007,0,-5.707711,7.599359,0,302,Mono_mac
Sample_007_Region,114791-sample_1_lv_0046706_007,3,5.351758,4.958142,0,165,Mono_mac
Sample_007_Region,114792-sample_1_lv_0046706_007,5,12.254226,5.486431,0,666,Mono_mac
Sample_007_Region,114793-sample_1_lv_0046706_007,0,-5.185369,8.552803,0,180,Pericyte_1
Sample_007_Region,114794-sample_1_lv_0046706_007,18,16.529459,1.487064,0,338,F3
Sample_007_Region,114795-sample_1_lv_0046706_007,16,6.9845214,7.230797,0,322,Pericyte_1
Sample_007_Region,114796-sample_1_lv_0046706_007,20,16.753578,15.11366,0,156,F3
Sample_007_Region,114797-sample_1_lv_0046706_007,3,7.481586,4.6602798,0,420,Mono_mac
Sample_007_Region,114798-sample_1_lv_0046706_007,2,10.161668,6.2118554,0,315,Macro_1
Sample_007_Region,114799-sample_1_lv_0046706_007,9,9.601672,13.631122,0,318,F2
Sample_007_Region,114800-sample_1_lv_0046706_007,3,8.840013,6.42328,0,634,F1
Sample_007_Region,114801-sample_1_lv_0046706_007,3,8.076729,5.468425,0,479,Schwann_1
Sample_007_Region,114802-sample_1_lv_0046706_007,19,19.779388,13.380443,0,283,F1
Sample_007_Region,114803-sample_1_lv_0046706_007,2,11.059821,7.9865346,0,384,F1
Sample_007_Region,114804-sample_1_lv_0046706_007,2,10.8688135,6.9125476,0,102,F2
Sample_007_Region,114805-sample_1_lv_0046706_007,31,11.23499,-2.1365929,0,164,Macro_1
Sample_007_Region,114806-sample_1_lv_0046706_007,0,-3.8864498,9.648974,0,93,F2
Sample_007_Region,114807-sample_1_lv_0046706_007,1,11.894213,9.343324,0,256,DC2
Sample_007_Region,114808-sample_1_lv_0046706_007,1,12.350436,10.083069,0,91,Mono_mac
Sample_007_Region,114809-sample_1_lv_0046706_007,2,10.526377,7.6679015,0,1042,F2
Sample_007_Region,114810-sample_1_lv_0046706_007,1,8.76056,9.33362,0,183,Macro_1
Sample_007_Region,114811-sample_1_lv_0046706_007,4,14.793311,8.954457,0,275,F2
Sample_007_Region,114812-sample_1_lv_0046706_007,12,13.413284,7.040877,0,637,F1
Sample_007_Region,114813-sample_1_lv_0046706_007,2,10.222542,6.513062,0,463,F1
Sample_007_Region,114814-sample_1_lv_0046706_007,11,10.802684,9.822352,0,496,F2
Sample_007_Region,114815-sample_1_lv_0046706_007,0,-5.8856874,9.19155,0,96,F2
Sample_007_Region,114816-sample_1_lv_0046706_007,0,-6.1448736,5.867342,0,57,F1
Sample_007_Region,114817-sample_1_lv_0046706_007,11,10.115557,10.58418,0,99,Macro_1
Sample_007_Region,114818-sample_1_lv_0046706_007,19,20.341476,13.591086,0,427,F2
Sample_007_Region,114819-sample_1_lv_0046706_007,19,19.876984,11.189922,0,256,LE1
Sample_007_Region,114820-sample_1_lv_0046706_007,2,9.252016,6.926541,0,213,F1
Sample_007_Region,114821-sample_1_lv_0046706_007,3,11.214722,5.3317356,0,206,Mono_mac
Sample_007_Region,114822-sample_1_lv_0046706_007,11,10.806874,10.314622,0,572,F1
Sample_007_Region,114823-sample_1_lv_0046706_007,0,-3.526351,8.791556,0,144,F2
Sample_007_Region,114824-sample_1_lv_0046706_007,0,-2.685418,8.498866,0,152,Th
Sample_007_Region,114825-sample_1_lv_0046706_007,2,9.260565,6.894037,0,176,F2
Sample_007_Region,114826-sample_1_lv_0046706_007,2,10.404616,7.974181,0,445,DC2
Sample_007_Region,114827-sample_1_lv_0046706_007,20,16.607662,14.7244425,0,277,Mono_mac
Sample_007_Region,114828-sample_1_lv_0046706_007,26,8.707069,-4.8016458,0,42,F3
Sample_007_Region,114829-sample_1_lv_0046706_007,14,11.82984,2.5307481,0,167,F2
Sample_007_Region,114830-sample_1_lv_0046706_007,6,13.223371,15.225305,0,618,F2
Sample_007_Region,114831-sample_1_lv_0046706_007,9,9.220984,13.83561,0,592,F2
Sample_007_Region,114832-sample_1_lv_0046706_007,14,11.214829,3.442984,0,275,F2
Sample_007_Region,114833-sample_1_lv_0046706_007,14,10.546159,4.324194,0,557,F2
Sample_007_Region,114834-sample_1_lv_0046706_007,11,11.402386,8.562303,0,783,F1
Sample_007_Region,114835-sample_1_lv_0046706_007,23,6.5736785,19.3121,0,634,Inf_mac
Sample_007_Region,114836-sample_1_lv_0046706_007,9,8.851715,13.446898,0,307,F2
Sample_007_Region,114837-sample_1_lv_0046706_007,3,8.607512,5.4697957,0,208,DC2
Sample_007_Region,114838-sample_1_lv_0046706_007,3,8.215201,6.066929,0,64,Tc
Sample_007_Region,114839-sample_1_lv_0046706_007,19,19.812723,14.010297,0,105,F1
Sample_007_Region,114840-sample_1_lv_0046706_007,8,14.175717,-0.7662808,0,189,F1
Sample_007_Region,114841-sample_1_lv_0046706_007,25,9.786285,22.048222,0,554,Tc
Sample_007_Region,114842-sample_1_lv_0046706_007,2,11.222613,7.000473,0,476,F1
Sample_007_Region,114843-sample_1_lv_0046706_007,13,9.217757,11.245372,0,366,F3
Sample_007_Region,114844-sample_1_lv_0046706_007,25,9.657776,22.111322,0,354,F2
Sample_007_Region,114845-sample_1_lv_0046706_007,3,8.56431,6.243909,0,384,F1
Sample_007_Region,114846-sample_1_lv_0046706_007,2,10.930821,6.811279,0,109,F3
Sample_007_Region,114847-sample_1_lv_0046706_007,8,12.467149,1.284883,0,116,Mono_mac
Sample_007_Region,114848-sample_1_lv_0046706_007,33,0.85210866,20.991743,0,172,F1
Sample_007_Region,114849-sample_1_lv_0046706_007,0,-4.012468,9.965055,0,115,DC2
Sample_007_Region,114850-sample_1_lv_0046706_007,0,-5.6052446,6.892369,0,19,F1
Sample_007_Region,114851-sample_1_lv_0046706_007,17,3.7776892,13.101178,0,32,Th
Sample_007_Region,114852-sample_1_lv_0046706_007,0,-4.180431,8.540915,0,16,Mono_mac
Sample_007_Region,114853-sample_1_lv_0046706_007,4,14.043022,7.316482,0,81,Mono_mac
Sample_007_Region,114854-sample_1_lv_0046706_007,2,11.227692,8.013642,0,205,F3
Sample_007_Region,114855-sample_1_lv_0046706_007,3,6.314652,4.954525,0,96,DC2
Sample_007_Region,114856-sample_1_lv_0046706_007,12,12.668252,6.903348,0,204,F1
Sample_007_Region,114857-sample_1_lv_0046706_007,1,12.103619,7.6200747,0,474,DC2
Sample_007_Region,114858-sample_1_lv_0046706_007,27,0.18234317,0.16406266,0,85,F3
Sample_007_Region,114859-sample_1_lv_0046706_007,2,11.141535,6.767154,0,95,F2
Sample_007_Region,114860-sample_1_lv_0046706_007,0,-5.5403056,7.1462283,0,19,Mono_mac
Sample_007_Region,114861-sample_1_lv_0046706_007,3,5.5968046,5.6480136,0,189,Mono_mac
Sample_007_Region,114862-sample_1_lv_0046706_007,28,11.5523615,-7.1434813,0,77,Undifferentiated_KC
Sample_007_Region,114863-sample_1_lv_0046706_007,0,-5.8745484,9.542315,0,49,F1
Sample_007_Region,114864-sample_1_lv_0046706_007,11,10.939574,9.403831,0,356,Mono_mac
Sample_007_Region,114865-sample_1_lv_0046706_007,25,9.231017,22.042986,0,447,F2
Sample_007_Region,114866-sample_1_lv_0046706_007,2,9.447914,7.409375,0,102,F2
Sample_007_Region,114867-sample_1_lv_0046706_007,0,-4.5020933,7.809633,0,43,F1
Sample_007_Region,114868-sample_1_lv_0046706_007,1,8.453021,7.64335,0,177,Macro_1
Sample_007_Region,114869-sample_1_lv_0046706_007,0,-4.790998,5.6391125,0,131,F1
Sample_007_Region,114870-sample_1_lv_0046706_007,10,13.944734,9.872586,0,329,F3
Sample_007_Region,114871-sample_1_lv_0046706_007,16,5.7148576,6.5437045,0,299,Pericyte_2
Sample_007_Region,114872-sample_1_lv_0046706_007,12,12.903819,7.545626,0,130,Mono_mac
Sample_007_Region,114873-sample_1_lv_0046706_007,2,11.790938,7.239145,0,347,F3
Sample_007_Region,114874-sample_1_lv_0046706_007,18,16.124277,2.2823107,0,517,F2
Sample_007_Region,114875-sample_1_lv_0046706_007,14,10.579278,4.366068,0,700,F2
Sample_007_Region,114876-sample_1_lv_0046706_007,1,9.403592,8.715365,0,139,F1
Sample_007_Region,114877-sample_1_lv_0046706_007,0,-4.3455806,8.485111,0,163,F2
Sample_007_Region,114878-sample_1_lv_0046706_007,5,12.450226,5.944106,0,1137,Mono_mac
Sample_007_Region,114879-sample_1_lv_0046706_007,14,10.643909,4.550205,0,187,F1
Sample_007_Region,114880-sample_1_lv_0046706_007,5,13.977267,4.2975693,0,367,Mono_mac
Sample_007_Region,114881-sample_1_lv_0046706_007,15,6.135401,2.5434878,0,328,F2
Sample_007_Region,114882-sample_1_lv_0046706_007,10,13.957318,10.16806,0,264,F1
Sample_007_Region,114883-sample_1_lv_0046706_007,1,8.780074,7.443199,0,211,F2
Sample_007_Region,114884-sample_1_lv_0046706_007,10,13.471386,9.026847,0,263,ILC1_3
Sample_007_Region,114885-sample_1_lv_0046706_007,28,8.241052,-7.7912955,0,24,F1
Sample_007_Region,114886-sample_1_lv_0046706_007,0,-4.479959,5.852005,0,88,F2
Sample_007_Region,114887-sample_1_lv_0046706_007,20,17.156895,15.442799,0,829,F2
Sample_007_Region,114888-sample_1_lv_0046706_007,20,16.617788,14.773256,0,119,F3
Sample_007_Region,114889-sample_1_lv_0046706_007,20,16.60431,14.972542,0,291,F1
Sample_007_Region,114890-sample_1_lv_0046706_007,3,7.3075385,5.3855205,0,303,F1
Sample_007_Region,114891-sample_1_lv_0046706_007,3,7.9103637,5.397788,0,468,F1
Sample_007_Region,114892-sample_1_lv_0046706_007,16,5.8374352,7.131586,0,185,F3
Sample_007_Region,114893-sample_1_lv_0046706_007,23,6.434786,19.583406,0,666,F3
Sample_007_Region,114894-sample_1_lv_0046706_007,13,8.173962,11.926765,0,29,Macro_1
Sample_007_Region,114895-sample_1_lv_0046706_007,23,6.2043877,18.320847,0,264,F2
Sample_007_Region,114896-sample_1_lv_0046706_007,1,8.518347,6.7017303,0,127,F1
Sample_007_Region,114897-sample_1_lv_0046706_007,16,7.5098357,6.99196,0,178,F1
Sample_007_Region,114898-sample_1_lv_0046706_007,14,11.561564,3.7833977,0,102,Schwann_1
Sample_007_Region,114899-sample_1_lv_0046706_007,5,13.074459,3.2439582,0,59,LE1
Sample_007_Region,114900-sample_1_lv_0046706_007,14,11.230709,3.2522843,0,41,F3
Sample_007_Region,114901-sample_1_lv_0046706_007,15,4.8317537,2.709065,0,55,F3
Sample_007_Region,114902-sample_1_lv_0046706_007,11,11.156024,9.357572,0,246,F1
Sample_007_Region,114903-sample_1_lv_0046706_007,14,11.832565,2.8271155,0,548,Pericyte_2
Sample_007_Region,114904-sample_1_lv_0046706_007,5,8.286897,3.6731658,0,609,VE2
Sample_007_Region,114905-sample_1_lv_0046706_007,9,9.113785,15.1520195,0,105,F1
Sample_007_Region,114906-sample_1_lv_0046706_007,0,-5.1838603,7.585149,0,201,F2
Sample_007_Region,114907-sample_1_lv_0046706_007,28,10.2698,-6.598538,0,72,Mono_mac
Sample_007_Region,114908-sample_1_lv_0046706_007,5,13.419012,5.3154798,0,177,moDC
Sample_007_Region,114909-sample_1_lv_0046706_007,1,7.6697483,8.044214,0,151,Macro_1
Sample_007_Region,114910-sample_1_lv_0046706_007,9,10.112088,14.721386,0,590,Mono_mac
Sample_007_Region,114911-sample_1_lv_0046706_007,19,19.903038,11.21781,0,458,Mono_mac
Sample_007_Region,114912-sample_1_lv_0046706_007,22,10.895816,19.43031,0,197,Pericyte_2
Sample_007_Region,114913-sample_1_lv_0046706_007,22,11.136683,19.307318,0,1162,Mono_mac
Sample_007_Region,114914-sample_1_lv_0046706_007,25,22.50442,9.755743,0,1040,VE3
Sample_007_Region,114915-sample_1_lv_0046706_007,22,10.290436,18.991196,0,1482,Mono_mac
Sample_007_Region,114916-sample_1_lv_0046706_007,1,8.302124,7.641452,0,297,Pericyte_2
Sample_007_Region,114917-sample_1_lv_0046706_007,14,12.209037,3.856339,0,250,F3
Sample_007_Region,114918-sample_1_lv_0046706_007,22,9.975462,18.717125,0,558,Mono_mac
Sample_007_Region,114919-sample_1_lv_0046706_007,22,10.0526,18.833862,0,1106,VE3
Sample_007_Region,114920-sample_1_lv_0046706_007,22,11.231214,19.452896,0,1126,Pericyte_2
Sample_007_Region,114921-sample_1_lv_0046706_007,0,-5.2951045,5.250913,0,421,Mono_mac
Sample_007_Region,114922-sample_1_lv_0046706_007,2,11.33528,6.0180445,0,114,Mono_mac
Sample_007_Region,114923-sample_1_lv_0046706_007,0,-4.9299026,8.801629,0,164,F1
Sample_007_Region,114924-sample_1_lv_0046706_007,6,12.994222,14.895209,0,1495,F2
Sample_007_Region,114925-sample_1_lv_0046706_007,0,-4.3084397,6.414316,0,142,F2
Sample_007_Region,114926-sample_1_lv_0046706_007,13,8.889552,9.845128,0,542,F2
Sample_007_Region,114927-sample_1_lv_0046706_007,19,19.94088,11.1033945,0,355,LE1
Sample_007_Region,114928-sample_1_lv_0046706_007,12,13.144801,6.897242,0,77,Macro_1
Sample_007_Region,114929-sample_1_lv_0046706_007,0,-4.4562254,4.9528627,0,143,F2
Sample_007_Region,114930-sample_1_lv_0046706_007,13,9.388548,11.574619,0,485,F1
Sample_007_Region,114931-sample_1_lv_0046706_007,12,12.838204,7.564433,0,80,ILC1_3
Sample_007_Region,114932-sample_1_lv_0046706_007,1,9.770787,8.016009,0,607,F3
Sample_007_Region,114933-sample_1_lv_0046706_007,0,-2.78982,6.7490296,0,11,Macro_1
Sample_007_Region,114934-sample_1_lv_0046706_007,22,10.99533,19.164043,0,118,F3
Sample_007_Region,114935-sample_1_lv_0046706_007,0,-5.054266,9.8650255,0,16,Macro_1
Sample_007_Region,114936-sample_1_lv_0046706_007,28,11.5485,-7.0957446,0,67,F1
Sample_007_Region,114937-sample_1_lv_0046706_007,1,9.813024,9.1711645,0,94,Th
Sample_007_Region,114938-sample_1_lv_0046706_007,2,11.242622,6.778211,0,898,F2
Sample_007_Region,114939-sample_1_lv_0046706_007,16,7.096344,6.744348,0,261,F2
Sample_007_Region,114940-sample_1_lv_0046706_007,0,-2.968097,7.984071,0,108,F2
Sample_007_Region,114941-sample_1_lv_0046706_007,24,8.724363,-0.7696394,0,73,DC2
Sample_007_Region,114942-sample_1_lv_0046706_007,2,9.789667,6.5279064,0,163,Tc
Sample_007_Region,114943-sample_1_lv_0046706_007,14,10.481551,5.430069,0,184,Tc
Sample_007_Region,114944-sample_1_lv_0046706_007,34,2.1259449,16.535173,0,62,ILC2
Sample_007_Region,114945-sample_1_lv_0046706_007,17,2.7108514,12.995228,0,49,F1
Sample_007_Region,114946-sample_1_lv_0046706_007,9,9.724243,14.515025,0,712,F2
Sample_007_Region,114947-sample_1_lv_0046706_007,8,14.442462,-0.99288636,0,115,F2
Sample_007_Region,114948-sample_1_lv_0046706_007,0,-5.5834484,7.483448,0,345,F2
Sample_007_Region,114949-sample_1_lv_0046706_007,1,9.525324,7.8019214,0,115,Mono_mac
Sample_007_Region,114950-sample_1_lv_0046706_007,0,-3.6419883,8.120959,0,274,F2
Sample_007_Region,114951-sample_1_lv_0046706_007,0,-5.4763155,5.1227574,0,147,Undifferentiated_KC
Sample_007_Region,114952-sample_1_lv_0046706_007,1,9.780715,9.164344,0,283,F3
Sample_007_Region,114953-sample_1_lv_0046706_007,28,11.0601225,-6.9411855,0,79,Mono_mac
Sample_007_Region,114954-sample_1_lv_0046706_007,2,10.08274,6.2867994,0,65,F3
Sample_007_Region,114955-sample_1_lv_0046706_007,2,12.396897,6.573266,0,140,F3
Sample_007_Region,114956-sample_1_lv_0046706_007,0,-5.1499753,7.2672644,0,76,F1
Sample_007_Region,114957-sample_1_lv_0046706_007,14,10.538584,3.3367589,0,318,Mono_mac
Sample_007_Region,114958-sample_1_lv_0046706_007,2,9.497365,7.0815115,0,184,F1
Sample_007_Region,114959-sample_1_lv_0046706_007,4,14.905108,8.75381,0,301,Mono_mac
Sample_007_Region,114960-sample_1_lv_0046706_007,19,20.369795,13.769136,0,89,VE2
Sample_007_Region,114961-sample_1_lv_0046706_007,22,9.61381,19.219936,0,887,Pericyte_2
Sample_007_Region,114962-sample_1_lv_0046706_007,3,4.303565,6.098594,0,387,Mono_mac
Sample_007_Region,114963-sample_1_lv_0046706_007,5,13.792785,4.26571,0,334,VE3
Sample_007_Region,114964-sample_1_lv_0046706_007,22,9.668963,19.208784,0,350,Mono_mac
Sample_007_Region,114965-sample_1_lv_0046706_007,0,-4.59618,7.130952,0,96,Pericyte_2
Sample_007_Region,114966-sample_1_lv_0046706_007,11,12.358487,8.876069,0,1355,VE3
Sample_007_Region,114967-sample_1_lv_0046706_007,8,12.3495,0.052074574,0,261,Pericyte_1
Sample_007_Region,114968-sample_1_lv_0046706_007,18,15.0675,3.1393137,0,240,Pericyte_1
Sample_007_Region,114969-sample_1_lv_0046706_007,8,11.797628,0.345926,0,232,Pericyte_1
Sample_007_Region,114970-sample_1_lv_0046706_007,22,10.405489,19.109722,0,687,VE2
Sample_007_Region,114971-sample_1_lv_0046706_007,22,11.365922,19.418665,0,358,Pericyte_2
Sample_007_Region,114972-sample_1_lv_0046706_007,22,10.316438,18.921034,0,550,Tc
Sample_007_Region,114973-sample_1_lv_0046706_007,22,9.737294,18.809826,0,937,VE3
Sample_007_Region,114974-sample_1_lv_0046706_007,18,14.77851,2.9286165,0,207,Macro_1
Sample_007_Region,114975-sample_1_lv_0046706_007,3,4.295578,6.137476,0,314,F3
Sample_007_Region,114976-sample_1_lv_0046706_007,3,7.9408846,5.314325,0,412,F1
Sample_007_Region,114977-sample_1_lv_0046706_007,2,11.487741,6.5805445,0,89,Mono_mac
Sample_007_Region,114978-sample_1_lv_0046706_007,26,6.9115925,-5.6650214,0,132,Mono_mac
Sample_007_Region,114979-sample_1_lv_0046706_007,31,10.432946,-1.8689699,0,126,Mono_mac
Sample_007_Region,114980-sample_1_lv_0046706_007,22,9.439517,19.32741,0,1327,Pericyte_2
Sample_007_Region,114981-sample_1_lv_0046706_007,25,22.417002,9.828852,0,1458,Mono_mac
Sample_007_Region,114982-sample_1_lv_0046706_007,22,10.345047,19.120026,0,2713,Mono_mac
Sample_007_Region,114983-sample_1_lv_0046706_007,22,9.518721,19.06438,0,923,Pericyte_2
Sample_007_Region,114984-sample_1_lv_0046706_007,8,13.059028,1.5769515,0,1133,Pericyte_1
Sample_007_Region,114985-sample_1_lv_0046706_007,22,10.225616,18.921797,0,993,Pericyte_2
Sample_007_Region,114986-sample_1_lv_0046706_007,22,9.767548,19.439034,0,1693,VE3
Sample_007_Region,114987-sample_1_lv_0046706_007,9,10.301626,13.344112,0,641,Mono_mac
Sample_007_Region,114988-sample_1_lv_0046706_007,0,-4.8141375,8.049323,0,65,F1
Sample_007_Region,114989-sample_1_lv_0046706_007,2,9.855545,6.748272,0,289,F1
Sample_007_Region,114990-sample_1_lv_0046706_007,0,-5.265369,8.207016,0,292,F1
Sample_007_Region,114991-sample_1_lv_0046706_007,9,10.663323,14.041553,0,921,F1
Sample_007_Region,114992-sample_1_lv_0046706_007,17,2.7362485,13.6837635,0,117,F1
Sample_007_Region,114993-sample_1_lv_0046706_007,22,10.379431,18.982836,0,740,VE2
Sample_007_Region,114994-sample_1_lv_0046706_007,22,10.209802,18.978968,0,264,Mono_mac
Sample_007_Region,114995-sample_1_lv_0046706_007,22,10.050728,19.023203,0,779,Mono_mac
Sample_007_Region,114996-sample_1_lv_0046706_007,0,-3.7907302,5.4849267,0,62,Mono_mac
Sample_007_Region,114997-sample_1_lv_0046706_007,22,10.105137,18.941933,0,404,Mono_mac
Sample_007_Region,114998-sample_1_lv_0046706_007,22,10.316375,18.979029,0,800,Mono_mac
Sample_007_Region,114999-sample_1_lv_0046706_007,13,9.721789,11.658753,0,148,Mono_mac
Sample_007_Region,115000-sample_1_lv_0046706_007,22,10.772333,19.2921,0,622,Pericyte_2
Sample_007_Region,115001-sample_1_lv_0046706_007,5,8.395034,3.629138,0,499,Mono_mac
Sample_007_Region,115002-sample_1_lv_0046706_007,22,10.72428,19.125929,0,90,Mono_mac
Sample_007_Region,115003-sample_1_lv_0046706_007,8,12.708496,0.98066884,0,492,VE2
Sample_007_Region,115004-sample_1_lv_0046706_007,5,9.36045,3.5998926,0,139,Pericyte_2
Sample_007_Region,115005-sample_1_lv_0046706_007,12,12.795985,7.977478,0,201,Mono_mac
Sample_007_Region,115006-sample_1_lv_0046706_007,9,9.781005,14.639227,0,343,F2
Sample_007_Region,115007-sample_1_lv_0046706_007,0,-3.3877745,8.454337,0,184,Pericyte_2
Sample_007_Region,115008-sample_1_lv_0046706_007,0,-3.5577757,7.7672563,0,254,F1
Sample_007_Region,115009-sample_1_lv_0046706_007,2,10.718383,7.146677,0,594,Mono_mac
Sample_007_Region,115010-sample_1_lv_0046706_007,12,14.541036,4.5607142,0,356,Pericyte_1
Sample_007_Region,115011-sample_1_lv_0046706_007,2,11.447464,8.219151,0,970,Mono_mac
Sample_007_Region,115012-sample_1_lv_0046706_007,2,11.466809,6.775872,0,118,F1
Sample_007_Region,115013-sample_1_lv_0046706_007,2,11.998233,8.212805,0,788,Mono_mac
Sample_007_Region,115014-sample_1_lv_0046706_007,3,7.545849,4.6556134,0,129,Mono_mac
Sample_007_Region,115015-sample_1_lv_0046706_007,2,9.930511,6.649385,0,42,F1
Sample_007_Region,115016-sample_1_lv_0046706_007,13,8.856571,10.447083,0,865,Tc
Sample_007_Region,115017-sample_1_lv_0046706_007,25,22.276785,9.756882,0,313,Mono_mac
Sample_007_Region,115018-sample_1_lv_0046706_007,8,12.644637,1.6535722,0,464,Pericyte_2
Sample_007_Region,115019-sample_1_lv_0046706_007,19,20.125725,13.7241745,0,214,Mono_mac
Sample_007_Region,115020-sample_1_lv_0046706_007,25,22.205046,9.788621,0,865,Mono_mac
Sample_007_Region,115021-sample_1_lv_0046706_007,25,22.426302,9.771056,0,1689,Mono_mac
Sample_007_Region,115022-sample_1_lv_0046706_007,25,22.487541,9.706232,0,1938,Mono_mac
Sample_007_Region,115023-sample_1_lv_0046706_007,8,13.399478,3.4068844,0,1073,Mono_mac
Sample_007_Region,115024-sample_1_lv_0046706_007,0,-5.1010065,6.1649976,0,671,Pericyte_2
Sample_007_Region,115025-sample_1_lv_0046706_007,1,7.464497,7.9928513,0,763,F3
Sample_007_Region,115026-sample_1_lv_0046706_007,23,7.7776914,18.735277,0,434,Tc
Sample_007_Region,115027-sample_1_lv_0046706_007,22,9.577006,19.4623,0,1052,Mono_mac
Sample_007_Region,115028-sample_1_lv_0046706_007,25,22.359419,9.676544,0,1103,Mono_mac
Sample_007_Region,115029-sample_1_lv_0046706_007,22,10.123645,19.049131,0,854,F1
Sample_007_Region,115030-sample_1_lv_0046706_007,2,12.01756,6.817594,0,363,Pericyte_2
Sample_007_Region,115031-sample_1_lv_0046706_007,14,12.304599,3.9835303,0,481,Pericyte_1
Sample_007_Region,115032-sample_1_lv_0046706_007,9,12.284191,6.45626,0,917,VE3
Sample_007_Region,115033-sample_1_lv_0046706_007,14,10.79619,3.9947214,0,198,Undifferentiated_KC
Sample_007_Region,115034-sample_1_lv_0046706_007,14,11.264791,3.7863085,0,271,Undifferentiated_KC
Sample_007_Region,115035-sample_1_lv_0046706_007,16,5.867458,7.149733,0,320,F3
Sample_007_Region,115036-sample_1_lv_0046706_007,0,-3.76384,8.722863,0,146,F1
Sample_007_Region,115037-sample_1_lv_0046706_007,18,16.23243,1.9633291,0,652,F2
Sample_007_Region,115038-sample_1_lv_0046706_007,5,12.825965,6.0191555,0,809,Mono_mac
Sample_007_Region,115039-sample_1_lv_0046706_007,6,13.064331,15.4600115,0,1198,F1
Sample_007_Region,115040-sample_1_lv_0046706_007,4,14.675158,8.001787,0,751,F2
Sample_007_Region,115041-sample_1_lv_0046706_007,14,11.789553,2.8469412,0,110,F2
Sample_007_Region,115042-sample_1_lv_0046706_007,0,-3.9341254,6.6905,0,80,F1
Sample_007_Region,115043-sample_1_lv_0046706_007,16,6.799733,7.419454,0,608,Pericyte_1
Sample_007_Region,115044-sample_1_lv_0046706_007,33,0.991776,20.853043,0,242,Mono_mac
Sample_007_Region,115045-sample_1_lv_0046706_007,14,11.949376,2.6196077,0,135,Mono_mac
Sample_007_Region,115046-sample_1_lv_0046706_007,20,16.841377,14.197602,0,536,Pericyte_1
Sample_007_Region,115047-sample_1_lv_0046706_007,5,12.003534,5.011785,0,828,Mono_mac
Sample_007_Region,115048-sample_1_lv_0046706_007,26,10.5302,-4.906838,0,262,Mono_mac
Sample_007_Region,115049-sample_1_lv_0046706_007,22,11.217835,19.422249,0,219,F2
Sample_007_Region,115050-sample_1_lv_0046706_007,14,11.821399,4.517407,0,184,F3
Sample_007_Region,115051-sample_1_lv_0046706_007,20,16.7859,14.731002,0,310,Undifferentiated_KC
Sample_007_Region,115052-sample_1_lv_0046706_007,9,8.694026,13.5260725,0,768,F2
Sample_007_Region,115053-sample_1_lv_0046706_007,14,12.219101,4.197783,0,554,F2
Sample_007_Region,115054-sample_1_lv_0046706_007,14,12.232228,4.1707377,0,268,F2
Sample_007_Region,115055-sample_1_lv_0046706_007,9,8.837437,13.647686,0,691,F2
Sample_007_Region,115056-sample_1_lv_0046706_007,14,11.763048,3.0162582,0,237,F3
Sample_007_Region,115057-sample_1_lv_0046706_007,14,11.600652,3.268083,0,383,F3
Sample_007_Region,115058-sample_1_lv_0046706_007,14,11.435675,4.054109,0,301,F3
Sample_007_Region,115059-sample_1_lv_0046706_007,14,11.945937,2.5857413,0,153,F2
Sample_007_Region,115060-sample_1_lv_0046706_007,14,11.278863,3.674208,0,454,F3
Sample_007_Region,115061-sample_1_lv_0046706_007,14,11.430635,3.496652,0,319,F2
Sample_007_Region,115062-sample_1_lv_0046706_007,14,11.8866825,4.5523443,0,471,F2
Sample_007_Region,115063-sample_1_lv_0046706_007,5,12.843548,5.8647175,0,714,VE3
Sample_007_Region,115064-sample_1_lv_0046706_007,5,9.921416,1.9238049,0,268,F3
Sample_007_Region,115065-sample_1_lv_0046706_007,14,11.568587,3.6986918,0,54,F3
Sample_007_Region,115066-sample_1_lv_0046706_007,14,10.875992,4.432164,0,174,Mono_mac
Sample_007_Region,115067-sample_1_lv_0046706_007,14,10.679577,4.656793,0,228,F3
Sample_007_Region,115068-sample_1_lv_0046706_007,14,11.439781,4.0709553,0,175,F2
Sample_007_Region,115069-sample_1_lv_0046706_007,14,10.804994,4.919925,0,142,F3
Sample_007_Region,115070-sample_1_lv_0046706_007,14,11.625736,2.349702,0,362,Mono_mac
Sample_007_Region,115071-sample_1_lv_0046706_007,14,10.308531,5.5857697,0,426,F1
Sample_007_Region,115072-sample_1_lv_0046706_007,14,10.324897,4.272384,0,441,F2
Sample_007_Region,115073-sample_1_lv_0046706_007,4,15.192096,6.8258686,0,465,F2
Sample_007_Region,115074-sample_1_lv_0046706_007,14,11.283949,4.359102,0,226,F2
Sample_007_Region,115075-sample_1_lv_0046706_007,14,10.031538,4.760575,0,64,DC2
Sample_007_Region,115076-sample_1_lv_0046706_007,14,11.880979,2.721341,0,225,F2
Sample_007_Region,115077-sample_1_lv_0046706_007,9,8.82262,13.719515,0,506,F2
Sample_007_Region,115078-sample_1_lv_0046706_007,14,11.760345,4.225954,0,221,Mono_mac
Sample_007_Region,115079-sample_1_lv_0046706_007,14,11.337001,4.3733463,0,202,F3
Sample_007_Region,115080-sample_1_lv_0046706_007,17,4.1286817,10.561406,0,191,Undifferentiated_KC
Sample_007_Region,115081-sample_1_lv_0046706_007,31,10.867511,-1.4908372,0,180,Undifferentiated_KC
Sample_007_Region,115082-sample_1_lv_0046706_007,0,-2.6569645,8.871755,0,302,Undifferentiated_KC
Sample_007_Region,115083-sample_1_lv_0046706_007,14,11.368396,4.5224166,0,768,F2
Sample_007_Region,115084-sample_1_lv_0046706_007,14,12.257699,4.1092925,0,224,Th
Sample_007_Region,115085-sample_1_lv_0046706_007,14,11.494002,3.8834424,0,133,F2
Sample_007_Region,115086-sample_1_lv_0046706_007,14,11.294107,3.404993,0,234,F2
Sample_007_Region,115087-sample_1_lv_0046706_007,2,11.62962,6.8319397,0,213,Mono_mac
Sample_007_Region,115088-sample_1_lv_0046706_007,14,11.060802,4.1588645,0,566,F2
Sample_007_Region,115089-sample_1_lv_0046706_007,14,11.034405,3.2249603,0,153,F2
Sample_007_Region,115090-sample_1_lv_0046706_007,14,10.931569,3.1018353,0,142,F2
Sample_007_Region,115091-sample_1_lv_0046706_007,14,11.83073,2.7860212,0,661,Mono_mac
Sample_007_Region,115092-sample_1_lv_0046706_007,14,12.081885,4.1245136,0,432,Mono_mac
Sample_007_Region,115093-sample_1_lv_0046706_007,14,10.750034,3.6868055,0,641,Mono_mac
Sample_007_Region,115094-sample_1_lv_0046706_007,9,8.978381,13.593012,0,452,F2
Sample_007_Region,115095-sample_1_lv_0046706_007,6,12.974974,14.996521,0,591,F2
Sample_007_Region,115096-sample_1_lv_0046706_007,14,11.89273,2.7021556,0,252,F2
Sample_007_Region,115097-sample_1_lv_0046706_007,14,11.787392,3.7236025,0,319,F2
Sample_007_Region,115098-sample_1_lv_0046706_007,14,11.658099,3.2578535,0,123,F3
Sample_007_Region,115099-sample_1_lv_0046706_007,14,12.103983,4.8544083,0,509,F1
Sample_007_Region,115100-sample_1_lv_0046706_007,19,19.699856,13.882626,0,573,F2
Sample_007_Region,115101-sample_1_lv_0046706_007,6,13.132235,15.3358755,0,190,F2
Sample_007_Region,115102-sample_1_lv_0046706_007,14,11.348985,3.6026042,0,196,F3
Sample_007_Region,115103-sample_1_lv_0046706_007,20,16.503141,14.844937,0,296,F2
Sample_007_Region,115104-sample_1_lv_0046706_007,14,11.857322,2.6808426,0,345,F2
Sample_007_Region,115105-sample_1_lv_0046706_007,14,11.672146,2.8323874,0,1088,F2
Sample_007_Region,115106-sample_1_lv_0046706_007,4,13.800589,5.6176124,0,680,F2
Sample_007_Region,115107-sample_1_lv_0046706_007,9,8.801686,13.677965,0,433,F2
Sample_007_Region,115108-sample_1_lv_0046706_007,14,11.153881,3.3505735,0,321,F2
Sample_007_Region,115109-sample_1_lv_0046706_007,5,13.054686,5.0393386,0,96,VE3
Sample_007_Region,115110-sample_1_lv_0046706_007,14,12.713916,4.1871347,0,165,LE1
Sample_007_Region,115111-sample_1_lv_0046706_007,14,10.721802,4.253892,0,39,F1
Sample_007_Region,115112-sample_1_lv_0046706_007,14,11.398387,3.7850215,0,587,F2
Sample_007_Region,115113-sample_1_lv_0046706_007,14,11.477085,3.9427671,0,261,F3
Sample_007_Region,115114-sample_1_lv_0046706_007,14,11.764396,2.8176472,0,456,F3
Sample_007_Region,115115-sample_1_lv_0046706_007,14,10.7596655,4.5658913,0,309,Mono_mac
Sample_007_Region,115116-sample_1_lv_0046706_007,14,10.837894,3.9164004,0,256,F3
Sample_007_Region,115117-sample_1_lv_0046706_007,8,13.027829,0.44203028,0,462,F1
Sample_007_Region,115118-sample_1_lv_0046706_007,4,14.29981,6.0156946,0,246,F2
Sample_007_Region,115119-sample_1_lv_0046706_007,14,11.297907,3.4620547,0,302,F2
Sample_007_Region,115120-sample_1_lv_0046706_007,22,11.153238,19.458858,0,426,F2
Sample_007_Region,115121-sample_1_lv_0046706_007,14,10.756653,2.9048321,0,121,F3
Sample_007_Region,115122-sample_1_lv_0046706_007,14,10.930777,4.153801,0,254,F1
Sample_007_Region,115123-sample_1_lv_0046706_007,14,10.520657,4.3887277,0,195,F2
Sample_007_Region,115124-sample_1_lv_0046706_007,11,11.654545,8.592657,0,643,moDC
Sample_007_Region,115125-sample_1_lv_0046706_007,5,12.514123,4.9568067,0,657,Mono_mac
Sample_007_Region,115126-sample_1_lv_0046706_007,15,6.084278,2.9171176,0,223,Mono_mac
Sample_007_Region,115127-sample_1_lv_0046706_007,3,7.320777,4.813613,0,77,Mono_mac
Sample_007_Region,115128-sample_1_lv_0046706_007,3,8.14982,4.9988236,0,219,F3
Sample_007_Region,115129-sample_1_lv_0046706_007,33,0.97498834,21.105156,0,162,F1
Sample_007_Region,115130-sample_1_lv_0046706_007,9,9.043689,15.089087,0,80,F2
Sample_007_Region,115131-sample_1_lv_0046706_007,4,14.422403,7.1600103,0,144,F3
Sample_007_Region,115132-sample_1_lv_0046706_007,3,9.505999,5.7023244,0,315,Mono_mac
Sample_007_Region,115133-sample_1_lv_0046706_007,33,0.9851716,21.09031,0,217,F3
Sample_007_Region,115134-sample_1_lv_0046706_007,15,5.1031213,12.732209,0,11,F1
Sample_007_Region,115135-sample_1_lv_0046706_007,1,12.051262,11.042839,0,63,DC2
Sample_007_Region,115136-sample_1_lv_0046706_007,3,8.597041,5.020293,0,60,moDC
Sample_007_Region,115137-sample_1_lv_0046706_007,11,11.123768,9.215494,0,70,Mono_mac
Sample_007_Region,115138-sample_1_lv_0046706_007,28,12.506049,-6.7712164,0,90,Mono_mac
Sample_007_Region,115139-sample_1_lv_0046706_007,3,8.518289,5.030036,0,205,ILC1_3
Sample_007_Region,115140-sample_1_lv_0046706_007,4,14.881149,8.885848,0,323,F1
Sample_007_Region,115141-sample_1_lv_0046706_007,4,14.9582815,8.950375,0,321,F2
Sample_007_Region,115142-sample_1_lv_0046706_007,1,8.425678,6.8247595,0,80,F3
Sample_007_Region,115143-sample_1_lv_0046706_007,4,14.462531,8.959585,0,340,Mono_mac
Sample_007_Region,115144-sample_1_lv_0046706_007,4,14.409624,9.04503,0,657,F1
Sample_007_Region,115145-sample_1_lv_0046706_007,14,10.423858,5.5385995,0,198,Th
Sample_007_Region,115146-sample_1_lv_0046706_007,3,8.440641,5.073263,0,101,F1
Sample_007_Region,115147-sample_1_lv_0046706_007,12,12.3409195,7.8627043,0,108,Tc
Sample_007_Region,115148-sample_1_lv_0046706_007,10,13.817208,10.1835575,0,105,F2
Sample_007_Region,115149-sample_1_lv_0046706_007,1,8.237164,7.6708713,0,37,F1
Sample_007_Region,115150-sample_1_lv_0046706_007,33,1.5038239,21.29056,0,610,Mono_mac
Sample_007_Region,115151-sample_1_lv_0046706_007,9,9.878617,13.49885,0,821,F2
Sample_007_Region,115152-sample_1_lv_0046706_007,22,9.968403,19.414907,0,258,LE2
Sample_007_Region,115153-sample_1_lv_0046706_007,33,1.6636504,21.220537,0,613,F1
Sample_007_Region,115154-sample_1_lv_0046706_007,3,8.502903,5.813371,0,472,Mono_mac
Sample_007_Region,115155-sample_1_lv_0046706_007,2,12.1758375,6.715599,0,664,Schwann_1
Sample_007_Region,115156-sample_1_lv_0046706_007,1,8.401749,7.6349015,0,376,Schwann_1
Sample_007_Region,115157-sample_1_lv_0046706_007,0,-2.890092,6.361105,0,85,Mono_mac
Sample_007_Region,115158-sample_1_lv_0046706_007,16,5.8889523,7.40805,0,76,F3
Sample_007_Region,115159-sample_1_lv_0046706_007,5,9.578753,2.7495399,0,144,Th
Sample_007_Region,115160-sample_1_lv_0046706_007,14,12.190418,4.7495956,0,494,F1
Sample_007_Region,115161-sample_1_lv_0046706_007,8,13.639796,0.59309435,0,76,F2
Sample_007_Region,115162-sample_1_lv_0046706_007,2,10.749031,6.7503896,0,351,F1
Sample_007_Region,115163-sample_1_lv_0046706_007,13,8.624567,10.777436,0,253,Mono_mac
Sample_007_Region,115164-sample_1_lv_0046706_007,2,11.230297,7.087939,0,274,Macro_1
Sample_007_Region,115165-sample_1_lv_0046706_007,15,7.1719127,1.6114105,0,83,F2
Sample_007_Region,115166-sample_1_lv_0046706_007,14,12.230528,5.5956993,0,90,F1
Sample_007_Region,115167-sample_1_lv_0046706_007,10,15.612832,9.301252,0,307,Mono_mac
Sample_007_Region,115168-sample_1_lv_0046706_007,14,11.059719,5.017934,0,451,Mono_mac
Sample_007_Region,115169-sample_1_lv_0046706_007,1,9.470866,7.361569,0,415,Mono_mac
Sample_007_Region,115170-sample_1_lv_0046706_007,14,12.586977,4.297009,0,518,Mono_mac
Sample_007_Region,115171-sample_1_lv_0046706_007,20,16.242664,14.873048,0,73,F3
Sample_007_Region,115172-sample_1_lv_0046706_007,2,9.986842,6.132689,0,87,F1
Sample_007_Region,115173-sample_1_lv_0046706_007,2,11.621763,7.0109644,0,69,moDC
Sample_007_Region,115174-sample_1_lv_0046706_007,1,8.673412,7.3174944,0,163,F2
Sample_007_Region,115175-sample_1_lv_0046706_007,33,1.6472828,21.264109,0,260,F1
Sample_007_Region,115176-sample_1_lv_0046706_007,0,-5.2392964,5.4537334,0,314,F1
Sample_007_Region,115177-sample_1_lv_0046706_007,9,9.283513,14.486332,0,410,F2
Sample_007_Region,115178-sample_1_lv_0046706_007,8,12.760549,0.3048792,0,697,F2
Sample_007_Region,115179-sample_1_lv_0046706_007,0,-3.9876711,7.283587,0,42,F1
Sample_007_Region,115180-sample_1_lv_0046706_007,0,-4.648558,9.521641,0,405,F2
Sample_007_Region,115181-sample_1_lv_0046706_007,22,11.001209,19.344273,0,137,DC2
Sample_007_Region,115182-sample_1_lv_0046706_007,2,10.177883,6.320568,0,59,Tc
Sample_007_Region,115183-sample_1_lv_0046706_007,0,-5.5052333,8.443289,0,252,F2
Sample_007_Region,115184-sample_1_lv_0046706_007,2,11.386876,6.429373,0,64,ILC2
Sample_007_Region,115185-sample_1_lv_0046706_007,2,9.629004,6.6448107,0,256,F3
Sample_007_Region,115186-sample_1_lv_0046706_007,2,9.355798,6.877721,0,258,F1
Sample_007_Region,115187-sample_1_lv_0046706_007,12,13.369217,6.4907794,0,262,F3
Sample_007_Region,115188-sample_1_lv_0046706_007,12,13.469647,7.344083,0,199,F1
Sample_007_Region,115189-sample_1_lv_0046706_007,29,6.71139,4.066992,0,132,F1
Sample_007_Region,115190-sample_1_lv_0046706_007,2,9.787176,7.4333677,0,158,F1
Sample_007_Region,115191-sample_1_lv_0046706_007,2,10.892962,8.466985,0,224,ILC1_3
Sample_007_Region,115192-sample_1_lv_0046706_007,12,13.308235,6.2632914,0,408,F2
Sample_007_Region,115193-sample_1_lv_0046706_007,32,1.4355961,10.247895,0,244,F1
Sample_007_Region,115194-sample_1_lv_0046706_007,2,10.111883,6.962918,0,574,F3
Sample_007_Region,115195-sample_1_lv_0046706_007,1,7.397013,7.778419,0,28,F1
Sample_007_Region,115196-sample_1_lv_0046706_007,2,11.325019,7.625265,0,236,Macro_1
Sample_007_Region,115197-sample_1_lv_0046706_007,18,16.21379,1.8913399,0,519,Mono_mac
Sample_007_Region,115198-sample_1_lv_0046706_007,31,10.841514,-2.1758642,0,144,F1
Sample_007_Region,115199-sample_1_lv_0046706_007,19,19.785084,13.736757,0,192,Mono_mac
Sample_007_Region,115200-sample_1_lv_0046706_007,18,15.082245,3.2261868,0,546,Pericyte_2
Sample_007_Region,115201-sample_1_lv_0046706_007,18,16.392496,2.9096832,0,427,VE2
Sample_007_Region,115202-sample_1_lv_0046706_007,4,14.57869,6.3003597,0,1235,Pericyte_2
Sample_007_Region,115203-sample_1_lv_0046706_007,5,13.890737,4.5364656,0,1013,VE3
Sample_007_Region,115204-sample_1_lv_0046706_007,9,9.340271,14.4639635,0,153,Mono_mac
Sample_007_Region,115205-sample_1_lv_0046706_007,13,9.322805,11.951655,0,478,VE2
Sample_007_Region,115206-sample_1_lv_0046706_007,5,12.216702,5.4517097,0,400,VE2
Sample_007_Region,115207-sample_1_lv_0046706_007,26,7.5577874,-5.416852,0,417,Pericyte_2
Sample_007_Region,115208-sample_1_lv_0046706_007,4,16.123255,6.819311,0,58,Schwann_1
Sample_007_Region,115209-sample_1_lv_0046706_007,13,9.051136,12.130288,0,268,F3
Sample_007_Region,115210-sample_1_lv_0046706_007,3,8.223576,6.019858,0,450,F3
Sample_007_Region,115211-sample_1_lv_0046706_007,2,10.319238,6.582402,0,369,F1
Sample_007_Region,115212-sample_1_lv_0046706_007,32,1.4205184,11.592411,0,131,Tc
Sample_007_Region,115213-sample_1_lv_0046706_007,3,7.7828197,5.268982,0,136,F3
Sample_007_Region,115214-sample_1_lv_0046706_007,8,12.894473,0.10022298,0,489,F2
Sample_007_Region,115215-sample_1_lv_0046706_007,4,15.772124,6.7585435,0,303,F1
Sample_007_Region,115216-sample_1_lv_0046706_007,3,8.208891,6.1505265,0,234,Mono_mac
Sample_007_Region,115217-sample_1_lv_0046706_007,1,8.817045,7.8334026,0,751,F2
Sample_007_Region,115218-sample_1_lv_0046706_007,9,9.337292,12.881548,0,1694,Mono_mac
Sample_007_Region,115219-sample_1_lv_0046706_007,1,10.078883,8.526905,0,381,Mono_mac
Sample_007_Region,115220-sample_1_lv_0046706_007,9,9.3131275,13.883655,0,344,F2
Sample_007_Region,115221-sample_1_lv_0046706_007,29,3.9841912,3.5163665,0,71,Mono_mac
Sample_007_Region,115222-sample_1_lv_0046706_007,5,12.478778,5.074556,0,802,Mono_mac
Sample_007_Region,115223-sample_1_lv_0046706_007,3,7.8271513,5.32379,0,122,F1
Sample_007_Region,115224-sample_1_lv_0046706_007,3,8.110352,6.10581,0,62,F1
Sample_007_Region,115225-sample_1_lv_0046706_007,0,-6.051487,5.7086263,0,6,F1
Sample_007_Region,115226-sample_1_lv_0046706_007,2,11.015381,7.0359807,0,175,F1
Sample_007_Region,115227-sample_1_lv_0046706_007,2,9.813071,7.2818036,0,93,F1
Sample_007_Region,115228-sample_1_lv_0046706_007,3,8.659668,5.1574697,0,64,F3
Sample_007_Region,115229-sample_1_lv_0046706_007,2,10.495226,6.909365,0,328,Mono_mac
Sample_007_Region,115230-sample_1_lv_0046706_007,2,9.667316,6.5814776,0,168,F3
Sample_007_Region,115231-sample_1_lv_0046706_007,2,10.890106,7.2329197,0,400,F1
Sample_007_Region,115232-sample_1_lv_0046706_007,2,10.258739,6.681627,0,274,Tc
Sample_007_Region,115233-sample_1_lv_0046706_007,22,9.563774,19.455465,0,769,Mono_mac
Sample_007_Region,115234-sample_1_lv_0046706_007,5,12.4078865,5.109723,0,786,F3
Sample_007_Region,115235-sample_1_lv_0046706_007,19,19.809053,11.25092,0,1734,Mono_mac
Sample_007_Region,115236-sample_1_lv_0046706_007,12,13.639513,6.4101467,0,223,F1
Sample_007_Region,115237-sample_1_lv_0046706_007,2,9.335105,6.935812,0,222,F1
Sample_007_Region,115238-sample_1_lv_0046706_007,5,9.830775,1.7279514,0,58,F1
Sample_007_Region,115239-sample_1_lv_0046706_007,0,-4.6243696,6.15879,0,72,F1
Sample_007_Region,115240-sample_1_lv_0046706_007,10,13.9641285,9.642868,0,399,F3
Sample_007_Region,115241-sample_1_lv_0046706_007,22,11.031871,19.399195,0,143,Macro_1
Sample_007_Region,115242-sample_1_lv_0046706_007,15,7.7522783,-0.049028587,0,131,F2
Sample_007_Region,115243-sample_1_lv_0046706_007,9,9.608951,13.519769,0,225,F1
Sample_007_Region,115244-sample_1_lv_0046706_007,6,12.255822,13.534879,0,223,F2
Sample_007_Region,115245-sample_1_lv_0046706_007,2,11.559431,7.5784,0,1139,F1
Sample_007_Region,115246-sample_1_lv_0046706_007,17,2.8179402,14.215284,0,81,Macro_1
Sample_007_Region,115247-sample_1_lv_0046706_007,1,9.318158,8.615778,0,186,DC2
Sample_007_Region,115248-sample_1_lv_0046706_007,2,9.514555,6.954702,0,180,F1
Sample_007_Region,115249-sample_1_lv_0046706_007,0,-4.3935633,9.208986,0,219,F2
Sample_007_Region,115250-sample_1_lv_0046706_007,2,11.333328,7.5413256,0,44,Tc
Sample_007_Region,115251-sample_1_lv_0046706_007,0,-6.105138,9.323292,0,55,F1
Sample_007_Region,115252-sample_1_lv_0046706_007,2,11.040174,7.1816635,0,356,F3
Sample_007_Region,115253-sample_1_lv_0046706_007,0,-3.8667235,8.812779,0,53,F3
Sample_007_Region,115254-sample_1_lv_0046706_007,3,9.916872,5.7429523,0,125,F3
Sample_007_Region,115255-sample_1_lv_0046706_007,3,6.9626684,3.5791838,0,327,F3
Sample_007_Region,115256-sample_1_lv_0046706_007,13,9.0496435,11.556587,0,285,F2
Sample_007_Region,115257-sample_1_lv_0046706_007,4,15.429054,9.400536,0,84,F1
Sample_007_Region,115258-sample_1_lv_0046706_007,24,9.25485,0.6550674,0,30,VE3
Sample_007_Region,115259-sample_1_lv_0046706_007,30,20.28447,4.1786485,0,63,MigDC
Sample_007_Region,115260-sample_1_lv_0046706_007,2,10.082764,6.515482,0,202,F3
Sample_007_Region,115261-sample_1_lv_0046706_007,15,4.9503484,2.308281,0,217,F3
Sample_007_Region,115262-sample_1_lv_0046706_007,33,1.6513358,21.270412,0,688,F1
Sample_007_Region,115263-sample_1_lv_0046706_007,2,10.821208,7.6840396,0,585,F3
Sample_007_Region,115264-sample_1_lv_0046706_007,10,14.5150385,9.624543,0,485,F2
Sample_007_Region,115265-sample_1_lv_0046706_007,1,8.782055,8.38072,0,93,F2
Sample_007_Region,115266-sample_1_lv_0046706_007,9,9.077365,14.550969,0,314,F2
Sample_007_Region,115267-sample_1_lv_0046706_007,19,20.101217,13.726688,0,213,F3
Sample_007_Region,115268-sample_1_lv_0046706_007,33,0.8881523,20.982462,0,585,Mono_mac
Sample_007_Region,115269-sample_1_lv_0046706_007,0,-4.293182,7.3380027,0,320,F3
Sample_007_Region,115270-sample_1_lv_0046706_007,6,13.645952,16.336178,0,213,F3
Sample_007_Region,115271-sample_1_lv_0046706_007,4,14.577002,7.5364013,0,925,F3
Sample_007_Region,115272-sample_1_lv_0046706_007,0,-2.6856103,8.0048485,0,353,Pericyte_1
Sample_007_Region,115273-sample_1_lv_0046706_007,9,9.56273,13.855607,0,197,F3
Sample_007_Region,115274-sample_1_lv_0046706_007,2,10.70507,6.907199,0,121,F1
Sample_007_Region,115275-sample_1_lv_0046706_007,15,4.8216696,10.827632,0,84,F3
Sample_007_Region,115276-sample_1_lv_0046706_007,1,9.525964,8.715075,0,245,F3
Sample_007_Region,115277-sample_1_lv_0046706_007,1,8.575834,7.0551453,0,132,F3
Sample_007_Region,115278-sample_1_lv_0046706_007,28,11.735057,-7.1925864,0,66,Mono_mac
Sample_007_Region,115279-sample_1_lv_0046706_007,4,14.969434,8.660234,0,277,F1
Sample_007_Region,115280-sample_1_lv_0046706_007,28,10.55997,-6.676812,0,54,F1
Sample_007_Region,115281-sample_1_lv_0046706_007,3,7.2369676,5.03505,0,85,F1
Sample_007_Region,115282-sample_1_lv_0046706_007,0,-4.8640933,8.021478,0,49,F1
Sample_007_Region,115283-sample_1_lv_0046706_007,8,14.901776,-0.89449656,0,127,F1
Sample_007_Region,115284-sample_1_lv_0046706_007,9,8.944021,14.731919,0,316,F2
Sample_007_Region,115285-sample_1_lv_0046706_007,20,16.744942,14.734419,0,155,F1
Sample_007_Region,115286-sample_1_lv_0046706_007,29,6.509716,4.2508235,0,157,Th
Sample_007_Region,115287-sample_1_lv_0046706_007,3,7.3006973,4.6958723,0,77,Macro_1
Sample_007_Region,115288-sample_1_lv_0046706_007,2,11.490107,7.121645,0,202,F1
Sample_007_Region,115289-sample_1_lv_0046706_007,0,-3.0963383,7.2125497,0,11,F2
Sample_007_Region,115290-sample_1_lv_0046706_007,4,14.293376,7.250428,0,138,F1
Sample_007_Region,115291-sample_1_lv_0046706_007,3,10.675757,5.4742193,0,63,F1
Sample_007_Region,115292-sample_1_lv_0046706_007,33,1.7067459,21.246744,0,251,F1
Sample_007_Region,115293-sample_1_lv_0046706_007,25,9.512515,22.136108,0,421,F1
Sample_007_Region,115294-sample_1_lv_0046706_007,4,14.97902,8.782264,0,335,F1
Sample_007_Region,115295-sample_1_lv_0046706_007,21,16.407595,20.149076,0,442,F1
Sample_007_Region,115296-sample_1_lv_0046706_007,6,13.135196,13.715468,0,499,Undifferentiated_KC
Sample_007_Region,115297-sample_1_lv_0046706_007,21,17.00462,18.161364,0,395,F1
Sample_007_Region,115298-sample_1_lv_0046706_007,21,16.454151,19.83583,0,541,MigDC
Sample_007_Region,115299-sample_1_lv_0046706_007,6,13.240752,13.785686,0,703,Undifferentiated_KC
Sample_007_Region,115300-sample_1_lv_0046706_007,23,6.1478634,18.502056,0,245,Undifferentiated_KC
Sample_007_Region,115301-sample_1_lv_0046706_007,21,16.763208,20.062868,0,141,Differentiated_KC
Sample_007_Region,115302-sample_1_lv_0046706_007,21,16.410225,20.086355,0,676,F1
Sample_007_Region,115303-sample_1_lv_0046706_007,0,-6.140939,7.5752244,0,269,F2
Sample_007_Region,115304-sample_1_lv_0046706_007,14,10.891635,2.9457138,0,102,F3
Sample_007_Region,115305-sample_1_lv_0046706_007,14,11.647536,3.3658786,0,225,Mono_mac
Sample_007_Region,115306-sample_1_lv_0046706_007,14,11.379457,4.2977376,0,1321,F2
Sample_007_Region,115307-sample_1_lv_0046706_007,9,8.951354,14.53458,0,341,F2
Sample_007_Region,115308-sample_1_lv_0046706_007,5,12.709664,6.061832,0,672,VE2
Sample_007_Region,115309-sample_1_lv_0046706_007,5,12.334758,6.7510147,0,462,ILC1_3
Sample_007_Region,115310-sample_1_lv_0046706_007,9,10.09988,13.300856,0,1713,Mono_mac
Sample_007_Region,115311-sample_1_lv_0046706_007,9,9.559121,14.470774,0,464,Pericyte_2
Sample_007_Region,115312-sample_1_lv_0046706_007,8,9.602408,1.4921559,0,686,F2
Sample_007_Region,115313-sample_1_lv_0046706_007,6,12.972519,15.384209,0,702,F2
Sample_007_Region,115314-sample_1_lv_0046706_007,2,11.146753,7.3549094,0,77,F3
Sample_007_Region,115315-sample_1_lv_0046706_007,1,9.9542265,9.152226,0,45,F3
Sample_007_Region,115316-sample_1_lv_0046706_007,0,-5.5705075,8.062516,0,384,F2
Sample_007_Region,115317-sample_1_lv_0046706_007,14,11.718711,2.5662344,0,397,F2
Sample_007_Region,115318-sample_1_lv_0046706_007,14,11.559394,4.0196004,0,493,Undifferentiated_KC
Sample_007_Region,115319-sample_1_lv_0046706_007,14,11.937674,4.5546436,0,177,Undifferentiated_KC
Sample_007_Region,115320-sample_1_lv_0046706_007,7,16.211964,12.271787,0,517,Undifferentiated_KC
Sample_007_Region,115321-sample_1_lv_0046706_007,13,9.003077,11.143741,0,568,F1
Sample_007_Region,115322-sample_1_lv_0046706_007,13,9.661817,11.911943,0,479,F2
Sample_007_Region,115323-sample_1_lv_0046706_007,13,8.41033,12.406647,0,363,F2
Sample_007_Region,115324-sample_1_lv_0046706_007,0,-2.9274766,6.0114927,0,98,Undifferentiated_KC
Sample_007_Region,115325-sample_1_lv_0046706_007,25,8.994869,21.792667,0,80,moDC
Sample_007_Region,115326-sample_1_lv_0046706_007,21,16.635008,19.804613,0,157,Differentiated_KC
Sample_007_Region,115327-sample_1_lv_0046706_007,21,16.763144,19.782438,0,480,Differentiated_KC
Sample_007_Region,115328-sample_1_lv_0046706_007,6,13.183941,13.481485,0,163,Tc
Sample_007_Region,115329-sample_1_lv_0046706_007,21,16.667076,19.695478,0,82,Differentiated_KC
Sample_007_Region,115330-sample_1_lv_0046706_007,21,16.31431,20.108719,0,326,F1
Sample_007_Region,115331-sample_1_lv_0046706_007,21,17.101862,18.009415,0,312,F1
Sample_007_Region,115332-sample_1_lv_0046706_007,21,16.773272,19.838213,0,264,Differentiated_KC
Sample_007_Region,115333-sample_1_lv_0046706_007,21,16.669497,19.920662,0,314,F1
Sample_007_Region,115334-sample_1_lv_0046706_007,21,16.351048,20.058596,0,362,Differentiated_KC
Sample_007_Region,115335-sample_1_lv_0046706_007,1,12.348527,10.595984,0,394,Undifferentiated_KC
Sample_007_Region,115336-sample_1_lv_0046706_007,23,6.8037043,19.033363,0,538,Mono_mac
Sample_007_Region,115337-sample_1_lv_0046706_007,28,9.30529,-6.789663,0,37,Macro_1
Sample_007_Region,115338-sample_1_lv_0046706_007,3,9.631192,5.2568655,0,390,Macro_1
Sample_007_Region,115339-sample_1_lv_0046706_007,0,-3.4761784,7.989125,0,293,F2
Sample_007_Region,115340-sample_1_lv_0046706_007,13,9.173172,10.72156,0,897,F1
Sample_007_Region,115341-sample_1_lv_0046706_007,16,7.1776695,7.2743907,0,123,F1
Sample_007_Region,115342-sample_1_lv_0046706_007,2,10.22736,6.026509,0,34,Tc
Sample_007_Region,115343-sample_1_lv_0046706_007,2,9.963033,6.4786353,0,106,F1
Sample_007_Region,115344-sample_1_lv_0046706_007,0,-4.739091,7.561514,0,240,F3
Sample_007_Region,115345-sample_1_lv_0046706_007,26,10.897311,-4.956579,0,399,F2
Sample_007_Region,115346-sample_1_lv_0046706_007,0,-3.182211,7.707164,0,161,Undifferentiated_KC
Sample_007_Region,115347-sample_1_lv_0046706_007,6,13.726559,15.2221,0,609,Undifferentiated_KC
Sample_007_Region,115348-sample_1_lv_0046706_007,12,13.259798,7.2515287,0,97,ILC1_3
Sample_007_Region,115349-sample_1_lv_0046706_007,0,-5.9260516,5.724414,0,25,F2
Sample_007_Region,115350-sample_1_lv_0046706_007,17,1.6935142,13.808765,0,395,F2
Sample_007_Region,115351-sample_1_lv_0046706_007,0,-2.5707076,5.5300727,0,98,F1
Sample_007_Region,115352-sample_1_lv_0046706_007,17,1.6282203,13.747794,0,253,F2
Sample_007_Region,115353-sample_1_lv_0046706_007,16,6.434904,8.389915,0,45,ILC1_3
Sample_007_Region,115354-sample_1_lv_0046706_007,13,8.371855,12.351877,0,303,F2
Sample_007_Region,115355-sample_1_lv_0046706_007,13,9.215976,10.642007,0,374,F1
Sample_007_Region,115356-sample_1_lv_0046706_007,13,8.689589,10.702207,0,222,F3
Sample_007_Region,115357-sample_1_lv_0046706_007,9,10.253659,13.941929,0,258,F1
Sample_007_Region,115358-sample_1_lv_0046706_007,13,8.882654,12.407012,0,318,F1
Sample_007_Region,115359-sample_1_lv_0046706_007,0,-5.2847896,7.1294503,0,8,Th
Sample_007_Region,115360-sample_1_lv_0046706_007,0,-5.343371,5.125345,0,87,Th
Sample_007_Region,115361-sample_1_lv_0046706_007,0,-5.763824,7.473369,0,115,F2
Sample_007_Region,115362-sample_1_lv_0046706_007,0,-4.35156,7.2988825,0,8,Th
Sample_007_Region,115363-sample_1_lv_0046706_007,1,11.799244,10.076635,0,108,Mono_mac
Sample_007_Region,115364-sample_1_lv_0046706_007,0,-5.0189996,9.538016,0,30,Th
Sample_007_Region,115365-sample_1_lv_0046706_007,30,17.000237,-0.1861737,0,210,F2
Sample_007_Region,115366-sample_1_lv_0046706_007,7,15.214727,11.717204,0,261,F2
Sample_007_Region,115367-sample_1_lv_0046706_007,0,-4.568844,6.318026,0,2,Differentiated_KC
Sample_007_Region,115368-sample_1_lv_0046706_007,12,12.450648,8.12609,0,227,ILC1_3
Sample_007_Region,115369-sample_1_lv_0046706_007,0,-3.6555805,9.523213,0,68,F1
Sample_007_Region,115370-sample_1_lv_0046706_007,0,-3.4319456,6.0813603,0,201,F3
Sample_007_Region,115371-sample_1_lv_0046706_007,8,12.4300585,0.8107527,0,521,Mono_mac
Sample_007_Region,115372-sample_1_lv_0046706_007,12,12.311161,7.5117865,0,266,Mono_mac
Sample_007_Region,115373-sample_1_lv_0046706_007,1,10.123682,8.045965,0,237,VE2
Sample_007_Region,115374-sample_1_lv_0046706_007,2,9.376544,6.8046007,0,250,Mono_mac
Sample_007_Region,115375-sample_1_lv_0046706_007,2,12.140917,7.2467003,0,111,F1
Sample_007_Region,115376-sample_1_lv_0046706_007,23,6.5540805,19.638039,0,225,F3
Sample_007_Region,115377-sample_1_lv_0046706_007,1,8.483912,6.683864,0,370,F2
Sample_007_Region,115378-sample_1_lv_0046706_007,6,13.257051,15.548491,0,207,Schwann_1
Sample_007_Region,115379-sample_1_lv_0046706_007,3,10.701356,5.7548103,0,735,F3
Sample_007_Region,115380-sample_1_lv_0046706_007,11,13.125384,8.796337,0,366,ILC1_3
Sample_007_Region,115381-sample_1_lv_0046706_007,2,9.822898,6.792882,0,131,F1
Sample_007_Region,115382-sample_1_lv_0046706_007,16,5.964507,6.3161473,0,306,F3
Sample_007_Region,115383-sample_1_lv_0046706_007,5,9.002912,4.2943816,0,374,F1
Sample_007_Region,115384-sample_1_lv_0046706_007,22,9.9659815,19.569355,0,279,VE2
Sample_007_Region,115385-sample_1_lv_0046706_007,5,12.614006,4.194546,0,608,Mono_mac
Sample_007_Region,115386-sample_1_lv_0046706_007,5,13.037529,5.329433,0,339,ILC1_3
Sample_007_Region,115387-sample_1_lv_0046706_007,9,9.300673,13.351747,0,449,Mono_mac
Sample_007_Region,115388-sample_1_lv_0046706_007,2,12.572378,7.4368052,0,509,Mono_mac
Sample_007_Region,115389-sample_1_lv_0046706_007,1,8.776514,7.96555,0,139,Mono_mac
Sample_007_Region,115390-sample_1_lv_0046706_007,1,9.976218,8.399477,0,228,F3
Sample_007_Region,115391-sample_1_lv_0046706_007,2,10.875264,7.6375656,0,240,F3
Sample_007_Region,115392-sample_1_lv_0046706_007,25,9.235956,21.863615,0,151,F3
Sample_007_Region,115393-sample_1_lv_0046706_007,26,10.418159,-4.892091,0,283,F3
Sample_007_Region,115394-sample_1_lv_0046706_007,25,22.575575,9.65052,0,440,VE2
Sample_007_Region,115395-sample_1_lv_0046706_007,8,12.2628975,0.20747389,0,253,F3
Sample_007_Region,115396-sample_1_lv_0046706_007,13,8.993393,11.5158825,0,504,F2
Sample_007_Region,115397-sample_1_lv_0046706_007,14,10.484773,4.9316688,0,281,F2
Sample_007_Region,115398-sample_1_lv_0046706_007,23,6.4102144,18.477396,0,96,F1
Sample_007_Region,115399-sample_1_lv_0046706_007,2,10.925146,6.8645844,0,203,F3
Sample_007_Region,115400-sample_1_lv_0046706_007,3,8.5019655,5.0402226,0,61,F3
Sample_007_Region,115401-sample_1_lv_0046706_007,2,11.424344,6.8343816,0,199,F3
Sample_007_Region,115402-sample_1_lv_0046706_007,2,9.608238,6.728403,0,668,F1
Sample_007_Region,115403-sample_1_lv_0046706_007,13,9.76884,11.380024,0,274,F1
Sample_007_Region,115404-sample_1_lv_0046706_007,9,10.039175,14.491889,0,339,Pericyte_1
Sample_007_Region,115405-sample_1_lv_0046706_007,23,6.4922748,18.698338,0,689,Inf_mac
Sample_007_Region,115406-sample_1_lv_0046706_007,3,8.680922,6.1531396,0,352,F1
Sample_007_Region,115407-sample_1_lv_0046706_007,13,10.755433,11.25984,0,222,F1
Sample_007_Region,115408-sample_1_lv_0046706_007,19,20.199749,13.834895,0,113,F1
Sample_007_Region,115409-sample_1_lv_0046706_007,15,7.795877,-0.019302102,0,72,F3
Sample_007_Region,115410-sample_1_lv_0046706_007,1,9.953918,7.618893,0,561,Mono_mac
Sample_007_Region,115411-sample_1_lv_0046706_007,22,9.645501,19.419142,0,713,Mono_mac
Sample_007_Region,115412-sample_1_lv_0046706_007,22,9.845553,19.030125,0,571,Mono_mac
Sample_007_Region,115413-sample_1_lv_0046706_007,8,13.377485,0.84870934,0,149,F3
Sample_007_Region,115414-sample_1_lv_0046706_007,1,9.38745,8.526147,0,96,F3
Sample_007_Region,115415-sample_1_lv_0046706_007,1,8.739646,7.4929876,0,167,F3
Sample_007_Region,115416-sample_1_lv_0046706_007,11,10.801015,10.522942,0,180,F1
Sample_007_Region,115417-sample_1_lv_0046706_007,5,9.116081,2.7707753,0,83,VE2
Sample_007_Region,115418-sample_1_lv_0046706_007,3,9.178306,6.9525056,0,325,moDC
Sample_007_Region,115419-sample_1_lv_0046706_007,8,13.08756,2.7566,0,882,Mono_mac
Sample_007_Region,115420-sample_1_lv_0046706_007,16,6.671357,6.760392,0,96,ILC2
Sample_007_Region,115421-sample_1_lv_0046706_007,3,7.0899396,3.8657525,0,67,F3
Sample_007_Region,115422-sample_1_lv_0046706_007,2,11.187717,7.726149,0,141,ILC2
Sample_007_Region,115423-sample_1_lv_0046706_007,3,8.557669,5.2080817,0,156,Macro_1
Sample_007_Region,115424-sample_1_lv_0046706_007,8,11.872745,1.4692293,0,527,ILC1_3
Sample_007_Region,115425-sample_1_lv_0046706_007,9,10.155663,13.545104,0,952,Mono_mac
Sample_007_Region,115426-sample_1_lv_0046706_007,1,9.678144,8.331028,0,132,F3
Sample_007_Region,115427-sample_1_lv_0046706_007,1,10.620329,8.525393,0,184,Mono_mac
Sample_007_Region,115428-sample_1_lv_0046706_007,23,6.698831,19.364336,0,321,Mono_mac
Sample_007_Region,115429-sample_1_lv_0046706_007,1,10.391572,8.38208,0,173,DC2
Sample_007_Region,115430-sample_1_lv_0046706_007,1,9.109737,6.9067,0,412,VE2
Sample_007_Region,115431-sample_1_lv_0046706_007,4,14.489005,8.900851,0,362,VE2
Sample_007_Region,115432-sample_1_lv_0046706_007,9,9.780976,14.817185,0,637,Pericyte_1
Sample_007_Region,115433-sample_1_lv_0046706_007,3,6.078771,5.720497,0,14,Mono_mac
Sample_007_Region,115434-sample_1_lv_0046706_007,0,-5.9942265,6.961611,0,32,Th
Sample_007_Region,115435-sample_1_lv_0046706_007,5,9.927479,3.8416085,0,245,Mono_mac
Sample_007_Region,115436-sample_1_lv_0046706_007,3,5.4554067,5.357944,0,309,Mono_mac
Sample_007_Region,115437-sample_1_lv_0046706_007,22,10.005369,18.787048,0,371,VE3
Sample_007_Region,115438-sample_1_lv_0046706_007,25,22.243793,9.674036,0,1111,Pericyte_2
Sample_007_Region,115439-sample_1_lv_0046706_007,19,19.92531,14.625455,0,833,VE3
Sample_007_Region,115440-sample_1_lv_0046706_007,19,19.496658,14.112221,0,737,Mono_mac
Sample_007_Region,115441-sample_1_lv_0046706_007,22,9.9961195,18.679268,0,641,Pericyte_2
Sample_007_Region,115442-sample_1_lv_0046706_007,22,10.925829,19.281193,0,323,Mono_mac
Sample_007_Region,115443-sample_1_lv_0046706_007,2,11.765132,7.082866,0,266,Mono_mac
Sample_007_Region,115444-sample_1_lv_0046706_007,25,22.448755,9.705613,0,117,Mono_mac
Sample_007_Region,115445-sample_1_lv_0046706_007,26,7.254878,-3.8186474,0,231,Pericyte_2
Sample_007_Region,115446-sample_1_lv_0046706_007,8,13.099467,1.052964,0,298,Pericyte_2
Sample_007_Region,115447-sample_1_lv_0046706_007,22,11.12804,19.180962,0,321,VE2
Sample_007_Region,115448-sample_1_lv_0046706_007,3,9.477551,5.2696924,0,218,Mono_mac
Sample_007_Region,115449-sample_1_lv_0046706_007,19,19.89216,14.6081,0,768,Schwann_1
Sample_007_Region,115450-sample_1_lv_0046706_007,18,15.875854,2.2954547,0,519,Mono_mac
Sample_007_Region,115451-sample_1_lv_0046706_007,19,19.836437,14.098011,0,342,Schwann_1
Sample_007_Region,115452-sample_1_lv_0046706_007,19,19.771215,14.660527,0,444,Pericyte_2
Sample_007_Region,115453-sample_1_lv_0046706_007,19,20.268211,13.493047,0,233,VE2
Sample_007_Region,115454-sample_1_lv_0046706_007,20,16.978405,14.980599,0,465,Pericyte_2
Sample_007_Region,115455-sample_1_lv_0046706_007,31,10.165675,-1.1100702,0,351,F2
Sample_007_Region,115456-sample_1_lv_0046706_007,19,20.144972,14.283296,0,149,F3
Sample_007_Region,115457-sample_1_lv_0046706_007,25,22.524479,9.666759,0,2375,Schwann_1
Sample_007_Region,115458-sample_1_lv_0046706_007,1,8.165816,8.370478,0,565,F2
Sample_007_Region,115459-sample_1_lv_0046706_007,4,14.457098,8.939298,0,553,Mono_mac
Sample_007_Region,115460-sample_1_lv_0046706_007,22,10.24767,19.054173,0,382,Mono_mac
Sample_007_Region,115461-sample_1_lv_0046706_007,25,22.562998,9.664023,0,811,Mono_mac
Sample_007_Region,115462-sample_1_lv_0046706_007,9,8.976312,14.572329,0,215,F2
Sample_007_Region,115463-sample_1_lv_0046706_007,0,-5.687464,6.49175,0,641,VE2
Sample_007_Region,115464-sample_1_lv_0046706_007,22,10.846681,19.327164,0,199,F1
Sample_007_Region,115465-sample_1_lv_0046706_007,22,11.289859,19.36154,0,253,VE2
Sample_007_Region,115466-sample_1_lv_0046706_007,8,13.691483,2.9189,0,324,Mono_mac
Sample_007_Region,115467-sample_1_lv_0046706_007,5,13.110822,5.0805454,0,1121,VE3
Sample_007_Region,115468-sample_1_lv_0046706_007,22,10.238785,18.970066,0,712,Mono_mac
Sample_007_Region,115469-sample_1_lv_0046706_007,18,16.273542,1.8702401,0,1012,F2
Sample_007_Region,115470-sample_1_lv_0046706_007,23,6.806854,18.64061,0,481,Mono_mac
Sample_007_Region,115471-sample_1_lv_0046706_007,2,9.682789,7.024631,0,429,F1
Sample_007_Region,115472-sample_1_lv_0046706_007,22,9.62903,19.065088,0,521,Mono_mac
Sample_007_Region,115473-sample_1_lv_0046706_007,33,0.7290825,21.045002,0,562,Mono_mac
Sample_007_Region,115474-sample_1_lv_0046706_007,22,9.75268,19.483055,0,327,VE3
Sample_007_Region,115475-sample_1_lv_0046706_007,19,19.845661,14.7172165,0,676,Mono_mac
Sample_007_Region,115476-sample_1_lv_0046706_007,2,11.212187,7.75615,0,347,Mono_mac
Sample_007_Region,115477-sample_1_lv_0046706_007,4,14.318023,7.131978,0,115,Th
Sample_007_Region,115478-sample_1_lv_0046706_007,1,9.378945,8.262165,0,264,Mono_mac
Sample_007_Region,115479-sample_1_lv_0046706_007,13,8.694428,11.583929,0,468,Mono_mac
Sample_007_Region,115480-sample_1_lv_0046706_007,9,9.401103,13.914631,0,202,F2
Sample_007_Region,115481-sample_1_lv_0046706_007,2,11.089662,7.480666,0,985,F1
Sample_007_Region,115482-sample_1_lv_0046706_007,9,9.805975,14.298564,0,228,F1
Sample_007_Region,115483-sample_1_lv_0046706_007,26,7.839528,-5.037864,0,274,Pericyte_2
Sample_007_Region,115484-sample_1_lv_0046706_007,14,10.829351,4.174352,0,286,Pericyte_2
Sample_007_Region,115485-sample_1_lv_0046706_007,18,14.468067,3.360472,0,254,Pericyte_2
Sample_007_Region,115486-sample_1_lv_0046706_007,9,9.694998,14.633561,0,706,Schwann_1
Sample_007_Region,115487-sample_1_lv_0046706_007,19,20.068361,13.680286,0,274,Pericyte_2
Sample_007_Region,115488-sample_1_lv_0046706_007,22,9.920745,18.706005,0,513,Mono_mac
Sample_007_Region,115489-sample_1_lv_0046706_007,4,15.00068,7.298966,0,221,Pericyte_2
Sample_007_Region,115490-sample_1_lv_0046706_007,0,-6.4150224,6.395268,0,256,Pericyte_2
Sample_007_Region,115491-sample_1_lv_0046706_007,18,14.755053,3.1125734,0,369,Pericyte_2
Sample_007_Region,115492-sample_1_lv_0046706_007,0,-5.458733,6.2900662,0,101,Tc
Sample_007_Region,115493-sample_1_lv_0046706_007,18,16.387808,2.8986835,0,417,Pericyte_2
Sample_007_Region,115494-sample_1_lv_0046706_007,18,15.771059,2.9336448,0,385,F3
Sample_007_Region,115495-sample_1_lv_0046706_007,2,11.694132,7.1096783,0,685,F1
Sample_007_Region,115496-sample_1_lv_0046706_007,4,14.974954,6.713165,0,382,Mono_mac
Sample_007_Region,115497-sample_1_lv_0046706_007,19,19.954123,14.604243,0,219,Mono_mac
Sample_007_Region,115498-sample_1_lv_0046706_007,1,10.327681,8.741723,0,349,Mono_mac
Sample_007_Region,115499-sample_1_lv_0046706_007,2,11.350214,7.4407067,0,417,F1
Sample_007_Region,115500-sample_1_lv_0046706_007,6,12.973549,15.7964735,0,189,Pericyte_2
Sample_007_Region,115501-sample_1_lv_0046706_007,35,3.9956493,2.3759854,0,47,Mono_mac
Sample_007_Region,115502-sample_1_lv_0046706_007,18,16.787971,1.4865072,0,184,Pericyte_2
Sample_007_Region,115503-sample_1_lv_0046706_007,0,-2.492081,7.3178773,0,41,Mono_mac
Sample_007_Region,115504-sample_1_lv_0046706_007,1,8.236399,7.757564,0,431,F2
Sample_007_Region,115505-sample_1_lv_0046706_007,4,14.46215,8.91611,0,1019,F3
Sample_007_Region,115506-sample_1_lv_0046706_007,26,7.378674,-5.5786347,0,282,Mono_mac
Sample_007_Region,115507-sample_1_lv_0046706_007,26,7.179454,-4.060237,0,168,Macro_1
Sample_007_Region,115508-sample_1_lv_0046706_007,5,8.898827,3.5122004,0,261,Mono_mac
Sample_007_Region,115509-sample_1_lv_0046706_007,5,9.373871,3.1526759,0,259,Th
Sample_007_Region,115510-sample_1_lv_0046706_007,8,12.609608,2.207452,0,935,F3
Sample_007_Region,115511-sample_1_lv_0046706_007,22,10.564943,19.229305,0,371,Mono_mac
Sample_007_Region,115512-sample_1_lv_0046706_007,5,8.217223,2.2634864,0,280,Pericyte_2
Sample_007_Region,115513-sample_1_lv_0046706_007,22,10.407421,19.145327,0,934,Mono_mac
Sample_007_Region,115514-sample_1_lv_0046706_007,3,8.25312,6.091519,0,208,Pericyte_2
Sample_007_Region,115515-sample_1_lv_0046706_007,26,7.455735,-4.492114,0,128,Mono_mac
Sample_007_Region,115516-sample_1_lv_0046706_007,25,22.402714,9.83332,0,1363,Mono_mac
Sample_007_Region,115517-sample_1_lv_0046706_007,18,15.809701,2.3307376,0,211,Mono_mac
Sample_007_Region,115518-sample_1_lv_0046706_007,25,22.427309,9.780489,0,629,VE3
Sample_007_Region,115519-sample_1_lv_0046706_007,18,16.428822,3.125983,0,377,Macro_1
Sample_007_Region,115520-sample_1_lv_0046706_007,0,-3.682962,8.476203,0,1,F2
Sample_007_Region,115521-sample_1_lv_0046706_007,10,13.695298,10.679158,0,18,F2
Sample_007_Region,115522-sample_1_lv_0046706_007,1,9.808318,9.224922,0,117,Mono_mac
Sample_007_Region,115523-sample_1_lv_0046706_007,0,-4.274481,7.564836,0,20,Th
Sample_007_Region,115524-sample_1_lv_0046706_007,1,10.070437,8.299276,0,128,F3
Sample_007_Region,115525-sample_1_lv_0046706_007,0,-2.6730342,8.815799,0,1,F2
Sample_007_Region,115526-sample_1_lv_0046706_007,0,-5.1997175,6.311428,0,50,F2
Sample_007_Region,115527-sample_1_lv_0046706_007,0,-4.9263844,7.4940333,0,53,F2
Sample_007_Region,115528-sample_1_lv_0046706_007,9,8.941614,13.918531,0,80,ILC1_3
Sample_007_Region,115529-sample_1_lv_0046706_007,0,-3.1394055,8.386209,0,254,F2
Sample_007_Region,115530-sample_1_lv_0046706_007,12,13.350573,6.189713,0,146,F1
Sample_007_Region,115531-sample_1_lv_0046706_007,12,12.57332,7.2812114,0,202,Mono_mac
Sample_007_Region,115532-sample_1_lv_0046706_007,2,10.043182,6.365296,0,229,Tc
Sample_007_Region,115533-sample_1_lv_0046706_007,3,9.453448,6.0536265,0,190,F1
Sample_007_Region,115534-sample_1_lv_0046706_007,0,-5.8982897,5.328734,0,365,Pericyte_2
Sample_007_Region,115535-sample_1_lv_0046706_007,24,12.29537,-2.2705798,0,309,F3
Sample_007_Region,115536-sample_1_lv_0046706_007,0,-3.3338323,7.904572,0,29,Mono_mac
Sample_007_Region,115537-sample_1_lv_0046706_007,22,9.785267,19.191639,0,885,Pericyte_2
Sample_007_Region,115538-sample_1_lv_0046706_007,0,-5.094345,8.132118,0,343,Pericyte_2
Sample_007_Region,115539-sample_1_lv_0046706_007,5,9.577454,2.560335,0,199,Pericyte_2
Sample_007_Region,115540-sample_1_lv_0046706_007,0,-5.265663,8.777613,0,41,F1
Sample_007_Region,115541-sample_1_lv_0046706_007,6,13.53688,14.878627,0,481,F1
Sample_007_Region,115542-sample_1_lv_0046706_007,25,22.517738,9.850349,0,377,Pericyte_2
Sample_007_Region,115543-sample_1_lv_0046706_007,25,22.505514,9.679757,0,302,Pericyte_2
Sample_007_Region,115544-sample_1_lv_0046706_007,5,10.018735,2.8548443,0,305,ILC1_3
Sample_007_Region,115545-sample_1_lv_0046706_007,10,10.040979,8.795902,0,474,F2
Sample_007_Region,115546-sample_1_lv_0046706_007,12,16.293236,4.701745,0,90,F1
Sample_007_Region,115547-sample_1_lv_0046706_007,25,9.556734,22.09946,0,186,Th
Sample_007_Region,115548-sample_1_lv_0046706_007,12,13.0494175,7.9528394,0,355,Mono_mac
Sample_007_Region,115549-sample_1_lv_0046706_007,9,9.422896,14.188535,0,375,moDC
Sample_007_Region,115550-sample_1_lv_0046706_007,22,11.081632,19.180662,0,334,Pericyte_2
Sample_007_Region,115551-sample_1_lv_0046706_007,0,-3.2594764,7.036072,0,88,F2
Sample_007_Region,115552-sample_1_lv_0046706_007,22,10.0567,19.050352,0,166,VE2
Sample_007_Region,115553-sample_1_lv_0046706_007,0,-4.760403,8.386137,0,71,VE2
Sample_007_Region,115554-sample_1_lv_0046706_007,12,15.070478,5.1523523,0,121,F1
Sample_007_Region,115555-sample_1_lv_0046706_007,1,9.501183,8.540352,0,229,F3
Sample_007_Region,115556-sample_1_lv_0046706_007,19,20.285683,13.698333,0,88,VE2
Sample_007_Region,115557-sample_1_lv_0046706_007,1,8.555235,6.588821,0,53,DC2
Sample_007_Region,115558-sample_1_lv_0046706_007,2,10.675761,7.235839,0,263,F3
Sample_007_Region,115559-sample_1_lv_0046706_007,2,10.845337,7.3438187,0,330,F1
Sample_007_Region,115560-sample_1_lv_0046706_007,3,9.412312,5.638642,0,207,Mono_mac
Sample_007_Region,115561-sample_1_lv_0046706_007,11,11.944676,9.9693775,0,103,Mono_mac
Sample_007_Region,115562-sample_1_lv_0046706_007,11,11.619633,9.913005,0,783,F2
Sample_007_Region,115563-sample_1_lv_0046706_007,14,10.695559,5.156601,0,306,Pericyte_2
Sample_007_Region,115564-sample_1_lv_0046706_007,5,8.751267,3.4594004,0,461,Mono_mac
Sample_007_Region,115565-sample_1_lv_0046706_007,13,8.618066,11.028082,0,856,F3
Sample_007_Region,115566-sample_1_lv_0046706_007,1,10.872394,9.120022,0,227,DC2
Sample_007_Region,115567-sample_1_lv_0046706_007,27,1.517006,0.70606863,0,50,F2
Sample_007_Region,115568-sample_1_lv_0046706_007,2,9.681577,6.713135,0,355,F3
Sample_007_Region,115569-sample_1_lv_0046706_007,2,11.560259,7.320893,0,697,Mono_mac
Sample_007_Region,115570-sample_1_lv_0046706_007,8,14.096662,1.196789,0,233,F1
Sample_007_Region,115571-sample_1_lv_0046706_007,4,14.945543,8.740343,0,593,F2
Sample_007_Region,115572-sample_1_lv_0046706_007,19,19.915934,14.158407,0,272,F2
Sample_007_Region,115573-sample_1_lv_0046706_007,7,14.4244795,11.504572,0,817,Pericyte_2
Sample_007_Region,115574-sample_1_lv_0046706_007,9,9.117718,13.589063,0,333,MigDC
Sample_007_Region,115575-sample_1_lv_0046706_007,9,10.128348,13.564235,0,665,Mono_mac
Sample_007_Region,115576-sample_1_lv_0046706_007,6,11.922314,13.280062,0,355,F2
Sample_007_Region,115577-sample_1_lv_0046706_007,3,7.5883093,5.697082,0,75,Macro_1
Sample_007_Region,115578-sample_1_lv_0046706_007,0,-3.2761097,7.910236,0,71,F3
Sample_007_Region,115579-sample_1_lv_0046706_007,11,11.490867,9.415813,0,359,Pericyte_1
Sample_007_Region,115580-sample_1_lv_0046706_007,9,10.019035,14.374457,0,493,Pericyte_1
Sample_007_Region,115581-sample_1_lv_0046706_007,9,9.956556,13.967656,0,717,Mono_mac
Sample_007_Region,115582-sample_1_lv_0046706_007,3,8.487319,5.1853194,0,950,Mono_mac
Sample_007_Region,115583-sample_1_lv_0046706_007,1,9.635725,8.564179,0,617,Mono_mac
Sample_007_Region,115584-sample_1_lv_0046706_007,19,20.356236,13.573204,0,241,F1
Sample_007_Region,115585-sample_1_lv_0046706_007,1,11.518642,8.706377,0,1454,Mono_mac
Sample_007_Region,115586-sample_1_lv_0046706_007,11,10.63107,9.891148,0,538,F3
Sample_007_Region,115587-sample_1_lv_0046706_007,2,10.2666645,7.29305,0,314,Tc
Sample_007_Region,115588-sample_1_lv_0046706_007,22,10.942457,19.159925,0,192,Mono_mac
Sample_007_Region,115589-sample_1_lv_0046706_007,0,-5.941242,7.643296,0,116,F2
Sample_007_Region,115590-sample_1_lv_0046706_007,29,6.380667,4.173147,0,384,F1
Sample_007_Region,115591-sample_1_lv_0046706_007,3,7.878985,5.3006763,0,225,F2
Sample_007_Region,115592-sample_1_lv_0046706_007,19,20.352509,13.599909,0,296,F2
Sample_007_Region,115593-sample_1_lv_0046706_007,9,9.9857,13.255702,0,441,Mono_mac
Sample_007_Region,115594-sample_1_lv_0046706_007,5,12.684554,3.5574033,0,231,DC2
Sample_007_Region,115595-sample_1_lv_0046706_007,15,3.50261,7.050443,0,100,Macro_1
Sample_007_Region,115596-sample_1_lv_0046706_007,0,-4.5934925,7.3425384,0,61,F3
Sample_007_Region,115597-sample_1_lv_0046706_007,0,-2.6530936,7.2581716,0,4,Treg
Sample_007_Region,115598-sample_1_lv_0046706_007,7,14.952141,12.563784,0,333,Mono_mac
Sample_007_Region,115599-sample_1_lv_0046706_007,1,10.574381,8.46216,0,146,Mono_mac
Sample_007_Region,115600-sample_1_lv_0046706_007,2,9.675557,6.9032393,0,567,Mono_mac
Sample_007_Region,115601-sample_1_lv_0046706_007,21,16.18698,17.431156,0,146,F2
Sample_007_Region,115602-sample_1_lv_0046706_007,23,6.3682246,18.50699,0,410,F2
Sample_007_Region,115603-sample_1_lv_0046706_007,1,7.818293,7.167127,0,56,Mono_mac
Sample_007_Region,115604-sample_1_lv_0046706_007,34,1.9557174,15.887912,0,98,F3
Sample_007_Region,115605-sample_1_lv_0046706_007,35,4.046816,2.2930126,0,41,Mono_mac
Sample_007_Region,115606-sample_1_lv_0046706_007,0,-5.41702,6.018095,0,41,Mono_mac
Sample_007_Region,115607-sample_1_lv_0046706_007,22,10.293177,19.432253,0,372,F3
Sample_007_Region,115608-sample_1_lv_0046706_007,18,14.759853,2.5559301,0,447,Mono_mac
Sample_007_Region,115609-sample_1_lv_0046706_007,5,8.315153,2.8243861,0,497,Mono_mac
Sample_007_Region,115610-sample_1_lv_0046706_007,2,9.365006,7.204642,0,391,F1
Sample_007_Region,115611-sample_1_lv_0046706_007,1,9.6885395,8.512474,0,169,Th
Sample_007_Region,115612-sample_1_lv_0046706_007,8,13.106257,1.6987703,0,624,F1
Sample_007_Region,115613-sample_1_lv_0046706_007,23,6.535946,18.518162,0,316,Tc
Sample_007_Region,115614-sample_1_lv_0046706_007,2,9.254126,7.087267,0,676,F3
Sample_007_Region,115615-sample_1_lv_0046706_007,12,12.924798,7.361626,0,767,Mono_mac
Sample_007_Region,115616-sample_1_lv_0046706_007,21,16.75407,19.795536,0,214,F1
Sample_007_Region,115617-sample_1_lv_0046706_007,21,16.689833,19.782375,0,164,Undifferentiated_KC
Sample_007_Region,115618-sample_1_lv_0046706_007,1,11.859841,10.524149,0,84,Undifferentiated_KC
Sample_007_Region,115619-sample_1_lv_0046706_007,21,16.886803,19.661587,0,419,Differentiated_KC
Sample_007_Region,115620-sample_1_lv_0046706_007,1,11.477476,11.4663925,0,164,Undifferentiated_KC
Sample_007_Region,115621-sample_1_lv_0046706_007,0,-5.388731,6.5412183,0,213,Undifferentiated_KC
Sample_007_Region,115622-sample_1_lv_0046706_007,33,0.73711985,20.834963,0,393,Undifferentiated_KC
Sample_007_Region,115623-sample_1_lv_0046706_007,6,12.576207,13.503431,0,219,Macro_1
Sample_007_Region,115624-sample_1_lv_0046706_007,6,12.001262,12.770874,0,24,Undifferentiated_KC
Sample_007_Region,115625-sample_1_lv_0046706_007,4,15.717003,8.106905,0,233,LC
Sample_007_Region,115626-sample_1_lv_0046706_007,7,15.373659,12.067037,0,383,Undifferentiated_KC
Sample_007_Region,115627-sample_1_lv_0046706_007,21,17.000153,18.286667,0,919,F1
Sample_007_Region,115628-sample_1_lv_0046706_007,7,15.381684,12.305894,0,208,LC
Sample_007_Region,115629-sample_1_lv_0046706_007,21,16.945126,17.980713,0,862,F1
Sample_007_Region,115630-sample_1_lv_0046706_007,6,15.1015625,13.385779,0,1199,LC
Sample_007_Region,115631-sample_1_lv_0046706_007,7,15.666418,12.070235,0,272,Mono_mac
Sample_007_Region,115632-sample_1_lv_0046706_007,21,16.509222,20.093672,0,630,Undifferentiated_KC
Sample_007_Region,115633-sample_1_lv_0046706_007,6,13.300104,13.926468,0,375,Undifferentiated_KC
Sample_007_Region,115634-sample_1_lv_0046706_007,21,16.469122,20.110268,0,686,Undifferentiated_KC
Sample_007_Region,115635-sample_1_lv_0046706_007,0,-5.288971,8.205405,0,208,Undifferentiated_KC
Sample_007_Region,115636-sample_1_lv_0046706_007,7,16.720484,11.922721,0,222,Undifferentiated_KC
Sample_007_Region,115637-sample_1_lv_0046706_007,9,9.783086,13.636207,0,799,F2
Sample_007_Region,115638-sample_1_lv_0046706_007,4,14.440483,9.055608,0,898,F2
Sample_007_Region,115639-sample_1_lv_0046706_007,1,8.3578,8.276879,0,85,DC2
Sample_007_Region,115640-sample_1_lv_0046706_007,0,-2.352084,7.70052,0,277,Mono_mac
Sample_007_Region,115641-sample_1_lv_0046706_007,1,7.1610713,11.044501,0,56,Mono_mac
Sample_007_Region,115642-sample_1_lv_0046706_007,7,15.733022,12.921243,0,259,Undifferentiated_KC
Sample_007_Region,115643-sample_1_lv_0046706_007,21,22.268124,13.660895,0,590,Differentiated_KC
Sample_007_Region,115644-sample_1_lv_0046706_007,0,-6.1536784,6.3395314,0,248,F2
Sample_007_Region,115645-sample_1_lv_0046706_007,4,13.672766,9.114798,0,363,Mono_mac
Sample_007_Region,115646-sample_1_lv_0046706_007,5,6.289901,11.85851,0,391,VE2
Sample_007_Region,115647-sample_1_lv_0046706_007,10,13.621578,8.519189,0,552,Mono_mac
Sample_007_Region,115648-sample_1_lv_0046706_007,0,-5.724217,9.405483,0,106,F3
Sample_007_Region,115649-sample_1_lv_0046706_007,5,13.097888,5.2093296,0,367,F3
Sample_007_Region,115650-sample_1_lv_0046706_007,5,13.811396,4.6981006,0,981,VE2
Sample_007_Region,115651-sample_1_lv_0046706_007,11,10.9689665,10.461429,0,338,F2
Sample_007_Region,115652-sample_1_lv_0046706_007,8,13.943578,1.5228046,0,273,F2
Sample_007_Region,115653-sample_1_lv_0046706_007,0,-4.6970277,8.27557,0,123,F1
Sample_007_Region,115654-sample_1_lv_0046706_007,5,8.12547,2.0529618,0,205,Pericyte_2
Sample_007_Region,115655-sample_1_lv_0046706_007,3,8.409838,6.035461,0,109,Macro_1
Sample_007_Region,115656-sample_1_lv_0046706_007,2,11.855427,7.1558437,0,164,F3
Sample_007_Region,115657-sample_1_lv_0046706_007,7,14.251465,13.0481615,0,150,Undifferentiated_KC
Sample_007_Region,115658-sample_1_lv_0046706_007,0,-4.585906,7.69504,0,66,Undifferentiated_KC
Sample_007_Region,115659-sample_1_lv_0046706_007,1,12.471487,11.780245,0,3,Differentiated_KC
Sample_007_Region,115660-sample_1_lv_0046706_007,7,14.202133,12.937532,0,62,Differentiated_KC
Sample_007_Region,115661-sample_1_lv_0046706_007,1,4.3695393,0.13574988,0,115,Undifferentiated_KC
Sample_007_Region,115662-sample_1_lv_0046706_007,0,-5.095405,8.230295,0,52,Undifferentiated_KC
Sample_007_Region,115663-sample_1_lv_0046706_007,3,8.056074,4.253037,0,79,F1
Sample_007_Region,115664-sample_1_lv_0046706_007,0,-6.2679186,6.1512766,0,104,Mono_mac
Sample_007_Region,115665-sample_1_lv_0046706_007,1,9.318406,7.4875035,0,314,Mono_mac
Sample_007_Region,115666-sample_1_lv_0046706_007,5,8.703789,3.741328,0,781,Mono_mac
Sample_007_Region,115667-sample_1_lv_0046706_007,3,10.206094,5.6204014,0,294,Mono_mac
Sample_007_Region,115668-sample_1_lv_0046706_007,3,9.633466,5.962511,0,58,F1
Sample_007_Region,115669-sample_1_lv_0046706_007,4,14.95072,8.662124,0,281,F1
Sample_007_Region,115670-sample_1_lv_0046706_007,16,5.4843187,7.5539713,0,107,F1
Sample_007_Region,115671-sample_1_lv_0046706_007,15,4.923965,12.32469,0,59,F1
Sample_007_Region,115672-sample_1_lv_0046706_007,31,10.158483,-1.1145289,0,635,F2
Sample_007_Region,115673-sample_1_lv_0046706_007,0,-5.5902195,7.665977,0,155,F1
Sample_007_Region,115674-sample_1_lv_0046706_007,23,6.3798695,19.350372,0,90,Undifferentiated_KC
Sample_007_Region,115675-sample_1_lv_0046706_007,16,6.6206484,8.098579,0,56,F3
Sample_007_Region,115676-sample_1_lv_0046706_007,29,3.970596,3.9517179,0,69,Undifferentiated_KC
Sample_007_Region,115677-sample_1_lv_0046706_007,3,9.516635,5.7491493,0,406,F3
Sample_007_Region,115678-sample_1_lv_0046706_007,19,20.24162,14.161374,0,498,Schwann_1
Sample_007_Region,115679-sample_1_lv_0046706_007,3,8.59689,5.226267,0,408,F3
Sample_007_Region,115680-sample_1_lv_0046706_007,4,14.024097,8.914896,0,378,Schwann_1
Sample_007_Region,115681-sample_1_lv_0046706_007,8,15.046041,-0.22768341,0,112,Undifferentiated_KC
Sample_007_Region,115682-sample_1_lv_0046706_007,3,7.3436546,4.796787,0,420,F1
Sample_007_Region,115683-sample_1_lv_0046706_007,1,7.911812,9.902056,0,96,F1
Sample_007_Region,115684-sample_1_lv_0046706_007,0,-5.99625,7.5595794,0,471,F2
Sample_007_Region,115685-sample_1_lv_0046706_007,1,4.292753,0.058764596,0,179,Undifferentiated_KC
Sample_007_Region,115686-sample_1_lv_0046706_007,0,-4.106678,8.021664,0,65,Undifferentiated_KC
Sample_007_Region,115687-sample_1_lv_0046706_007,29,3.2348242,3.496,0,208,Undifferentiated_KC
Sample_007_Region,115688-sample_1_lv_0046706_007,11,11.924134,9.055393,0,241,Mono_mac
Sample_007_Region,115689-sample_1_lv_0046706_007,8,12.96426,1.8293015,0,171,Mono_mac
Sample_007_Region,115690-sample_1_lv_0046706_007,8,12.994548,2.7271001,0,361,Mono_mac
Sample_007_Region,115691-sample_1_lv_0046706_007,20,16.841839,14.687436,0,222,F1
Sample_007_Region,115692-sample_1_lv_0046706_007,6,13.071022,15.42233,0,817,F1
Sample_007_Region,115693-sample_1_lv_0046706_007,11,12.592475,8.556421,0,206,Schwann_1
Sample_007_Region,115694-sample_1_lv_0046706_007,0,-3.3883862,6.1700935,0,253,VE2
Sample_007_Region,115695-sample_1_lv_0046706_007,1,10.735768,8.4309,0,528,Mono_mac
Sample_007_Region,115696-sample_1_lv_0046706_007,5,13.169327,5.279089,0,452,Mono_mac
Sample_007_Region,115697-sample_1_lv_0046706_007,14,10.897512,4.21353,0,333,F2
Sample_007_Region,115698-sample_1_lv_0046706_007,5,13.762048,4.356299,0,105,Mono_mac
Sample_007_Region,115699-sample_1_lv_0046706_007,3,9.6771755,5.4957185,0,167,F1
Sample_007_Region,115700-sample_1_lv_0046706_007,0,-4.0958056,7.2979426,0,120,F1
Sample_007_Region,115701-sample_1_lv_0046706_007,1,10.95831,8.463749,0,145,Mono_mac
Sample_007_Region,115702-sample_1_lv_0046706_007,8,12.993341,2.8339736,0,412,VE3
Sample_007_Region,115703-sample_1_lv_0046706_007,18,16.211428,1.9201487,0,272,F1
Sample_007_Region,115704-sample_1_lv_0046706_007,14,12.161822,2.9017704,0,697,Pericyte_2
Sample_007_Region,115705-sample_1_lv_0046706_007,22,9.553784,19.32539,0,716,VE3
Sample_007_Region,115706-sample_1_lv_0046706_007,5,13.148356,5.064069,0,375,VE3
Sample_007_Region,115707-sample_1_lv_0046706_007,22,9.709985,19.367641,0,646,Mono_mac
Sample_007_Region,115708-sample_1_lv_0046706_007,22,9.639871,19.528131,0,387,VE3
Sample_007_Region,115709-sample_1_lv_0046706_007,9,10.102964,13.854864,0,238,Mono_mac
Sample_007_Region,115710-sample_1_lv_0046706_007,23,6.3119035,18.455214,0,835,F2
Sample_007_Region,115711-sample_1_lv_0046706_007,16,5.878935,6.252138,0,650,Mono_mac
Sample_007_Region,115712-sample_1_lv_0046706_007,1,8.782239,8.604113,0,87,Th
Sample_007_Region,115713-sample_1_lv_0046706_007,24,9.724215,0.5815087,0,124,Mono_mac
Sample_007_Region,115714-sample_1_lv_0046706_007,22,9.492116,19.456131,0,543,Mono_mac
Sample_007_Region,115715-sample_1_lv_0046706_007,32,1.4105318,10.236047,0,268,F3
Sample_007_Region,115716-sample_1_lv_0046706_007,5,13.73526,4.226308,0,419,Mono_mac
Sample_007_Region,115717-sample_1_lv_0046706_007,2,11.165876,8.214424,0,327,Mono_mac
Sample_007_Region,115722-sample_1_lv_0046706_007,5,6.238783,11.946678,0,127,Mono_mac
Sample_007_Region,115723-sample_1_lv_0046706_007,19,19.980164,14.535241,0,1121,Pericyte_2
Sample_007_Region,115724-sample_1_lv_0046706_007,5,13.010607,4.3977942,0,273,Mono_mac
Sample_007_Region,115725-sample_1_lv_0046706_007,1,7.8350706,9.3238735,0,156,VE2
Sample_007_Region,115726-sample_1_lv_0046706_007,5,9.308238,3.7112567,0,327,Pericyte_2
Sample_007_Region,115727-sample_1_lv_0046706_007,0,-4.029654,8.464908,0,235,F1
Sample_007_Region,115728-sample_1_lv_0046706_007,9,9.342474,14.157987,0,280,Th
Sample_007_Region,115729-sample_1_lv_0046706_007,3,8.258603,4.4118605,0,485,F1
Sample_007_Region,115730-sample_1_lv_0046706_007,14,10.964198,4.7959213,0,50,F3
Sample_007_Region,115731-sample_1_lv_0046706_007,6,12.471657,14.232333,0,94,F1
Sample_007_Region,115732-sample_1_lv_0046706_007,2,10.557972,7.547707,0,379,Undifferentiated_KC
Sample_007_Region,115733-sample_1_lv_0046706_007,2,11.268591,7.4844894,0,295,F1
Sample_007_Region,115752-sample_1_lv_0046706_007,21,16.751127,19.882143,0,356,F1
Sample_007_Region,115753-sample_1_lv_0046706_007,20,16.643274,15.037602,0,656,F1
Sample_007_Region,115754-sample_1_lv_0046706_007,3,5.9500566,5.63409,0,52,Mono_mac
Sample_007_Region,115755-sample_1_lv_0046706_007,5,9.967614,2.4388096,0,89,F1
Sample_007_Region,115756-sample_1_lv_0046706_007,1,4.668138,0.40328723,0,549,Undifferentiated_KC
Sample_007_Region,115757-sample_1_lv_0046706_007,29,3.0287185,2.4768708,0,383,Undifferentiated_KC
Sample_007_Region,115758-sample_1_lv_0046706_007,6,13.81777,15.310782,0,370,Undifferentiated_KC
Sample_007_Region,115759-sample_1_lv_0046706_007,21,22.599813,13.806845,0,47,moDC
Sample_007_Region,115760-sample_1_lv_0046706_007,21,16.82011,19.960222,0,71,Undifferentiated_KC
Sample_007_Region,115761-sample_1_lv_0046706_007,0,-4.1299124,6.6834726,0,214,Undifferentiated_KC
Sample_007_Region,115762-sample_1_lv_0046706_007,1,9.618155,8.495361,0,242,Undifferentiated_KC
Sample_007_Region,115763-sample_1_lv_0046706_007,21,16.751928,19.785282,0,415,Differentiated_KC
Sample_007_Region,115764-sample_1_lv_0046706_007,0,-2.246274,7.4845834,0,413,F1
Sample_007_Region,115765-sample_1_lv_0046706_007,5,12.105985,6.4795213,0,581,Mono_mac
Sample_007_Region,115766-sample_1_lv_0046706_007,32,2.4476776,0.032649897,0,595,Mono_mac
Sample_007_Region,115767-sample_1_lv_0046706_007,23,6.8470182,19.075455,0,627,VE3
Sample_007_Region,115768-sample_1_lv_0046706_007,21,16.640137,19.509745,0,430,F1
Sample_007_Region,115769-sample_1_lv_0046706_007,21,16.534626,20.09363,0,467,Macro_1
Sample_007_Region,115770-sample_1_lv_0046706_007,21,16.651966,20.101027,0,593,Differentiated_KC
Sample_007_Region,115771-sample_1_lv_0046706_007,21,22.22946,13.554354,0,622,Differentiated_KC
Sample_007_Region,115772-sample_1_lv_0046706_007,21,17.066519,18.081306,0,164,Differentiated_KC
Sample_007_Region,115773-sample_1_lv_0046706_007,6,13.819504,15.253063,0,748,Undifferentiated_KC
Sample_007_Region,115774-sample_1_lv_0046706_007,1,12.390772,10.592919,0,656,Pericyte_1
Sample_007_Region,115775-sample_1_lv_0046706_007,0,-3.0018759,7.946565,0,183,Undifferentiated_KC
Sample_007_Region,115776-sample_1_lv_0046706_007,3,9.386331,4.3038154,0,40,F1
Sample_007_Region,115777-sample_1_lv_0046706_007,7,15.6743355,12.718774,0,539,Undifferentiated_KC
Sample_007_Region,115778-sample_1_lv_0046706_007,6,13.480763,15.219732,0,615,Undifferentiated_KC
Sample_007_Region,115779-sample_1_lv_0046706_007,21,16.840837,17.764769,0,769,Undifferentiated_KC
Sample_007_Region,115780-sample_1_lv_0046706_007,4,15.933844,10.070764,0,213,Undifferentiated_KC
Sample_007_Region,115781-sample_1_lv_0046706_007,21,17.090282,18.144318,0,151,Macro_1
Sample_007_Region,115782-sample_1_lv_0046706_007,21,17.01782,18.227701,0,257,LC
Sample_007_Region,115783-sample_1_lv_0046706_007,21,16.47904,20.119564,0,128,Undifferentiated_KC
Sample_007_Region,115784-sample_1_lv_0046706_007,14,11.045415,4.645027,0,67,Mono_mac
Sample_007_Region,115785-sample_1_lv_0046706_007,31,11.123595,-2.0928316,0,200,Undifferentiated_KC
Sample_007_Region,115786-sample_1_lv_0046706_007,6,12.927573,14.58328,0,405,Undifferentiated_KC
Sample_007_Region,115787-sample_1_lv_0046706_007,21,16.482145,18.077934,0,163,Differentiated_KC
Sample_007_Region,115788-sample_1_lv_0046706_007,7,16.077662,12.876439,0,423,Undifferentiated_KC
Sample_007_Region,115789-sample_1_lv_0046706_007,21,16.839739,19.760136,0,368,F1
Sample_007_Region,115790-sample_1_lv_0046706_007,7,15.609715,12.834615,0,337,F1
Sample_007_Region,115791-sample_1_lv_0046706_007,20,16.67162,13.947611,0,539,Undifferentiated_KC
Sample_007_Region,115792-sample_1_lv_0046706_007,6,13.034312,15.447549,0,436,Undifferentiated_KC
Sample_007_Region,115793-sample_1_lv_0046706_007,1,7.043893,10.033938,0,312,Undifferentiated_KC
Sample_007_Region,115794-sample_1_lv_0046706_007,21,22.680584,13.885959,0,40,migLC
Sample_007_Region,115795-sample_1_lv_0046706_007,21,22.335184,13.586346,0,249,migLC
Sample_007_Region,115796-sample_1_lv_0046706_007,21,22.386847,13.636597,0,258,Mono_mac
Sample_007_Region,115797-sample_1_lv_0046706_007,1,12.475677,11.4628935,0,39,migLC
Sample_007_Region,115798-sample_1_lv_0046706_007,0,-4.5847774,8.203865,0,29,Undifferentiated_KC
Sample_007_Region,115799-sample_1_lv_0046706_007,0,-2.9291656,9.157749,0,0,Differentiated_KC
Sample_007_Region,115800-sample_1_lv_0046706_007,0,-6.2103662,6.914409,0,0,Differentiated_KC
Sample_007_Region,115801-sample_1_lv_0046706_007,21,22.360943,13.58102,0,198,Differentiated_KC
Sample_007_Region,115802-sample_1_lv_0046706_007,21,16.742456,20.254044,0,148,Undifferentiated_KC
Sample_007_Region,115803-sample_1_lv_0046706_007,21,22.319626,13.5981,0,354,moDC
Sample_007_Region,115804-sample_1_lv_0046706_007,21,16.5686,19.631502,0,281,Differentiated_KC
Sample_007_Region,115805-sample_1_lv_0046706_007,21,16.705404,20.198019,0,369,MigDC
Sample_007_Region,115806-sample_1_lv_0046706_007,6,14.541598,14.737675,0,510,Undifferentiated_KC
Sample_007_Region,115807-sample_1_lv_0046706_007,21,17.0538,18.081244,0,119,Differentiated_KC
Sample_007_Region,115808-sample_1_lv_0046706_007,21,17.19682,17.945885,0,116,Differentiated_KC
Sample_007_Region,115809-sample_1_lv_0046706_007,21,16.76917,20.232538,0,408,Differentiated_KC
Sample_007_Region,115810-sample_1_lv_0046706_007,21,22.625721,13.799554,0,113,Differentiated_KC
Sample_007_Region,115811-sample_1_lv_0046706_007,1,4.5919423,0.29943332,0,332,Undifferentiated_KC
Sample_007_Region,115812-sample_1_lv_0046706_007,4,8.4836855,9.625621,0,505,Undifferentiated_KC
Sample_007_Region,115813-sample_1_lv_0046706_007,0,-7.038865,7.685271,0,285,Undifferentiated_KC
Sample_007_Region,115814-sample_1_lv_0046706_007,0,-5.5058656,8.424812,0,196,Undifferentiated_KC
Sample_007_Region,115815-sample_1_lv_0046706_007,21,16.812292,17.692278,0,70,Undifferentiated_KC
Sample_007_Region,115816-sample_1_lv_0046706_007,21,22.52519,13.793469,0,164,F1
Sample_007_Region,115817-sample_1_lv_0046706_007,21,22.356546,13.6186,0,173,moDC
Sample_007_Region,115818-sample_1_lv_0046706_007,25,9.056719,21.786594,0,47,F1
Sample_007_Region,115819-sample_1_lv_0046706_007,21,16.766459,19.764055,0,204,Differentiated_KC
Sample_007_Region,115820-sample_1_lv_0046706_007,17,4.4065347,11.62833,0,520,Undifferentiated_KC
Sample_007_Region,115821-sample_1_lv_0046706_007,22,9.743916,19.605633,0,489,Mono_mac
Sample_007_Region,115822-sample_1_lv_0046706_007,14,12.449223,4.135437,0,499,Mono_mac
Sample_007_Region,115823-sample_1_lv_0046706_007,5,12.954447,4.425194,0,607,Mono_mac
Sample_007_Region,115824-sample_1_lv_0046706_007,6,12.494729,13.748279,0,561,Undifferentiated_KC
Sample_007_Region,115825-sample_1_lv_0046706_007,14,10.751167,4.3275075,0,489,F1
Sample_007_Region,115826-sample_1_lv_0046706_007,7,15.180361,12.360331,0,174,Undifferentiated_KC
Sample_007_Region,115827-sample_1_lv_0046706_007,1,12.11891,12.551098,0,824,LC
Sample_007_Region,115828-sample_1_lv_0046706_007,4,15.536916,9.876644,0,318,Undifferentiated_KC
Sample_007_Region,115829-sample_1_lv_0046706_007,6,14.361558,14.642589,0,253,Differentiated_KC
Sample_007_Region,115830-sample_1_lv_0046706_007,21,16.750717,17.773897,0,387,Undifferentiated_KC
Sample_007_Region,115831-sample_1_lv_0046706_007,31,10.851302,-1.5085459,0,192,Macro_1
Sample_007_Region,115832-sample_1_lv_0046706_007,27,1.3788121,4.791059,0,291,Pericyte_2
Sample_007_Region,115833-sample_1_lv_0046706_007,18,14.750456,2.5445426,0,615,Pericyte_2
Sample_007_Region,115834-sample_1_lv_0046706_007,6,13.19042,14.518307,0,563,Undifferentiated_KC
Sample_007_Region,115835-sample_1_lv_0046706_007,5,9.328033,3.245884,0,353,Pericyte_1
Sample_007_Region,115836-sample_1_lv_0046706_007,25,8.911192,21.680405,0,114,F1
Sample_007_Region,115837-sample_1_lv_0046706_007,21,17.157965,18.145725,0,134,Differentiated_KC
Sample_007_Region,115838-sample_1_lv_0046706_007,21,22.581186,13.778948,0,39,migLC
Sample_007_Region,115839-sample_1_lv_0046706_007,7,15.48791,12.505939,0,616,Undifferentiated_KC
Sample_007_Region,115840-sample_1_lv_0046706_007,4,8.377098,9.684288,0,189,Undifferentiated_KC
Sample_007_Region,115841-sample_1_lv_0046706_007,6,13.09542,14.67722,0,454,Undifferentiated_KC
Sample_007_Region,115842-sample_1_lv_0046706_007,7,15.49958,12.0145855,0,389,Differentiated_KC
Sample_007_Region,115843-sample_1_lv_0046706_007,21,16.809607,19.612461,0,230,Differentiated_KC
Sample_007_Region,115844-sample_1_lv_0046706_007,21,16.614204,17.525318,0,18,Differentiated_KC
Sample_007_Region,115845-sample_1_lv_0046706_007,21,16.621153,19.933132,0,538,Differentiated_KC
Sample_007_Region,115846-sample_1_lv_0046706_007,21,22.448584,13.703769,0,124,Differentiated_KC
Sample_007_Region,115847-sample_1_lv_0046706_007,21,16.675558,19.9112,0,346,Differentiated_KC
Sample_007_Region,115848-sample_1_lv_0046706_007,21,16.73544,19.834314,0,318,Differentiated_KC
Sample_007_Region,115849-sample_1_lv_0046706_007,21,16.525665,20.189465,0,333,Differentiated_KC
Sample_007_Region,115850-sample_1_lv_0046706_007,25,9.069059,21.798742,0,22,migLC
Sample_007_Region,115851-sample_1_lv_0046706_007,23,6.0812187,18.565008,0,330,Undifferentiated_KC
Sample_007_Region,115852-sample_1_lv_0046706_007,5,13.403079,3.7545605,0,178,F3
Sample_007_Region,115853-sample_1_lv_0046706_007,25,9.41601,22.174881,0,309,Undifferentiated_KC
Sample_007_Region,115854-sample_1_lv_0046706_007,7,15.325636,12.614052,0,321,Undifferentiated_KC
Sample_007_Region,115855-sample_1_lv_0046706_007,17,5.325442,9.222738,0,289,Undifferentiated_KC
Sample_007_Region,115856-sample_1_lv_0046706_007,21,17.012262,17.975338,0,501,Differentiated_KC
Sample_007_Region,115857-sample_1_lv_0046706_007,21,16.752964,20.100271,0,132,Differentiated_KC
Sample_007_Region,115858-sample_1_lv_0046706_007,21,16.405312,17.904648,0,97,Differentiated_KC
Sample_007_Region,115859-sample_1_lv_0046706_007,21,16.67523,19.813766,0,88,Differentiated_KC
Sample_007_Region,115860-sample_1_lv_0046706_007,4,7.3737984,9.06502,0,182,Differentiated_KC
Sample_007_Region,115861-sample_1_lv_0046706_007,8,12.989909,2.7688258,0,651,Pericyte_2
Sample_007_Region,115862-sample_1_lv_0046706_007,6,14.329547,14.460387,0,407,Undifferentiated_KC
Sample_007_Region,115863-sample_1_lv_0046706_007,6,14.328851,14.468807,0,484,Differentiated_KC
Sample_007_Region,115864-sample_1_lv_0046706_007,17,1.6848723,13.376223,0,418,Undifferentiated_KC
Sample_007_Region,115865-sample_1_lv_0046706_007,0,-4.166472,8.380831,0,416,Undifferentiated_KC
Sample_007_Region,115866-sample_1_lv_0046706_007,18,16.179619,3.6097324,0,183,F3
Sample_007_Region,115867-sample_1_lv_0046706_007,31,10.140926,-1.1184219,0,453,Undifferentiated_KC
Sample_007_Region,115868-sample_1_lv_0046706_007,26,7.223595,-4.126622,0,201,F3
Sample_007_Region,115869-sample_1_lv_0046706_007,21,17.007372,18.105558,0,177,Differentiated_KC
Sample_007_Region,115870-sample_1_lv_0046706_007,21,22.492556,13.730222,0,105,moDC
Sample_007_Region,115871-sample_1_lv_0046706_007,21,16.8111,20.037796,0,246,Differentiated_KC
Sample_007_Region,115872-sample_1_lv_0046706_007,7,16.665415,11.98715,0,267,Differentiated_KC
Sample_007_Region,115873-sample_1_lv_0046706_007,21,17.025322,18.035921,0,39,Differentiated_KC
Sample_007_Region,115874-sample_1_lv_0046706_007,21,22.40026,13.621191,0,155,migLC
Sample_007_Region,115875-sample_1_lv_0046706_007,21,22.57532,13.776475,0,65,migLC
Sample_007_Region,115876-sample_1_lv_0046706_007,21,16.559368,20.198666,0,324,Differentiated_KC
Sample_007_Region,115877-sample_1_lv_0046706_007,6,13.176288,13.546905,0,125,Undifferentiated_KC
Sample_007_Region,115878-sample_1_lv_0046706_007,21,16.227962,17.547047,0,531,Undifferentiated_KC
Sample_007_Region,115879-sample_1_lv_0046706_007,21,16.698174,17.669224,0,403,MigDC
Sample_007_Region,115880-sample_1_lv_0046706_007,6,12.545961,14.069912,0,478,Undifferentiated_KC
Sample_007_Region,115881-sample_1_lv_0046706_007,7,15.591051,12.748121,0,341,Undifferentiated_KC
Sample_007_Region,115882-sample_1_lv_0046706_007,6,12.397205,13.397427,0,495,Undifferentiated_KC
Sample_007_Region,115883-sample_1_lv_0046706_007,0,-5.1305485,7.5587654,0,328,F1
Sample_007_Region,115884-sample_1_lv_0046706_007,0,-3.8238275,8.079304,0,233,Undifferentiated_KC
Sample_007_Region,115885-sample_1_lv_0046706_007,11,11.600879,10.375333,0,193,Undifferentiated_KC
Sample_007_Region,115886-sample_1_lv_0046706_007,6,12.161016,12.851347,0,955,Undifferentiated_KC
Sample_007_Region,115887-sample_1_lv_0046706_007,9,10.034474,14.005719,0,502,F2
Sample_007_Region,115888-sample_1_lv_0046706_007,6,14.533521,15.614279,0,313,VE3
Sample_007_Region,115889-sample_1_lv_0046706_007,25,9.311946,22.025131,0,199,Undifferentiated_KC
Sample_007_Region,115890-sample_1_lv_0046706_007,6,13.928557,14.756827,0,158,Undifferentiated_KC
Sample_007_Region,115891-sample_1_lv_0046706_007,10,12.871607,9.36757,0,279,Mono_mac
Sample_007_Region,115892-sample_1_lv_0046706_007,7,14.886324,11.921634,0,454,Undifferentiated_KC
Sample_007_Region,115893-sample_1_lv_0046706_007,1,13.119612,9.630243,0,214,Undifferentiated_KC
Sample_007_Region,115894-sample_1_lv_0046706_007,7,14.377218,11.897746,0,490,Undifferentiated_KC
Sample_007_Region,115895-sample_1_lv_0046706_007,6,13.0662365,15.519689,0,285,Undifferentiated_KC
Sample_007_Region,115896-sample_1_lv_0046706_007,0,-4.221706,9.188075,0,4,Th
Sample_007_Region,115897-sample_1_lv_0046706_007,0,-1.9917942,7.9546404,0,4,Differentiated_KC
Sample_007_Region,115898-sample_1_lv_0046706_007,0,-2.756285,6.8363147,0,16,Th
Sample_007_Region,115899-sample_1_lv_0046706_007,0,-3.548997,5.1644096,0,0,Differentiated_KC
Sample_007_Region,115900-sample_1_lv_0046706_007,0,-4.253797,5.424334,0,2,Undifferentiated_KC
Sample_007_Region,115901-sample_1_lv_0046706_007,0,-4.536983,5.602851,0,0,Differentiated_KC
Sample_007_Region,115902-sample_1_lv_0046706_007,18,18.496885,2.6872349,0,1,Differentiated_KC
Sample_007_Region,115903-sample_1_lv_0046706_007,0,-5.1339064,7.0753922,0,10,Th
Sample_007_Region,115904-sample_1_lv_0046706_007,0,-4.280016,6.089963,0,3,Treg
Sample_007_Region,115905-sample_1_lv_0046706_007,0,-3.9161515,8.74031,0,7,Treg
Sample_007_Region,115906-sample_1_lv_0046706_007,0,-5.2799063,9.779306,0,1,Differentiated_KC
Sample_007_Region,115907-sample_1_lv_0046706_007,16,5.114701,8.872466,0,4,Undifferentiated_KC
Sample_007_Region,115908-sample_1_lv_0046706_007,0,-2.9601777,5.763686,0,8,Th
Sample_007_Region,115909-sample_1_lv_0046706_007,15,6.0272303,0.6033692,0,20,Differentiated_KC
Sample_007_Region,115910-sample_1_lv_0046706_007,15,5.968778,0.5714795,0,7,Differentiated_KC
Sample_007_Region,115911-sample_1_lv_0046706_007,15,6.043813,0.69241244,0,13,Th
Sample_007_Region,115912-sample_1_lv_0046706_007,0,-2.4950461,7.8327246,0,546,F2
Sample_007_Region,115913-sample_1_lv_0046706_007,4,14.324697,7.071276,0,612,Mono_mac
Sample_007_Region,115914-sample_1_lv_0046706_007,22,9.660528,19.272022,0,1163,Mono_mac
Sample_007_Region,115915-sample_1_lv_0046706_007,0,-5.5848846,5.2265105,0,415,Inf_mac
Sample_007_Region,115916-sample_1_lv_0046706_007,32,2.4126518,0.0072622024,0,312,Macro_1
Sample_007_Region,115917-sample_1_lv_0046706_007,25,9.375889,21.84393,0,1671,Mono_mac
Sample_007_Region,115918-sample_1_lv_0046706_007,3,8.063064,5.34746,0,291,F3
Sample_007_Region,115919-sample_1_lv_0046706_007,24,9.347751,0.5854372,0,49,F1
Sample_007_Region,115920-sample_1_lv_0046706_007,1,11.010007,8.518391,0,497,F3
Sample_007_Region,115921-sample_1_lv_0046706_007,9,9.678857,14.2364235,0,735,VE2
Sample_007_Region,115922-sample_1_lv_0046706_007,1,10.630982,8.714178,0,196,F1
Sample_007_Region,115923-sample_1_lv_0046706_007,4,14.375965,7.284106,0,576,F1
Sample_007_Region,115924-sample_1_lv_0046706_007,2,11.74461,7.9784455,0,384,F3
Sample_007_Region,115925-sample_1_lv_0046706_007,2,10.279944,6.7387266,0,641,F1
Sample_007_Region,115926-sample_1_lv_0046706_007,31,10.802201,-1.533955,0,223,VE2
Sample_007_Region,115927-sample_1_lv_0046706_007,1,9.391272,8.893762,0,487,F3
Sample_007_Region,115928-sample_1_lv_0046706_007,22,9.9234495,18.983397,0,893,Pericyte_2
Sample_007_Region,115929-sample_1_lv_0046706_007,5,12.801072,4.2307835,0,571,Pericyte_2
Sample_007_Region,115930-sample_1_lv_0046706_007,22,9.679704,19.428392,0,945,Pericyte_2
Sample_007_Region,115931-sample_1_lv_0046706_007,22,11.087031,19.239609,0,663,Pericyte_1
Sample_007_Region,115932-sample_1_lv_0046706_007,9,10.067347,13.641598,0,1286,Pericyte_1
Sample_007_Region,115933-sample_1_lv_0046706_007,19,19.790083,14.719503,0,1883,VE2
Sample_007_Region,115934-sample_1_lv_0046706_007,25,22.320913,9.772543,0,1756,Pericyte_2
Sample_007_Region,115935-sample_1_lv_0046706_007,10,15.955273,16.637177,0,509,F1
Sample_007_Region,115936-sample_1_lv_0046706_007,33,1.2995738,20.800922,0,535,F1
Sample_007_Region,115937-sample_1_lv_0046706_007,3,8.479406,5.002549,0,42,Pericyte_1
Sample_007_Region,115938-sample_1_lv_0046706_007,34,3.442736,18.131498,0,15,Th
Sample_007_Region,115939-sample_1_lv_0046706_007,0,-5.5120544,7.460947,0,7,Treg
Sample_007_Region,115940-sample_1_lv_0046706_007,0,-4.614483,5.0451784,0,62,Macro_1
Sample_007_Region,115941-sample_1_lv_0046706_007,3,7.926889,6.401943,0,92,Th
Sample_007_Region,115942-sample_1_lv_0046706_007,24,9.150611,-0.201329,0,221,F2
Sample_007_Region,115943-sample_1_lv_0046706_007,1,8.954966,9.310056,0,508,Mono_mac
Sample_007_Region,115944-sample_1_lv_0046706_007,26,10.330026,-4.893212,0,306,F3
Sample_007_Region,115945-sample_1_lv_0046706_007,11,10.958559,9.5756445,0,1188,F1
Sample_007_Region,115946-sample_1_lv_0046706_007,5,9.359314,2.5222294,0,296,F2
Sample_007_Region,115947-sample_1_lv_0046706_007,9,9.877382,13.643054,0,845,Mono_mac
Sample_007_Region,115948-sample_1_lv_0046706_007,19,19.853466,14.58976,0,1449,Schwann_1
Sample_007_Region,115949-sample_1_lv_0046706_007,22,11.212657,19.18889,0,372,VE2
Sample_007_Region,115950-sample_1_lv_0046706_007,19,19.925062,14.266945,0,204,MigDC
Sample_007_Region,115951-sample_1_lv_0046706_007,2,9.739689,6.4754558,0,375,F1
Sample_007_Region,115952-sample_1_lv_0046706_007,1,8.714817,8.53992,0,257,F3
Sample_007_Region,115953-sample_1_lv_0046706_007,13,9.650359,11.752084,0,253,DC2
Sample_007_Region,115954-sample_1_lv_0046706_007,1,10.293843,8.045208,0,646,DC2
Sample_007_Region,115955-sample_1_lv_0046706_007,1,10.461989,9.165918,0,309,F1
Sample_007_Region,115956-sample_1_lv_0046706_007,28,10.475459,-6.621214,0,55,F1
Sample_007_Region,115957-sample_1_lv_0046706_007,11,11.739426,10.086902,0,96,F3
Sample_007_Region,115958-sample_1_lv_0046706_007,2,9.813399,6.8262725,0,414,F3
Sample_007_Region,115959-sample_1_lv_0046706_007,2,9.413623,7.153658,0,310,Mono_mac
Sample_007_Region,115960-sample_1_lv_0046706_007,0,-2.4872162,6.758712,0,353,F2
Sample_007_Region,115961-sample_1_lv_0046706_007,1,8.542026,6.943488,0,173,F1
Sample_007_Region,115962-sample_1_lv_0046706_007,3,10.26196,5.331819,0,351,Mono_mac
Sample_007_Region,115963-sample_1_lv_0046706_007,2,9.706126,7.4142165,0,555,F2
Sample_007_Region,115964-sample_1_lv_0046706_007,9,9.641567,14.087966,0,274,Mono_mac
Sample_007_Region,115965-sample_1_lv_0046706_007,1,9.598672,8.097368,0,583,F1
Sample_007_Region,115966-sample_1_lv_0046706_007,2,10.940857,6.9447284,0,240,F1
Sample_007_Region,115967-sample_1_lv_0046706_007,22,10.758145,19.028458,0,651,F1
Sample_007_Region,115968-sample_1_lv_0046706_007,3,8.65801,5.567145,0,209,Mono_mac
Sample_007_Region,115969-sample_1_lv_0046706_007,0,-2.623977,6.474211,0,165,F2
Sample_007_Region,115970-sample_1_lv_0046706_007,4,8.88035,6.38705,0,237,Mono_mac
Sample_007_Region,115971-sample_1_lv_0046706_007,0,-4.8170533,8.485101,0,121,Macro_1
Sample_007_Region,115972-sample_1_lv_0046706_007,0,-5.7216988,6.203619,0,202,F1
Sample_007_Region,115973-sample_1_lv_0046706_007,1,9.257678,7.1941576,0,409,Mono_mac
Sample_007_Region,115974-sample_1_lv_0046706_007,25,22.533497,9.673235,0,1504,F1
Sample_007_Region,115975-sample_1_lv_0046706_007,1,11.054584,8.500623,0,228,Mono_mac
Sample_007_Region,115976-sample_1_lv_0046706_007,2,9.903305,6.8448267,0,141,F2
Sample_007_Region,115977-sample_1_lv_0046706_007,2,10.033693,6.457751,0,163,Tc
Sample_007_Region,115978-sample_1_lv_0046706_007,2,10.633261,7.0999985,0,846,F1
Sample_007_Region,115979-sample_1_lv_0046706_007,8,12.680855,1.4392903,0,179,F3
Sample_007_Region,115980-sample_1_lv_0046706_007,2,12.031134,6.9800906,0,311,F1
Sample_007_Region,115981-sample_1_lv_0046706_007,1,12.274606,10.305403,0,208,F3
Sample_007_Region,115982-sample_1_lv_0046706_007,14,11.954388,2.6830227,0,244,DC2
Sample_007_Region,115983-sample_1_lv_0046706_007,15,6.89626,2.4691296,0,33,Mono_mac
Sample_007_Region,115984-sample_1_lv_0046706_007,15,7.7639885,0.037361898,0,86,F1
Sample_007_Region,115985-sample_1_lv_0046706_007,3,7.547169,5.1620317,0,98,F3
Sample_007_Region,115986-sample_1_lv_0046706_007,1,10.220905,8.788214,0,205,Mono_mac
Sample_007_Region,115987-sample_1_lv_0046706_007,1,11.571621,8.831542,0,303,F1
Sample_007_Region,115988-sample_1_lv_0046706_007,0,-5.1216316,5.6671953,0,176,F1
Sample_007_Region,115989-sample_1_lv_0046706_007,0,-5.7133064,5.192156,0,189,Mono_mac
Sample_007_Region,115990-sample_1_lv_0046706_007,15,5.586905,2.9850018,0,81,F2
Sample_007_Region,115991-sample_1_lv_0046706_007,9,9.354333,13.921945,0,388,F1
Sample_007_Region,115992-sample_1_lv_0046706_007,3,7.741899,4.7125793,0,312,Mono_mac
Sample_007_Region,115993-sample_1_lv_0046706_007,9,9.898806,14.549058,0,794,F2
Sample_007_Region,115994-sample_1_lv_0046706_007,5,12.858492,3.454778,0,413,Mono_mac
Sample_007_Region,115995-sample_1_lv_0046706_007,22,9.712748,19.36637,0,617,Pericyte_2
Sample_007_Region,115996-sample_1_lv_0046706_007,5,13.046302,3.3119545,0,222,VE3
Sample_007_Region,115997-sample_1_lv_0046706_007,0,-2.7816656,8.7365465,0,161,Pericyte_2
Sample_007_Region,115998-sample_1_lv_0046706_007,30,7.3077946,-1.7867619,0,108,VE2
Sample_007_Region,115999-sample_1_lv_0046706_007,1,7.385525,8.167131,0,229,F2
Sample_007_Region,116000-sample_1_lv_0046706_007,9,9.24531,13.635881,0,277,F2
Sample_007_Region,116001-sample_1_lv_0046706_007,0,-3.603215,6.640583,0,44,F1
Sample_007_Region,116002-sample_1_lv_0046706_007,1,7.5689387,8.047893,0,150,F3
Sample_007_Region,116003-sample_1_lv_0046706_007,9,9.464231,13.888786,0,351,F2
Sample_007_Region,116004-sample_1_lv_0046706_007,12,14.681747,5.4347177,0,277,Macro_1
Sample_007_Region,116005-sample_1_lv_0046706_007,23,6.5780544,18.774755,0,423,F1
Sample_007_Region,116006-sample_1_lv_0046706_007,33,0.9312636,20.924995,0,634,Th
Sample_007_Region,116007-sample_1_lv_0046706_007,2,11.581725,7.876156,0,110,F1
Sample_007_Region,116008-sample_1_lv_0046706_007,0,-5.6073184,5.0867224,0,122,F1
Sample_007_Region,116009-sample_1_lv_0046706_007,3,8.254668,6.12928,0,198,Mono_mac
Sample_007_Region,116010-sample_1_lv_0046706_007,3,5.1602993,4.476759,0,129,F3
Sample_007_Region,116011-sample_1_lv_0046706_007,15,7.099546,2.703192,0,351,F3
Sample_007_Region,116012-sample_1_lv_0046706_007,19,19.77469,13.531398,0,948,Mono_mac
Sample_007_Region,116013-sample_1_lv_0046706_007,2,9.945608,6.247546,0,186,F2
Sample_007_Region,116014-sample_1_lv_0046706_007,24,9.605782,0.051996622,0,326,F2
Sample_007_Region,116015-sample_1_lv_0046706_007,3,8.298039,5.6866007,0,316,F1
Sample_007_Region,116016-sample_1_lv_0046706_007,31,10.226405,-1.1643397,0,560,Mono_mac
Sample_007_Region,116017-sample_1_lv_0046706_007,9,10.419149,14.020134,0,640,F2
Sample_007_Region,116018-sample_1_lv_0046706_007,5,13.346419,5.570283,0,430,F2
Sample_007_Region,116019-sample_1_lv_0046706_007,12,16.062521,4.834564,0,80,Macro_1
Sample_007_Region,116020-sample_1_lv_0046706_007,0,-3.7163775,7.4055786,0,251,F2
Sample_007_Region,116021-sample_1_lv_0046706_007,17,1.7124686,13.369373,0,452,F2
Sample_007_Region,116022-sample_1_lv_0046706_007,11,10.670735,10.189989,0,407,F1
Sample_007_Region,116023-sample_1_lv_0046706_007,0,-5.2300696,7.4630265,0,159,F2
Sample_007_Region,116024-sample_1_lv_0046706_007,5,10.035078,3.6381574,0,79,LE1
Sample_007_Region,116025-sample_1_lv_0046706_007,0,-4.4843173,5.3632846,0,314,F1
Sample_007_Region,116026-sample_1_lv_0046706_007,12,13.522063,6.365245,0,173,F1
Sample_007_Region,116027-sample_1_lv_0046706_007,0,-4.1542373,8.059261,0,63,F1
Sample_007_Region,116028-sample_1_lv_0046706_007,0,-4.190848,8.659391,0,4,F2
Sample_007_Region,116029-sample_1_lv_0046706_007,0,-4.924413,8.439881,0,25,Th
Sample_007_Region,116030-sample_1_lv_0046706_007,12,15.289646,5.1092434,0,77,F1
Sample_007_Region,116031-sample_1_lv_0046706_007,5,13.268026,5.265906,0,485,Mono_mac
Sample_007_Region,116032-sample_1_lv_0046706_007,5,9.780015,2.8169885,0,272,LE2
Sample_007_Region,116033-sample_1_lv_0046706_007,9,9.811447,14.33699,0,133,LE2
Sample_007_Region,116034-sample_1_lv_0046706_007,3,9.694154,5.699203,0,108,F3
Sample_007_Region,116035-sample_1_lv_0046706_007,19,20.103052,11.952158,0,76,F2
Sample_007_Region,116036-sample_1_lv_0046706_007,0,-3.627698,7.786876,0,57,Th
Sample_007_Region,116037-sample_1_lv_0046706_007,3,7.4469857,6.1718497,0,63,Th
Sample_007_Region,116038-sample_1_lv_0046706_007,10,13.036279,9.583876,0,382,F2
Sample_007_Region,116039-sample_1_lv_0046706_007,22,10.249045,19.455046,0,179,F1
Sample_007_Region,116040-sample_1_lv_0046706_007,18,16.250944,1.5793809,0,304,F2
Sample_007_Region,116041-sample_1_lv_0046706_007,8,12.477605,1.6372854,0,448,F3
Sample_007_Region,116042-sample_1_lv_0046706_007,3,8.687725,6.1730094,0,417,F1
Sample_007_Region,116043-sample_1_lv_0046706_007,3,9.234904,5.5835986,0,882,F3
Sample_007_Region,116044-sample_1_lv_0046706_007,0,-6.821334,7.1924915,0,116,F1
Sample_007_Region,116045-sample_1_lv_0046706_007,3,8.45301,5.023146,0,93,F1
Sample_007_Region,116046-sample_1_lv_0046706_007,0,-5.0976453,7.371713,0,96,F1
Sample_007_Region,116047-sample_1_lv_0046706_007,9,10.750679,14.285622,0,469,F2
Sample_007_Region,116048-sample_1_lv_0046706_007,23,6.0095525,18.512293,0,566,Undifferentiated_KC
Sample_007_Region,116049-sample_1_lv_0046706_007,8,11.933503,0.1376782,0,651,F1
Sample_007_Region,116050-sample_1_lv_0046706_007,9,9.981531,14.7297125,0,640,F2
Sample_007_Region,116051-sample_1_lv_0046706_007,25,9.409152,21.80233,0,835,F2
Sample_007_Region,116052-sample_1_lv_0046706_007,8,12.76232,0.26284003,0,568,F1
Sample_007_Region,116053-sample_1_lv_0046706_007,9,9.680656,15.032413,0,154,F2
Sample_007_Region,116054-sample_1_lv_0046706_007,30,19.668774,3.5978901,0,86,F1
Sample_007_Region,116055-sample_1_lv_0046706_007,29,6.7861567,4.3271365,0,143,F2
Sample_007_Region,116056-sample_1_lv_0046706_007,3,8.487341,5.894317,0,326,Th
Sample_007_Region,116057-sample_1_lv_0046706_007,2,11.83001,6.803621,0,459,F2
Sample_007_Region,116058-sample_1_lv_0046706_007,0,-3.5128236,5.7054563,0,107,Macro_1
Sample_007_Region,116059-sample_1_lv_0046706_007,5,13.186574,4.2093754,0,334,LE1
Sample_007_Region,116060-sample_1_lv_0046706_007,1,11.187535,8.512827,0,162,F1
Sample_007_Region,116061-sample_1_lv_0046706_007,9,9.843838,13.740934,0,448,Mono_mac
Sample_007_Region,116062-sample_1_lv_0046706_007,0,-3.0683825,7.7997384,0,867,Macro_1
Sample_007_Region,116063-sample_1_lv_0046706_007,5,8.36981,3.6732986,0,69,Mono_mac
Sample_007_Region,116064-sample_1_lv_0046706_007,24,9.038154,-0.42759213,0,103,F3
Sample_007_Region,116065-sample_1_lv_0046706_007,30,16.054035,0.6423204,0,847,F1
Sample_007_Region,116066-sample_1_lv_0046706_007,22,9.55585,19.208633,0,1854,F1
Sample_007_Region,116067-sample_1_lv_0046706_007,22,9.700353,19.436869,0,635,Schwann_1
Sample_007_Region,116068-sample_1_lv_0046706_007,22,9.8208,19.535143,0,382,VE3
Sample_007_Region,116069-sample_1_lv_0046706_007,0,-2.560271,7.4464674,0,190,Th
Sample_007_Region,116070-sample_1_lv_0046706_007,22,10.1764965,19.371777,0,1000,Mono_mac
Sample_007_Region,116071-sample_1_lv_0046706_007,2,9.652382,6.9630046,0,280,Mono_mac
Sample_007_Region,116072-sample_1_lv_0046706_007,22,10.303652,19.34111,0,623,Tc
Sample_007_Region,116073-sample_1_lv_0046706_007,27,1.4385961,5.039884,0,298,F1
Sample_007_Region,116074-sample_1_lv_0046706_007,0,-6.923563,8.620389,0,64,F1
Sample_007_Region,116075-sample_1_lv_0046706_007,28,12.525617,-6.505132,0,94,F1
Sample_007_Region,116076-sample_1_lv_0046706_007,33,1.6179475,21.200808,0,216,Mono_mac
Sample_007_Region,116077-sample_1_lv_0046706_007,2,11.001008,6.863345,0,679,F1
Sample_007_Region,116078-sample_1_lv_0046706_007,0,-5.081095,6.8003063,0,595,Mono_mac
Sample_007_Region,116079-sample_1_lv_0046706_007,4,14.766666,6.1877866,0,146,Pericyte_2
Sample_007_Region,116080-sample_1_lv_0046706_007,8,11.495474,1.6145054,0,664,Mono_mac
Sample_007_Region,116081-sample_1_lv_0046706_007,15,8.0442505,0.36089835,0,1761,Pericyte_1
Sample_007_Region,116082-sample_1_lv_0046706_007,22,10.943902,19.119385,0,357,F1
Sample_007_Region,116083-sample_1_lv_0046706_007,0,-5.322918,5.305548,0,55,MigDC
Sample_007_Region,116084-sample_1_lv_0046706_007,26,10.054401,-4.825769,0,627,F1
Sample_007_Region,116085-sample_1_lv_0046706_007,1,8.907942,6.6176767,0,488,F1
Sample_007_Region,116086-sample_1_lv_0046706_007,12,13.860278,6.236174,0,276,Pericyte_1
Sample_007_Region,116087-sample_1_lv_0046706_007,3,5.2024407,4.803432,0,169,Mono_mac
Sample_007_Region,116088-sample_1_lv_0046706_007,6,12.982991,15.467499,0,565,F2
Sample_007_Region,116089-sample_1_lv_0046706_007,4,14.88589,8.288239,0,847,Pericyte_2
Sample_007_Region,116090-sample_1_lv_0046706_007,23,6.983173,18.79899,0,312,VE3
Sample_007_Region,116091-sample_1_lv_0046706_007,18,16.17594,3.5392044,0,153,VE3
Sample_007_Region,116092-sample_1_lv_0046706_007,9,9.899971,13.480565,0,876,Mono_mac
Sample_007_Region,116093-sample_1_lv_0046706_007,2,11.221404,7.836151,0,704,F1
Sample_007_Region,116094-sample_1_lv_0046706_007,8,12.276073,0.9490753,0,523,Undifferentiated_KC
Sample_007_Region,116095-sample_1_lv_0046706_007,25,22.526941,9.741328,0,991,F3
Sample_007_Region,116096-sample_1_lv_0046706_007,25,22.34383,9.602215,0,671,Mono_mac
Sample_007_Region,116097-sample_1_lv_0046706_007,25,22.209244,9.611599,0,829,Mono_mac
Sample_007_Region,116098-sample_1_lv_0046706_007,0,-6.0497146,7.495029,0,290,Pericyte_2
Sample_007_Region,116099-sample_1_lv_0046706_007,25,22.359018,9.770066,0,645,ILC1_3
Sample_007_Region,116100-sample_1_lv_0046706_007,25,22.459911,9.669673,0,294,VE2
Sample_007_Region,116101-sample_1_lv_0046706_007,19,19.980549,11.216147,0,258,F3
Sample_007_Region,116102-sample_1_lv_0046706_007,22,9.575254,19.429296,0,449,Pericyte_2
Sample_007_Region,116103-sample_1_lv_0046706_007,24,9.33106,-0.14206074,0,141,DC2
Sample_007_Region,116104-sample_1_lv_0046706_007,22,10.153328,19.205112,0,412,Pericyte_2
Sample_007_Region,116105-sample_1_lv_0046706_007,15,4.8009434,2.1000452,0,168,F3
Sample_007_Region,116106-sample_1_lv_0046706_007,1,10.119824,8.805117,0,288,Mono_mac
Sample_007_Region,116107-sample_1_lv_0046706_007,24,9.505957,0.3906528,0,253,F3
Sample_007_Region,116108-sample_1_lv_0046706_007,33,1.002655,21.040392,0,122,Mono_mac
Sample_007_Region,116109-sample_1_lv_0046706_007,0,-5.0848265,6.7716875,0,84,Mono_mac
Sample_007_Region,116110-sample_1_lv_0046706_007,9,9.497569,13.491622,0,206,F1
Sample_007_Region,116111-sample_1_lv_0046706_007,1,9.8672495,8.367967,0,364,Undifferentiated_KC
Sample_007_Region,116112-sample_1_lv_0046706_007,25,22.437275,9.839734,0,321,Mono_mac
Sample_007_Region,116113-sample_1_lv_0046706_007,2,10.5189085,7.011754,0,543,Mono_mac
Sample_007_Region,116114-sample_1_lv_0046706_007,3,11.278463,5.0678883,0,782,VE2
Sample_007_Region,116115-sample_1_lv_0046706_007,20,16.749966,14.980158,0,203,Mono_mac
Sample_007_Region,116116-sample_1_lv_0046706_007,4,14.797836,8.111311,0,1054,F3
Sample_007_Region,116117-sample_1_lv_0046706_007,25,22.535835,9.767121,0,693,Pericyte_2
Sample_007_Region,116118-sample_1_lv_0046706_007,3,9.477401,5.965367,0,136,Pericyte_2
Sample_007_Region,116119-sample_1_lv_0046706_007,2,11.0566635,6.7138605,0,87,F3
Sample_007_Region,116120-sample_1_lv_0046706_007,2,9.648911,7.0794716,0,407,Mono_mac
Sample_007_Region,116121-sample_1_lv_0046706_007,2,9.453366,7.4488564,0,192,F3
Sample_007_Region,116122-sample_1_lv_0046706_007,2,11.323152,6.7762704,0,124,Mono_mac
Sample_007_Region,116123-sample_1_lv_0046706_007,1,8.23422,8.049375,0,436,Mono_mac
Sample_007_Region,116124-sample_1_lv_0046706_007,10,14.064507,10.143065,0,149,Th
Sample_007_Region,116125-sample_1_lv_0046706_007,25,22.45074,9.664058,0,387,Mono_mac
Sample_007_Region,116126-sample_1_lv_0046706_007,5,9.338303,3.1651201,0,714,Mono_mac
Sample_007_Region,116127-sample_1_lv_0046706_007,9,10.123263,13.575071,0,999,Pericyte_2
Sample_007_Region,116128-sample_1_lv_0046706_007,5,8.836815,4.27049,0,641,Pericyte_2
Sample_007_Region,116129-sample_1_lv_0046706_007,26,7.8967476,-5.0434694,0,309,Pericyte_2
Sample_007_Region,116130-sample_1_lv_0046706_007,0,-4.8427477,7.5945983,0,32,F2
Sample_007_Region,116131-sample_1_lv_0046706_007,18,16.261076,1.8249148,0,751,Mono_mac
Sample_007_Region,116132-sample_1_lv_0046706_007,8,13.773631,1.5661663,0,973,F3
Sample_007_Region,116133-sample_1_lv_0046706_007,1,10.673298,8.488234,0,1394,Mono_mac
Sample_007_Region,116134-sample_1_lv_0046706_007,5,8.725163,3.3081515,0,93,Mono_mac
Sample_007_Region,116135-sample_1_lv_0046706_007,3,9.526377,5.6330957,0,236,ILC1_3
Sample_007_Region,116136-sample_1_lv_0046706_007,11,12.749625,10.81997,0,356,Mono_mac
Sample_007_Region,116137-sample_1_lv_0046706_007,25,22.329996,9.638664,0,398,Mono_mac
Sample_007_Region,116138-sample_1_lv_0046706_007,24,9.610116,0.11537316,0,240,F2
Sample_007_Region,116139-sample_1_lv_0046706_007,2,10.721702,7.6595783,0,502,DC2
Sample_007_Region,116140-sample_1_lv_0046706_007,2,9.82022,6.5803447,0,54,F1
Sample_007_Region,116141-sample_1_lv_0046706_007,5,9.6929455,4.157305,0,194,F3
Sample_007_Region,116142-sample_1_lv_0046706_007,19,20.241465,14.251428,0,197,F1
Sample_007_Region,116143-sample_1_lv_0046706_007,15,6.391583,3.0251584,0,124,F3
Sample_007_Region,116144-sample_1_lv_0046706_007,0,-4.27271,8.164255,0,26,F1
Sample_007_Region,116145-sample_1_lv_0046706_007,5,10.076493,3.5578303,0,231,Macro_1
Sample_007_Region,116146-sample_1_lv_0046706_007,6,11.705112,13.140564,0,314,F1
Sample_007_Region,116147-sample_1_lv_0046706_007,2,10.750338,6.9961376,0,566,F3
Sample_007_Region,116148-sample_1_lv_0046706_007,0,-5.0225606,5.4813643,0,68,F3
Sample_007_Region,116149-sample_1_lv_0046706_007,3,8.643247,6.2985797,0,143,F1
Sample_007_Region,116150-sample_1_lv_0046706_007,2,10.972777,6.706604,0,245,F1
Sample_007_Region,116151-sample_1_lv_0046706_007,5,13.548235,5.39313,0,523,F3
Sample_007_Region,116152-sample_1_lv_0046706_007,5,13.535231,5.2263975,0,123,Schwann_1
Sample_007_Region,116153-sample_1_lv_0046706_007,32,1.7841632,11.052776,0,424,DC2
Sample_007_Region,116154-sample_1_lv_0046706_007,4,14.19386,6.183087,0,290,F3
Sample_007_Region,116155-sample_1_lv_0046706_007,0,-5.386045,9.838922,0,99,F3
Sample_007_Region,116156-sample_1_lv_0046706_007,14,11.319867,5.451144,0,778,Mono_mac
Sample_007_Region,116157-sample_1_lv_0046706_007,10,13.518297,9.691703,0,1555,F3
Sample_007_Region,116158-sample_1_lv_0046706_007,5,12.781248,4.2365246,0,169,F1
Sample_007_Region,116159-sample_1_lv_0046706_007,10,13.789462,9.910798,0,473,F1
Sample_007_Region,116160-sample_1_lv_0046706_007,5,10.019339,3.5928485,0,187,moDC
Sample_007_Region,116161-sample_1_lv_0046706_007,16,5.529287,6.558516,0,255,Mono_mac
Sample_007_Region,116162-sample_1_lv_0046706_007,32,2.2930138,0.062173333,0,120,Mono_mac
Sample_007_Region,116163-sample_1_lv_0046706_007,16,5.9578705,7.4569726,0,75,F2
Sample_007_Region,116164-sample_1_lv_0046706_007,26,7.2898645,-5.6978397,0,682,Pericyte_1
Sample_007_Region,116167-sample_1_lv_0046706_007,0,-4.2256455,8.803896,0,81,F1
Sample_007_Region,116168-sample_1_lv_0046706_007,0,-3.7248662,6.622068,0,0,Differentiated_KC
Sample_007_Region,116169-sample_1_lv_0046706_007,0,-4.936513,8.720982,0,38,Th
Sample_007_Region,116170-sample_1_lv_0046706_007,0,-3.9954996,7.85421,0,25,F3
Sample_007_Region,116171-sample_1_lv_0046706_007,0,-5.3771806,6.3198576,0,10,Th
Sample_007_Region,116172-sample_1_lv_0046706_007,0,-6.330505,6.4352226,0,4,Th
Sample_007_Region,116173-sample_1_lv_0046706_007,0,-2.726046,8.649802,0,14,Undifferentiated_KC
Sample_007_Region,116174-sample_1_lv_0046706_007,15,6.2499075,0.68923265,0,25,F1
Sample_007_Region,116175-sample_1_lv_0046706_007,12,13.264555,6.9069133,0,198,F1
Sample_007_Region,116176-sample_1_lv_0046706_007,0,-5.009917,7.458116,0,5,F1
Sample_007_Region,116177-sample_1_lv_0046706_007,0,-5.1961684,8.06564,0,0,Differentiated_KC
Sample_007_Region,116178-sample_1_lv_0046706_007,0,-5.8275113,5.4410396,0,0,Differentiated_KC
Sample_007_Region,116179-sample_1_lv_0046706_007,0,-5.001569,4.8946986,0,0,Differentiated_KC
Sample_007_Region,116180-sample_1_lv_0046706_007,0,-4.5039716,7.953578,0,0,Differentiated_KC
Sample_007_Region,116181-sample_1_lv_0046706_007,0,-6.799327,7.6612515,0,0,Differentiated_KC
Sample_007_Region,116182-sample_1_lv_0046706_007,0,-6.0667167,7.1197333,0,0,Differentiated_KC
Sample_007_Region,116198-sample_1_lv_0046706_007,9,8.984963,14.9629,0,102,F2
Sample_007_Region,116216-sample_1_lv_0046706_007,0,-6.037002,7.9082403,0,22,Th
Sample_007_Region,116217-sample_1_lv_0046706_007,0,-6.7607923,7.8980794,0,16,VE2
Sample_007_Region,116218-sample_1_lv_0046706_007,0,-3.2557642,7.481295,0,32,Th
Sample_007_Region,116219-sample_1_lv_0046706_007,22,10.1597595,18.85977,0,439,F3
Sample_007_Region,116220-sample_1_lv_0046706_007,22,9.788563,19.378843,0,433,Mono_mac
Sample_007_Region,116221-sample_1_lv_0046706_007,1,8.892625,8.603539,0,130,Mono_mac
Sample_007_Region,116222-sample_1_lv_0046706_007,9,8.801308,14.41664,0,218,F2
Sample_007_Region,116223-sample_1_lv_0046706_007,8,13.697811,2.7565067,0,287,F3
Sample_007_Region,116224-sample_1_lv_0046706_007,0,-5.9627175,8.8414955,0,276,F3
Sample_007_Region,116225-sample_1_lv_0046706_007,3,7.2584777,6.0967155,0,23,Undifferentiated_KC
Sample_007_Region,116226-sample_1_lv_0046706_007,3,5.9922733,5.617423,0,115,Mono_mac
Sample_007_Region,116227-sample_1_lv_0046706_007,0,-5.224065,7.8857713,0,25,Macro_1
Sample_007_Region,116228-sample_1_lv_0046706_007,5,8.277981,2.7319584,0,454,Mono_mac
Sample_007_Region,116229-sample_1_lv_0046706_007,0,-3.3618698,8.883457,0,259,F2
Sample_007_Region,116230-sample_1_lv_0046706_007,18,16.72479,1.2071477,0,286,F2
Sample_007_Region,116231-sample_1_lv_0046706_007,18,17.854212,1.7237024,0,77,F3
Sample_007_Region,116232-sample_1_lv_0046706_007,22,10.974195,19.378078,0,65,DC2
Sample_007_Region,116233-sample_1_lv_0046706_007,34,1.9078813,15.832047,0,86,VE2
Sample_007_Region,116234-sample_1_lv_0046706_007,19,19.92139,14.653761,0,103,VE2
Sample_007_Region,116235-sample_1_lv_0046706_007,18,16.225414,3.5287516,0,75,Mono_mac
Sample_007_Region,116236-sample_1_lv_0046706_007,3,4.9042478,3.9084969,0,73,F1
Sample_007_Region,116237-sample_1_lv_0046706_007,4,14.4090185,9.078594,0,1023,F1
Sample_007_Region,116238-sample_1_lv_0046706_007,14,10.523444,4.1953735,0,22,F1
Sample_007_Region,116239-sample_1_lv_0046706_007,0,-4.5088077,6.1155086,0,70,F1
Sample_007_Region,116240-sample_1_lv_0046706_007,0,-6.048142,6.2011194,0,84,Th
Sample_007_Region,116241-sample_1_lv_0046706_007,0,-5.3214583,6.6997085,0,20,Th
Sample_007_Region,116242-sample_1_lv_0046706_007,5,6.277381,11.903547,0,214,F3
Sample_007_Region,116243-sample_1_lv_0046706_007,0,-6.1330595,5.789345,0,122,Mono_mac
Sample_007_Region,116244-sample_1_lv_0046706_007,25,22.213146,10.087944,0,263,Tc
Sample_007_Region,116245-sample_1_lv_0046706_007,25,22.492462,9.827779,0,187,Pericyte_2
Sample_007_Region,116246-sample_1_lv_0046706_007,18,16.380161,2.9565458,0,252,Pericyte_2
Sample_007_Region,116247-sample_1_lv_0046706_007,19,20.205664,13.826934,0,219,VE2
Sample_007_Region,116248-sample_1_lv_0046706_007,22,10.289032,18.96292,0,192,VE3
Sample_007_Region,116249-sample_1_lv_0046706_007,18,14.77885,3.2256577,0,368,Mono_mac
Sample_007_Region,116250-sample_1_lv_0046706_007,18,16.232416,3.4707136,0,165,Pericyte_2
Sample_007_Region,116251-sample_1_lv_0046706_007,4,14.727594,8.203421,0,413,VE2
Sample_007_Region,116252-sample_1_lv_0046706_007,22,10.281169,18.953455,0,158,F3
Sample_007_Region,116253-sample_1_lv_0046706_007,19,20.017214,14.523678,0,226,F3
Sample_007_Region,116254-sample_1_lv_0046706_007,4,14.785925,8.901299,0,281,F3
Sample_007_Region,116255-sample_1_lv_0046706_007,5,8.2037945,2.5298212,0,398,Mono_mac
Sample_007_Region,116256-sample_1_lv_0046706_007,4,15.26426,7.2032094,0,228,F3
Sample_007_Region,116257-sample_1_lv_0046706_007,15,5.005575,12.528572,0,20,Th
Sample_007_Region,116258-sample_1_lv_0046706_007,2,9.76064,7.269584,0,150,F3
Sample_007_Region,116259-sample_1_lv_0046706_007,24,14.032004,-4.2435613,0,11,F1
Sample_007_Region,116260-sample_1_lv_0046706_007,15,5.0034556,12.475895,0,28,F1
Sample_007_Region,116261-sample_1_lv_0046706_007,0,-2.5972717,5.88945,0,92,Pericyte_2
Sample_007_Region,116262-sample_1_lv_0046706_007,19,20.359976,14.131435,0,286,VE2
Sample_007_Region,116263-sample_1_lv_0046706_007,3,8.468064,5.3751197,0,194,ILC1_3
Sample_007_Region,116264-sample_1_lv_0046706_007,23,6.591168,18.263466,0,577,Pericyte_2
Sample_007_Region,116265-sample_1_lv_0046706_007,15,6.2040153,3.1923087,0,31,Pericyte_2
Sample_007_Region,116266-sample_1_lv_0046706_007,16,6.0007653,7.94432,0,86,Mono_mac
Sample_007_Region,116267-sample_1_lv_0046706_007,19,20.017405,14.630014,0,392,Mono_mac
Sample_007_Region,116268-sample_1_lv_0046706_007,0,-5.561959,5.80258,0,19,VE2
Sample_007_Region,116269-sample_1_lv_0046706_007,2,11.642674,7.7872076,0,147,Mono_mac
Sample_007_Region,116270-sample_1_lv_0046706_007,0,-5.710501,8.374725,0,263,VE2
Sample_007_Region,116271-sample_1_lv_0046706_007,19,19.92617,14.444959,0,808,F3
Sample_007_Region,116272-sample_1_lv_0046706_007,1,9.615628,8.338384,0,469,Mono_mac
Sample_007_Region,116273-sample_1_lv_0046706_007,2,10.469318,7.745285,0,280,F3
Sample_007_Region,116274-sample_1_lv_0046706_007,27,1.3846704,4.7922525,0,282,Pericyte_1
Sample_007_Region,116275-sample_1_lv_0046706_007,1,8.847314,8.763367,0,215,F1
Sample_007_Region,116276-sample_1_lv_0046706_007,19,19.89482,14.70577,0,498,VE2
Sample_007_Region,116277-sample_1_lv_0046706_007,3,7.750671,5.374208,0,149,Pericyte_2
Sample_007_Region,116278-sample_1_lv_0046706_007,8,14.037097,1.4453368,0,138,F1
Sample_007_Region,116279-sample_1_lv_0046706_007,19,20.136671,14.497795,0,298,Schwann_1
Sample_007_Region,116280-sample_1_lv_0046706_007,11,10.7276,9.954602,0,476,Pericyte_2
Sample_007_Region,116281-sample_1_lv_0046706_007,19,19.982891,14.761389,0,570,VE2
Sample_007_Region,116282-sample_1_lv_0046706_007,35,10.531146,16.503757,0,42,F3
Sample_007_Region,116283-sample_1_lv_0046706_007,0,-5.8887167,7.2514706,0,65,F2
Sample_007_Region,116284-sample_1_lv_0046706_007,0,-2.8863451,8.715341,0,21,Th
Sample_007_Region,116285-sample_1_lv_0046706_007,0,-4.0774975,8.855374,0,54,Th
Sample_007_Region,116286-sample_1_lv_0046706_007,27,0.07839283,2.3738098,0,12,F1
Sample_007_Region,116287-sample_1_lv_0046706_007,0,-4.260712,5.0503855,0,45,Undifferentiated_KC
Sample_007_Region,116288-sample_1_lv_0046706_007,0,-5.2827444,6.306138,0,27,Th
Sample_007_Region,116289-sample_1_lv_0046706_007,35,4.163599,2.5230348,0,78,Th
Sample_007_Region,116290-sample_1_lv_0046706_007,0,-2.3574119,7.4270844,0,8,Undifferentiated_KC
Sample_007_Region,116291-sample_1_lv_0046706_007,0,-2.6998086,6.625977,0,29,Macro_1
Sample_007_Region,116292-sample_1_lv_0046706_007,1,8.872409,8.965405,0,60,F1
Sample_007_Region,116293-sample_1_lv_0046706_007,16,5.4738746,7.5635567,0,150,Undifferentiated_KC
Sample_007_Region,116294-sample_1_lv_0046706_007,24,13.770139,-4.1715994,0,15,F1
Sample_007_Region,116295-sample_1_lv_0046706_007,0,-4.0181546,6.2626753,0,10,F1
Sample_007_Region,116296-sample_1_lv_0046706_007,27,-0.42217976,0.9073827,0,115,Mono_mac
Sample_007_Region,116297-sample_1_lv_0046706_007,0,-4.984039,8.1421385,0,34,F1
Sample_007_Region,116298-sample_1_lv_0046706_007,5,9.456227,3.7223988,0,271,VE2
Sample_007_Region,116299-sample_1_lv_0046706_007,5,6.2089767,12.046164,0,111,F3
Sample_007_Region,116300-sample_1_lv_0046706_007,0,-4.7516794,7.482316,0,53,LE2
Sample_007_Region,116301-sample_1_lv_0046706_007,3,6.8230186,5.7544665,0,13,Th
Sample_007_Region,116302-sample_1_lv_0046706_007,0,-4.947397,7.939574,0,74,Treg
Sample_007_Region,116303-sample_1_lv_0046706_007,15,7.1609526,1.2443583,0,62,Th
Sample_007_Region,116304-sample_1_lv_0046706_007,0,-4.9904003,8.145678,0,10,Undifferentiated_KC
Sample_007_Region,116305-sample_1_lv_0046706_007,0,-6.3941193,8.413044,0,5,Undifferentiated_KC
Sample_007_Region,116306-sample_1_lv_0046706_007,0,-6.5981045,6.409741,0,69,F3
Sample_007_Region,116307-sample_1_lv_0046706_007,0,-5.0765233,8.266474,0,1,Differentiated_KC
Sample_007_Region,116308-sample_1_lv_0046706_007,0,-2.8404987,8.711035,0,4,Differentiated_KC
Sample_007_Region,116309-sample_1_lv_0046706_007,0,-5.5499687,6.472754,0,0,Differentiated_KC
Sample_007_Region,116310-sample_1_lv_0046706_007,0,-4.6450353,8.153854,0,0,Differentiated_KC
Sample_007_Region,116311-sample_1_lv_0046706_007,0,-5.9244113,5.8073735,0,0,Differentiated_KC
Sample_007_Region,116717-sample_1_lv_0046706_007,13,7.7080097,11.99681,0,80,F1
Sample_007_Region,116718-sample_1_lv_0046706_007,0,-1.9742671,7.2151957,0,15,Mono_mac
Sample_007_Region,116719-sample_1_lv_0046706_007,8,14.029055,0.0065276353,0,179,F1
Sample_007_Region,116721-sample_1_lv_0046706_007,0,-3.83359,9.060197,0,99,F2
Sample_007_Region,116722-sample_1_lv_0046706_007,0,-6.1165504,8.555771,0,12,Mono_mac
Sample_007_Region,116827-sample_1_lv_0046706_007,7,3.5871198,6.4761004,0,26,Pericyte_2
Sample_007_Region,116828-sample_1_lv_0046706_007,3,8.018863,5.8820806,0,56,Differentiated_KC
Sample_007_Region,116829-sample_1_lv_0046706_007,19,20.411211,13.708881,0,59,Differentiated_KC
Sample_007_Region,116830-sample_1_lv_0046706_007,0,-4.1242523,5.1641097,0,2,Differentiated_KC
Sample_007_Region,116831-sample_1_lv_0046706_007,0,-5.990888,6.699388,0,72,VE1
Sample_007_Region,116832-sample_1_lv_0046706_007,7,4.421072,8.181054,0,14,Differentiated_KC
Sample_007_Region,116833-sample_1_lv_0046706_007,0,-3.3581438,9.226361,0,50,Differentiated_KC
Sample_007_Region,116834-sample_1_lv_0046706_007,0,-3.187117,8.549037,0,95,Undifferentiated_KC
Sample_007_Region,116835-sample_1_lv_0046706_007,0,-3.2646115,7.638654,0,74,Undifferentiated_KC
Sample_007_Region,116836-sample_1_lv_0046706_007,0,-3.5497525,5.895313,0,77,F2
Sample_007_Region,116837-sample_1_lv_0046706_007,7,4.2993298,8.217769,0,46,Differentiated_KC
Sample_007_Region,116838-sample_1_lv_0046706_007,27,0.013697817,2.464986,0,46,F2
Sample_007_Region,116839-sample_1_lv_0046706_007,0,-3.1083128,8.020239,0,209,Th
Sample_007_Region,116840-sample_1_lv_0046706_007,8,14.197335,1.3782829,0,93,F1
Sample_007_Region,116841-sample_1_lv_0046706_007,3,7.6039853,5.419454,0,245,F2
Sample_007_Region,116842-sample_1_lv_0046706_007,18,17.121897,1.7970626,0,204,F1
Sample_007_Region,116843-sample_1_lv_0046706_007,1,8.669987,7.450735,0,236,Macro_1
Sample_007_Region,116844-sample_1_lv_0046706_007,13,8.496328,12.253554,0,291,F2
Sample_007_Region,116845-sample_1_lv_0046706_007,1,9.114433,8.926433,0,81,DC2
Sample_007_Region,116846-sample_1_lv_0046706_007,1,9.881004,7.7511325,0,349,Mono_mac
Sample_007_Region,116847-sample_1_lv_0046706_007,3,8.315272,5.970119,0,202,F1
Sample_007_Region,116848-sample_1_lv_0046706_007,2,9.893083,6.32316,0,140,moDC
Sample_007_Region,116849-sample_1_lv_0046706_007,15,4.9238424,2.6331449,0,132,F2
Sample_007_Region,116850-sample_1_lv_0046706_007,0,-5.2680492,6.1405683,0,22,Differentiated_KC
Sample_007_Region,116851-sample_1_lv_0046706_007,3,7.792615,5.4296427,0,381,ILC1_3
Sample_007_Region,116852-sample_1_lv_0046706_007,1,9.238955,8.531571,0,205,F1
Sample_007_Region,116853-sample_1_lv_0046706_007,1,10.217863,9.002855,0,70,F2
Sample_007_Region,116854-sample_1_lv_0046706_007,6,12.034874,13.481855,0,367,Th
Sample_007_Region,116855-sample_1_lv_0046706_007,0,-4.9284425,9.030497,0,0,Differentiated_KC
Sample_007_Region,116857-sample_1_lv_0046706_007,10,14.372972,9.861661,0,588,F2
Sample_007_Region,116858-sample_1_lv_0046706_007,0,-6.8678074,6.4341455,0,531,F2
Sample_007_Region,116859-sample_1_lv_0046706_007,0,-3.324365,6.375692,0,1,Differentiated_KC
Sample_007_Region,116860-sample_1_lv_0046706_007,0,-2.8578954,8.346232,0,5,Differentiated_KC
Sample_007_Region,116861-sample_1_lv_0046706_007,0,-5.7249928,7.3473396,0,6,Undifferentiated_KC
Sample_007_Region,116862-sample_1_lv_0046706_007,0,-3.042443,6.236365,0,2,Differentiated_KC
Sample_007_Region,116863-sample_1_lv_0046706_007,0,-4.2565637,5.611615,0,5,Differentiated_KC
Sample_007_Region,116864-sample_1_lv_0046706_007,1,9.334031,8.912829,0,148,DC2
Sample_007_Region,116865-sample_1_lv_0046706_007,0,-5.6338983,7.945485,0,158,Undifferentiated_KC
Sample_007_Region,116866-sample_1_lv_0046706_007,30,16.777855,0.02194299,0,174,MigDC
Sample_007_Region,116867-sample_1_lv_0046706_007,1,10.28423,8.660067,0,199,DC2
Sample_007_Region,116868-sample_1_lv_0046706_007,29,3.9777267,3.8421173,0,75,Undifferentiated_KC
Sample_007_Region,116869-sample_1_lv_0046706_007,4,14.339967,7.236387,0,405,DC2
Sample_007_Region,116870-sample_1_lv_0046706_007,29,3.0888627,2.4372227,0,196,Undifferentiated_KC
Sample_007_Region,116871-sample_1_lv_0046706_007,11,12.496517,8.382372,0,281,Pericyte_2
Sample_007_Region,116872-sample_1_lv_0046706_007,7,14.071943,11.989906,0,219,Undifferentiated_KC
Sample_007_Region,116873-sample_1_lv_0046706_007,4,15.081904,9.143082,0,195,Undifferentiated_KC
Sample_007_Region,116874-sample_1_lv_0046706_007,29,2.8776925,3.377856,0,224,Macro_1
Sample_007_Region,116875-sample_1_lv_0046706_007,4,15.475628,7.4626937,0,183,Undifferentiated_KC
Sample_007_Region,116876-sample_1_lv_0046706_007,0,-5.8698664,6.7337275,0,239,Undifferentiated_KC
Sample_007_Region,116877-sample_1_lv_0046706_007,1,7.751654,8.091869,0,141,Pericyte_1
Sample_007_Region,116878-sample_1_lv_0046706_007,4,14.646212,6.7500796,0,320,Undifferentiated_KC
Sample_007_Region,116879-sample_1_lv_0046706_007,29,4.5194755,3.6540759,0,171,Mono_mac
Sample_007_Region,116880-sample_1_lv_0046706_007,5,13.595452,5.243727,0,80,Pericyte_2
Sample_007_Region,116881-sample_1_lv_0046706_007,6,12.9882145,15.378541,0,208,F3
Sample_007_Region,116882-sample_1_lv_0046706_007,1,12.3773155,10.839958,0,88,Undifferentiated_KC
Sample_007_Region,116883-sample_1_lv_0046706_007,14,10.772565,3.922357,0,196,Undifferentiated_KC
Sample_007_Region,116884-sample_1_lv_0046706_007,6,12.10503,13.093119,0,150,Undifferentiated_KC
Sample_007_Region,116885-sample_1_lv_0046706_007,6,12.072767,13.526017,0,216,Mono_mac
Sample_007_Region,116886-sample_1_lv_0046706_007,29,3.0644221,2.358006,0,470,Undifferentiated_KC
Sample_007_Region,116887-sample_1_lv_0046706_007,0,-3.7285721,7.729366,0,201,Undifferentiated_KC
Sample_007_Region,116888-sample_1_lv_0046706_007,6,12.236468,14.143233,0,316,Undifferentiated_KC
Sample_007_Region,116889-sample_1_lv_0046706_007,6,12.164058,13.407499,0,368,F1
Sample_007_Region,116890-sample_1_lv_0046706_007,0,-3.33777,7.0767326,0,188,Undifferentiated_KC
Sample_007_Region,116891-sample_1_lv_0046706_007,1,7.4574795,8.257909,0,579,Undifferentiated_KC
Sample_007_Region,116892-sample_1_lv_0046706_007,7,6.0595284,9.171331,0,631,Melanocyte
Sample_007_Region,116893-sample_1_lv_0046706_007,0,-5.1865563,9.540805,0,233,Undifferentiated_KC
Sample_007_Region,116894-sample_1_lv_0046706_007,4,15.095902,9.171398,0,161,Undifferentiated_KC
Sample_007_Region,116895-sample_1_lv_0046706_007,6,13.078469,13.457355,0,637,Undifferentiated_KC
Sample_007_Region,116896-sample_1_lv_0046706_007,0,-3.887429,9.705022,0,404,Undifferentiated_KC
Sample_007_Region,116897-sample_1_lv_0046706_007,6,12.20201,13.312692,0,225,Undifferentiated_KC
Sample_007_Region,116898-sample_1_lv_0046706_007,0,-5.6105714,6.256698,0,145,Undifferentiated_KC
Sample_007_Region,116900-sample_1_lv_0046706_007,0,-6.692317,8.583475,0,39,Undifferentiated_KC
Sample_007_Region,116901-sample_1_lv_0046706_007,18,18.037857,1.9026781,0,80,Undifferentiated_KC
Sample_007_Region,116902-sample_1_lv_0046706_007,0,-3.8043773,7.95754,0,36,F2
Sample_007_Region,116903-sample_1_lv_0046706_007,0,-5.471029,6.872117,0,70,Undifferentiated_KC
Sample_007_Region,116904-sample_1_lv_0046706_007,0,-5.0470004,9.694349,0,64,Mono_mac
Sample_007_Region,116905-sample_1_lv_0046706_007,1,5.9253683,11.046491,0,91,Undifferentiated_KC
Sample_007_Region,116907-sample_1_lv_0046706_007,0,-4.650114,6.3767734,0,25,Differentiated_KC
Sample_007_Region,116908-sample_1_lv_0046706_007,7,3.8692641,6.891249,0,104,Differentiated_KC
Sample_007_Region,116909-sample_1_lv_0046706_007,19,19.939224,13.882241,0,29,Differentiated_KC
Sample_007_Region,116910-sample_1_lv_0046706_007,19,20.290565,13.759632,0,74,Differentiated_KC
Sample_007_Region,116911-sample_1_lv_0046706_007,0,-5.2222304,7.656282,0,74,Differentiated_KC
Sample_007_Region,116912-sample_1_lv_0046706_007,7,3.9670072,7.0667562,0,106,Differentiated_KC
Sample_007_Region,116913-sample_1_lv_0046706_007,0,-4.285471,6.0435414,0,96,Melanocyte
Sample_007_Region,116914-sample_1_lv_0046706_007,0,-6.8240237,6.3568673,0,32,Differentiated_KC
Sample_007_Region,116915-sample_1_lv_0046706_007,29,3.441621,5.109433,0,62,Differentiated_KC
Sample_007_Region,116916-sample_1_lv_0046706_007,6,12.10873,13.0829935,0,173,Undifferentiated_KC
Sample_007_Region,116917-sample_1_lv_0046706_007,8,15.085816,-0.698404,0,116,Pericyte_2
Sample_007_Region,116918-sample_1_lv_0046706_007,26,7.334987,-3.436527,0,146,Pericyte_2
Sample_007_Region,116919-sample_1_lv_0046706_007,29,3.439601,4.6172075,0,56,Undifferentiated_KC
Sample_007_Region,116920-sample_1_lv_0046706_007,0,-4.74515,7.923367,0,76,F1
Sample_007_Region,116921-sample_1_lv_0046706_007,29,2.4217863,2.9868426,0,178,Macro_1
Sample_007_Region,116922-sample_1_lv_0046706_007,0,-5.8210545,8.687759,0,374,Undifferentiated_KC
Sample_007_Region,116923-sample_1_lv_0046706_007,7,14.308045,12.030341,0,210,Undifferentiated_KC
Sample_007_Region,116924-sample_1_lv_0046706_007,29,3.0745573,2.3711386,0,284,F3
Sample_007_Region,116925-sample_1_lv_0046706_007,7,13.831025,12.023926,0,508,Undifferentiated_KC
Sample_007_Region,116926-sample_1_lv_0046706_007,29,3.0751793,2.446361,0,241,Undifferentiated_KC
Sample_007_Region,116927-sample_1_lv_0046706_007,7,15.961047,11.996723,0,300,Mono_mac
Sample_007_Region,116928-sample_1_lv_0046706_007,6,12.26659,13.4395685,0,392,Undifferentiated_KC
Sample_007_Region,116929-sample_1_lv_0046706_007,6,12.19543,12.981701,0,143,Undifferentiated_KC
Sample_007_Region,116930-sample_1_lv_0046706_007,24,11.923753,-2.409976,0,203,Undifferentiated_KC
Sample_007_Region,116931-sample_1_lv_0046706_007,0,-3.0494056,7.1279263,0,361,Undifferentiated_KC
Sample_007_Region,116932-sample_1_lv_0046706_007,6,12.124043,12.945454,0,120,Undifferentiated_KC
Sample_007_Region,116933-sample_1_lv_0046706_007,6,12.20213,13.554486,0,475,Undifferentiated_KC
Sample_007_Region,116934-sample_1_lv_0046706_007,4,14.4163885,8.327718,0,188,Undifferentiated_KC
Sample_007_Region,116935-sample_1_lv_0046706_007,0,-3.8572714,6.7262993,0,187,Undifferentiated_KC
Sample_007_Region,116936-sample_1_lv_0046706_007,26,8.0898,-3.3251746,0,116,Undifferentiated_KC
Sample_007_Region,116937-sample_1_lv_0046706_007,6,12.545625,14.141234,0,298,Undifferentiated_KC
Sample_007_Region,116938-sample_1_lv_0046706_007,6,13.660104,15.011463,0,316,Undifferentiated_KC
Sample_007_Region,116939-sample_1_lv_0046706_007,6,14.052383,14.656223,0,245,Undifferentiated_KC
Sample_007_Region,116940-sample_1_lv_0046706_007,7,14.953,12.380609,0,446,Undifferentiated_KC
Sample_007_Region,116941-sample_1_lv_0046706_007,7,14.293886,12.152495,0,228,Undifferentiated_KC
Sample_007_Region,116942-sample_1_lv_0046706_007,29,2.4053562,2.866663,0,191,Undifferentiated_KC
Sample_007_Region,116943-sample_1_lv_0046706_007,0,-5.5053606,8.653961,0,158,Undifferentiated_KC
Sample_007_Region,116944-sample_1_lv_0046706_007,0,-4.7531824,7.6008453,0,212,Undifferentiated_KC
Sample_007_Region,116945-sample_1_lv_0046706_007,0,-5.676809,8.842912,0,99,Undifferentiated_KC
Sample_007_Region,116946-sample_1_lv_0046706_007,0,-3.6528552,8.269359,0,82,Undifferentiated_KC
Sample_007_Region,116947-sample_1_lv_0046706_007,6,12.123701,13.287949,0,213,Macro_1
Sample_007_Region,116948-sample_1_lv_0046706_007,11,12.447433,8.559425,0,92,VE3
Sample_007_Region,116949-sample_1_lv_0046706_007,3,7.0494804,3.7221,0,159,F1
Sample_007_Region,116950-sample_1_lv_0046706_007,8,11.925223,0.6992489,0,321,F1
Sample_007_Region,116951-sample_1_lv_0046706_007,8,13.085356,2.6898499,0,106,LE2
Sample_007_Region,116952-sample_1_lv_0046706_007,5,9.660205,2.7916048,0,167,Pericyte_2
Sample_007_Region,116953-sample_1_lv_0046706_007,5,8.909368,2.2654681,0,97,Pericyte_2
Sample_007_Region,116954-sample_1_lv_0046706_007,34,1.8956124,15.896674,0,100,Macro_1
Sample_007_Region,116955-sample_1_lv_0046706_007,7,15.523693,12.3419075,0,374,Pericyte_2
Sample_007_Region,116956-sample_1_lv_0046706_007,29,4.081581,3.797751,0,76,Undifferentiated_KC
Sample_007_Region,116957-sample_1_lv_0046706_007,29,3.9541595,3.8267472,0,101,Undifferentiated_KC
Sample_007_Region,116958-sample_1_lv_0046706_007,7,14.28664,12.083661,0,241,Undifferentiated_KC
Sample_007_Region,116959-sample_1_lv_0046706_007,6,12.484357,13.694783,0,205,Undifferentiated_KC
Sample_007_Region,116960-sample_1_lv_0046706_007,1,7.937128,9.219288,0,406,Undifferentiated_KC
Sample_007_Region,116961-sample_1_lv_0046706_007,7,16.36394,12.476064,0,71,Differentiated_KC
Sample_007_Region,116962-sample_1_lv_0046706_007,0,-5.034357,5.9237485,0,111,Undifferentiated_KC
Sample_007_Region,116963-sample_1_lv_0046706_007,29,3.7423174,3.624399,0,98,Macro_1
Sample_007_Region,116964-sample_1_lv_0046706_007,0,-4.003927,7.42929,0,92,Undifferentiated_KC
Sample_007_Region,116965-sample_1_lv_0046706_007,7,16.478903,12.378635,0,568,Undifferentiated_KC
Sample_007_Region,116966-sample_1_lv_0046706_007,0,-4.7420597,9.385293,0,257,Undifferentiated_KC
Sample_007_Region,116967-sample_1_lv_0046706_007,0,-3.7332249,6.2884088,0,97,F1
Sample_007_Region,116968-sample_1_lv_0046706_007,0,-4.5732245,7.0957265,0,80,Undifferentiated_KC
Sample_007_Region,116969-sample_1_lv_0046706_007,18,17.891027,1.7404101,0,77,Undifferentiated_KC
Sample_007_Region,116970-sample_1_lv_0046706_007,0,-2.8529952,7.7109437,0,296,Undifferentiated_KC
Sample_007_Region,116971-sample_1_lv_0046706_007,0,-3.7287757,7.5678687,0,135,Undifferentiated_KC
Sample_007_Region,116972-sample_1_lv_0046706_007,1,12.542238,11.532438,0,46,Undifferentiated_KC
Sample_007_Region,116973-sample_1_lv_0046706_007,6,12.207006,13.376982,0,211,Undifferentiated_KC
Sample_007_Region,116974-sample_1_lv_0046706_007,29,3.8471382,3.7061288,0,169,Undifferentiated_KC
Sample_007_Region,116975-sample_1_lv_0046706_007,0,-5.9928403,8.959513,0,131,Differentiated_KC
Sample_007_Region,116976-sample_1_lv_0046706_007,0,-3.7024632,8.25222,0,103,Undifferentiated_KC
Sample_007_Region,116977-sample_1_lv_0046706_007,0,-6.6005874,6.4095955,0,75,Undifferentiated_KC
Sample_007_Region,116978-sample_1_lv_0046706_007,0,-2.249149,7.3990498,0,29,Undifferentiated_KC
Sample_007_Region,116979-sample_1_lv_0046706_007,29,3.4497101,4.4548316,0,165,Undifferentiated_KC
Sample_007_Region,124287-sample_1_lv_0046706_007,0,-2.942821,6.3758006,0,89,F1
Sample_007_Region,124288-sample_1_lv_0046706_007,13,8.877102,12.5111685,0,282,F1
Sample_007_Region,124289-sample_1_lv_0046706_007,0,-5.448941,4.847501,0,317,F1
Sample_007_Region,124290-sample_1_lv_0046706_007,6,12.666665,15.423321,0,150,F2
Sample_007_Region,124292-sample_1_lv_0046706_007,0,-5.2412443,5.048783,0,98,F1
Sample_007_Region,124293-sample_1_lv_0046706_007,0,-3.5930202,7.4868474,0,58,Undifferentiated_KC
Sample_007_Region,124295-sample_1_lv_0046706_007,20,16.898468,14.6485,0,489,F2
Sample_007_Region,124297-sample_1_lv_0046706_007,8,12.645934,1.6637388,0,159,F3
Sample_007_Region,124311-sample_1_lv_0046706_007,0,-4.9701056,6.5251737,0,40,Undifferentiated_KC
Sample_007_Region,124312-sample_1_lv_0046706_007,13,8.875757,10.911159,0,240,Th
Sample_007_Region,124327-sample_1_lv_0046706_007,13,7.94135,11.65795,0,31,Pericyte_1
Sample_007_Region,124368-sample_1_lv_0046706_007,17,4.9486976,9.9396105,0,509,Undifferentiated_KC
Sample_007_Region,124370-sample_1_lv_0046706_007,6,13.5249605,16.276455,0,412,Undifferentiated_KC
Sample_007_Region,124371-sample_1_lv_0046706_007,6,13.936938,15.247082,0,305,Undifferentiated_KC
Sample_007_Region,124374-sample_1_lv_0046706_007,0,-5.3653827,7.711979,0,7,Undifferentiated_KC
Sample_007_Region,124377-sample_1_lv_0046706_007,4,15.84056,9.912513,0,327,Undifferentiated_KC
Sample_007_Region,124379-sample_1_lv_0046706_007,17,4.908297,9.932074,0,282,Undifferentiated_KC
Sample_007_Region,124445-sample_1_lv_0046706_007,21,16.423353,17.782879,0,639,Undifferentiated_KC
Sample_007_Region,124446-sample_1_lv_0046706_007,1,5.9008675,10.978118,0,171,Undifferentiated_KC
Sample_007_Region,124447-sample_1_lv_0046706_007,1,5.9423985,10.946723,0,246,Undifferentiated_KC
Sample_007_Region,124448-sample_1_lv_0046706_007,3,9.044385,4.964171,0,423,Undifferentiated_KC
Sample_007_Region,124455-sample_1_lv_0046706_007,4,6.9713364,9.202468,0,242,Undifferentiated_KC
Sample_007_Region,124456-sample_1_lv_0046706_007,6,13.081769,15.556937,0,467,Undifferentiated_KC
Sample_007_Region,124457-sample_1_lv_0046706_007,21,16.180923,17.525267,0,297,Undifferentiated_KC
Sample_007_Region,124474-sample_1_lv_0046706_007,0,-5.1555123,6.109619,0,11,F1
Sample_007_Region,124475-sample_1_lv_0046706_007,15,3.4913828,7.044777,0,34,F3
Sample_007_Region,124476-sample_1_lv_0046706_007,24,14.144648,-4.2771635,0,9,VE1
Sample_007_Region,124477-sample_1_lv_0046706_007,0,-4.2046294,7.4383974,0,63,F2
Sample_007_Region,124478-sample_1_lv_0046706_007,0,-4.225104,8.173584,0,145,F1
Sample_007_Region,124479-sample_1_lv_0046706_007,0,-4.8313956,7.7091193,0,45,F1
Sample_007_Region,124480-sample_1_lv_0046706_007,28,11.784001,-5.3851676,0,248,F3
Sample_007_Region,124481-sample_1_lv_0046706_007,0,-6.9601846,7.5269914,0,160,Th
Sample_007_Region,124482-sample_1_lv_0046706_007,0,-5.6722856,7.0018353,0,147,Pericyte_1
Sample_007_Region,124483-sample_1_lv_0046706_007,4,15.308133,9.036649,0,387,F2
Sample_007_Region,124484-sample_1_lv_0046706_007,0,-3.7628212,5.9669986,0,36,F3
Sample_007_Region,124485-sample_1_lv_0046706_007,13,6.6455145,13.674877,0,154,F1
Sample_007_Region,124486-sample_1_lv_0046706_007,0,-4.3942766,8.432396,0,91,Pericyte_1
Sample_007_Region,124487-sample_1_lv_0046706_007,27,1.4287708,5.0453167,0,185,Inf_mac
Sample_007_Region,124488-sample_1_lv_0046706_007,26,11.009894,-4.991128,0,316,F1
Sample_007_Region,124489-sample_1_lv_0046706_007,0,-3.038905,7.0692906,0,24,F1
Sample_007_Region,124490-sample_1_lv_0046706_007,9,8.750292,14.753821,0,233,Pericyte_1
Sample_007_Region,124491-sample_1_lv_0046706_007,4,14.883306,7.157103,0,190,Macro_1
Sample_007_Region,124492-sample_1_lv_0046706_007,31,10.805456,-2.4609835,0,187,Mono_mac
Sample_007_Region,124493-sample_1_lv_0046706_007,0,-3.9232547,7.6706147,0,19,F1
Sample_007_Region,124494-sample_1_lv_0046706_007,0,-4.353835,8.798329,0,439,F3
Sample_007_Region,124495-sample_1_lv_0046706_007,0,-4.410007,7.842931,0,288,F3
Sample_007_Region,124496-sample_1_lv_0046706_007,12,16.455229,5.072513,0,187,F1
Sample_007_Region,124497-sample_1_lv_0046706_007,0,-3.3321445,6.337534,0,33,F1
Sample_007_Region,124498-sample_1_lv_0046706_007,0,-2.2404401,7.1973686,0,79,F3
Sample_007_Region,124628-sample_1_lv_0046706_007,7,5.88889,9.020738,0,196,Undifferentiated_KC
Sample_007_Region,124637-sample_1_lv_0046706_007,6,14.1719475,15.555754,0,460,Undifferentiated_KC
Sample_007_Region,124638-sample_1_lv_0046706_007,0,-3.9290643,5.9537745,0,166,F1
Sample_007_Region,124639-sample_1_lv_0046706_007,0,-6.4688687,9.247375,0,139,Undifferentiated_KC
Sample_007_Region,124643-sample_1_lv_0046706_007,0,-4.467684,6.8008666,0,49,F1
Sample_007_Region,124644-sample_1_lv_0046706_007,0,-4.8708396,7.503133,0,7,F1
Sample_007_Region,124645-sample_1_lv_0046706_007,0,-3.9327815,6.8595376,0,2,F1
Sample_007_Region,124646-sample_1_lv_0046706_007,10,16.194044,9.153049,0,132,Undifferentiated_KC
Sample_007_Region,124647-sample_1_lv_0046706_007,16,6.5707216,8.1404295,0,48,F3
Sample_007_Region,124648-sample_1_lv_0046706_007,0,-4.894406,5.9542847,0,7,F1
Sample_007_Region,124649-sample_1_lv_0046706_007,10,13.344125,11.417037,0,83,F1
Sample_007_Region,124650-sample_1_lv_0046706_007,0,-2.7873583,8.220243,0,15,Undifferentiated_KC
Sample_007_Region,124651-sample_1_lv_0046706_007,0,-4.151893,7.98748,0,190,F2
Sample_007_Region,124652-sample_1_lv_0046706_007,33,0.84257483,20.881254,0,206,F1
Sample_007_Region,124653-sample_1_lv_0046706_007,13,9.050636,10.835671,0,518,F2
Sample_007_Region,124654-sample_1_lv_0046706_007,16,6.9829,7.1520753,0,212,F1
Sample_007_Region,124655-sample_1_lv_0046706_007,28,10.337704,-6.4570103,0,62,Mono_mac
Sample_007_Region,124656-sample_1_lv_0046706_007,0,-5.6079173,9.1750145,0,62,F1
Sample_007_Region,124657-sample_1_lv_0046706_007,0,-4.226418,8.851296,0,107,F1
Sample_007_Region,124659-sample_1_lv_0046706_007,0,-6.047006,9.07192,0,158,Th
Sample_007_Region,124661-sample_1_lv_0046706_007,13,6.886533,13.665507,0,223,F1
Sample_007_Region,124662-sample_1_lv_0046706_007,13,7.2656326,13.351884,0,190,Undifferentiated_KC
Sample_007_Region,124663-sample_1_lv_0046706_007,13,8.747584,12.592575,0,355,F2
Sample_007_Region,124664-sample_1_lv_0046706_007,0,-3.4263203,6.5948877,0,86,F3
Sample_007_Region,124665-sample_1_lv_0046706_007,0,-4.619081,8.853808,0,45,F1
Sample_007_Region,124666-sample_1_lv_0046706_007,23,6.4377275,19.345003,0,150,ILC1_3
Sample_007_Region,124667-sample_1_lv_0046706_007,0,-4.2715244,6.975529,0,220,F1
Sample_007_Region,124668-sample_1_lv_0046706_007,10,16.052223,9.185543,0,292,F1
Sample_007_Region,124669-sample_1_lv_0046706_007,3,9.923467,5.2299457,0,221,Mono_mac
Sample_007_Region,124670-sample_1_lv_0046706_007,10,13.638866,10.633064,0,41,Th
Sample_007_Region,124671-sample_1_lv_0046706_007,13,8.132522,12.821723,0,165,F2
Sample_007_Region,124672-sample_1_lv_0046706_007,0,-3.805771,7.407629,0,145,Macro_1
Sample_007_Region,124673-sample_1_lv_0046706_007,0,-3.1424139,6.2628064,0,54,F3
Sample_007_Region,124674-sample_1_lv_0046706_007,16,6.236271,7.0430655,0,206,F3
Sample_007_Region,124675-sample_1_lv_0046706_007,0,-5.578136,6.7477646,0,135,Th
Sample_007_Region,124676-sample_1_lv_0046706_007,34,1.813007,15.736071,0,87,Mono_mac
Sample_007_Region,124677-sample_1_lv_0046706_007,3,5.064282,4.2285013,0,155,F2
Sample_007_Region,124678-sample_1_lv_0046706_007,3,9.920768,5.2202916,0,191,Macro_1
Sample_007_Region,124679-sample_1_lv_0046706_007,0,-3.640035,7.6049433,0,76,F1
Sample_007_Region,124680-sample_1_lv_0046706_007,1,9.882642,9.296748,0,32,Th
Sample_007_Region,124681-sample_1_lv_0046706_007,10,14.810501,9.729998,0,245,F1
Sample_007_Region,124683-sample_1_lv_0046706_007,13,8.855754,10.619435,0,265,F1
Sample_007_Region,124687-sample_1_lv_0046706_007,0,-3.9835136,6.42674,0,165,F1
Sample_007_Region,124697-sample_1_lv_0046706_007,8,14.02909,1.4089798,0,84,F3
Sample_007_Region,124698-sample_1_lv_0046706_007,11,12.032016,9.373627,0,236,F3
Sample_007_Region,124699-sample_1_lv_0046706_007,8,13.775543,-0.27109566,0,251,Th
Sample_007_Region,124700-sample_1_lv_0046706_007,6,14.547965,15.915775,0,339,Undifferentiated_KC
Sample_007_Region,124702-sample_1_lv_0046706_007,3,8.983497,4.8327637,0,198,Undifferentiated_KC
Sample_007_Region,124703-sample_1_lv_0046706_007,6,14.4999275,16.175898,0,155,Undifferentiated_KC
Sample_007_Region,124704-sample_1_lv_0046706_007,6,14.498446,16.487076,0,370,Undifferentiated_KC
Sample_007_Region,124706-sample_1_lv_0046706_007,0,-2.4828374,7.3427157,0,57,F1
Sample_007_Region,124707-sample_1_lv_0046706_007,0,-3.233097,6.805298,0,12,F1
Sample_007_Region,124710-sample_1_lv_0046706_007,30,7.1957355,-1.8456365,0,247,Undifferentiated_KC
Sample_007_Region,124711-sample_1_lv_0046706_007,7,5.910213,9.033236,0,184,Undifferentiated_KC
Sample_007_Region,124712-sample_1_lv_0046706_007,7,6.446617,9.219304,0,393,Undifferentiated_KC
Sample_007_Region,124713-sample_1_lv_0046706_007,13,8.996514,10.481329,0,180,F3
Sample_007_Region,124714-sample_1_lv_0046706_007,8,12.631137,1.6133987,0,199,F3
Sample_007_Region,124715-sample_1_lv_0046706_007,0,-6.435758,7.689552,0,64,F3
Sample_007_Region,124716-sample_1_lv_0046706_007,0,-5.666318,8.069923,0,261,Th
Sample_007_Region,124717-sample_1_lv_0046706_007,13,8.757735,10.421378,0,186,F2
Sample_007_Region,124718-sample_1_lv_0046706_007,0,-3.0476959,7.3699455,0,72,F2
Sample_007_Region,124725-sample_1_lv_0046706_007,13,7.6701517,12.415354,0,155,F1
Sample_007_Region,124726-sample_1_lv_0046706_007,0,-5.512115,6.4392343,0,36,Th
Sample_007_Region,124727-sample_1_lv_0046706_007,13,7.8159447,12.985035,0,163,Th
Sample_007_Region,124728-sample_1_lv_0046706_007,0,-5.3958864,6.578164,0,61,Undifferentiated_KC
Sample_007_Region,124729-sample_1_lv_0046706_007,0,-4.9984274,6.1069,0,33,F1
Sample_007_Region,124730-sample_1_lv_0046706_007,0,-4.196653,7.093831,0,88,F1
Sample_007_Region,124775-sample_1_lv_0046706_007,0,-6.290675,8.567161,0,4,F1
Sample_007_Region,124776-sample_1_lv_0046706_007,0,-2.9285545,8.152284,0,16,F1
Sample_007_Region,124781-sample_1_lv_0046706_007,0,-5.4203696,9.012138,0,2,Treg
Sample_007_Region,124782-sample_1_lv_0046706_007,0,-5.022856,6.6598644,0,60,Undifferentiated_KC
Sample_007_Region,124783-sample_1_lv_0046706_007,0,-6.5912547,6.5013137,0,0,Differentiated_KC
Sample_007_Region,124784-sample_1_lv_0046706_007,26,7.340696,-3.3795435,0,241,VE1
Sample_007_Region,124785-sample_1_lv_0046706_007,11,10.717372,9.938384,0,399,F2
Sample_007_Region,124786-sample_1_lv_0046706_007,0,-6.3822947,8.360907,0,451,F2
Sample_007_Region,124787-sample_1_lv_0046706_007,11,11.804532,9.812276,0,544,F1
Sample_007_Region,124788-sample_1_lv_0046706_007,0,-3.486409,7.7652135,0,21,F2
Sample_007_Region,124789-sample_1_lv_0046706_007,0,-5.533808,8.140128,0,404,F3
Sample_007_Region,124790-sample_1_lv_0046706_007,0,-2.2836845,7.330736,0,61,Mono_mac
Sample_007_Region,124791-sample_1_lv_0046706_007,27,1.3604757,1.3131748,0,39,Th
Sample_007_Region,124792-sample_1_lv_0046706_007,20,16.557829,14.582985,0,227,F1
Sample_007_Region,124800-sample_1_lv_0046706_007,0,-4.033474,8.851144,0,0,Differentiated_KC
Sample_007_Region,124801-sample_1_lv_0046706_007,0,-4.2249603,6.040133,0,0,Differentiated_KC
Sample_007_Region,124802-sample_1_lv_0046706_007,0,-6.2050366,5.3707767,0,0,Differentiated_KC
Sample_007_Region,124803-sample_1_lv_0046706_007,0,-3.2019517,7.0182295,0,0,Differentiated_KC
Sample_007_Region,124804-sample_1_lv_0046706_007,0,-2.5652742,7.4871793,0,0,Differentiated_KC
Sample_007_Region,124805-sample_1_lv_0046706_007,8,14.26677,-0.84889936,0,110,F1
Sample_007_Region,124806-sample_1_lv_0046706_007,12,13.226562,6.1694345,0,195,F1
Sample_007_Region,124807-sample_1_lv_0046706_007,13,9.994774,4.5133724,0,270,F1
Sample_007_Region,124808-sample_1_lv_0046706_007,0,-4.2014203,5.0887704,0,9,Macro_1
Sample_007_Region,124809-sample_1_lv_0046706_007,0,-3.3276198,5.7265506,0,57,F1
Sample_007_Region,124810-sample_1_lv_0046706_007,16,6.6011086,8.220783,0,95,F1
Sample_007_Region,124811-sample_1_lv_0046706_007,3,5.8842487,4.2694736,0,81,F1
Sample_007_Region,124812-sample_1_lv_0046706_007,28,10.288445,-6.440596,0,48,F1
Sample_007_Region,124813-sample_1_lv_0046706_007,16,6.9940324,7.0945435,0,177,Macro_1
Sample_007_Region,124814-sample_1_lv_0046706_007,3,9.967061,5.8365183,0,208,F1
Sample_007_Region,124815-sample_1_lv_0046706_007,0,-4.3101254,5.6744347,0,124,F1
Sample_007_Region,124816-sample_1_lv_0046706_007,4,16.047014,9.53182,0,49,Pericyte_1
Sample_007_Region,124817-sample_1_lv_0046706_007,11,11.175009,9.549683,0,833,F3
Sample_007_Region,124818-sample_1_lv_0046706_007,12,14.632534,4.9658885,0,172,Mono_mac
Sample_007_Region,124819-sample_1_lv_0046706_007,14,10.605747,4.4848847,0,558,Pericyte_1
Sample_007_Region,124820-sample_1_lv_0046706_007,20,16.988167,14.322526,0,835,Mono_mac
Sample_007_Region,124821-sample_1_lv_0046706_007,30,20.963707,6.211762,0,8,F1
Sample_007_Region,124822-sample_1_lv_0046706_007,0,-6.118581,8.325416,0,25,F1
Sample_007_Region,124823-sample_1_lv_0046706_007,0,-4.8602695,9.4861355,0,7,Melanocyte
Sample_007_Region,124824-sample_1_lv_0046706_007,0,-6.243824,6.2109256,0,366,F1
Sample_007_Region,124825-sample_1_lv_0046706_007,8,12.8310175,0.0976585,0,441,Mono_mac
Sample_007_Region,124826-sample_1_lv_0046706_007,4,14.85824,7.1891127,0,569,Pericyte_1
Sample_007_Region,124827-sample_1_lv_0046706_007,20,16.75369,14.943216,0,584,Mono_mac
Sample_007_Region,124828-sample_1_lv_0046706_007,38,-3.2599385,9.731479,0,0,Differentiated_KC
Sample_007_Region,124829-sample_1_lv_0046706_007,0,-5.7872148,8.318224,0,1,Differentiated_KC
Sample_007_Region,124833-sample_1_lv_0046706_007,0,-2.888925,8.535759,0,25,F2
Sample_007_Region,124835-sample_1_lv_0046706_007,0,-3.0093052,7.177185,0,0,Differentiated_KC
Sample_007_Region,124836-sample_1_lv_0046706_007,0,-3.336149,5.5611157,0,4,VE2
Sample_007_Region,124837-sample_1_lv_0046706_007,0,-2.5680082,7.7415457,0,2,VE2
Sample_007_Region,124838-sample_1_lv_0046706_007,0,-4.4109197,7.8200197,0,0,Differentiated_KC
Sample_007_Region,124839-sample_1_lv_0046706_007,0,-5.4156713,6.6356215,0,3,F2
Sample_007_Region,124840-sample_1_lv_0046706_007,0,-4.4296927,7.462546,0,0,Differentiated_KC
Sample_007_Region,124841-sample_1_lv_0046706_007,0,-5.5084248,5.8244114,0,0,Differentiated_KC
Sample_007_Region,124917-sample_1_lv_0046706_007,2,9.978056,6.1250405,0,75,F2
Sample_007_Region,124918-sample_1_lv_0046706_007,1,6.9995937,7.8845377,0,21,ILC2
Sample_007_Region,124919-sample_1_lv_0046706_007,9,9.224821,12.81337,0,447,F3
Sample_007_Region,124920-sample_1_lv_0046706_007,30,7.2220216,-1.829519,0,144,Mono_mac
Sample_007_Region,124921-sample_1_lv_0046706_007,33,0.8545398,21.151068,0,524,Mono_mac
Sample_007_Region,124922-sample_1_lv_0046706_007,5,9.165421,2.5946255,0,367,Tc
Sample_007_Region,124923-sample_1_lv_0046706_007,11,13.438347,7.4911346,0,561,VE3
Sample_007_Region,124924-sample_1_lv_0046706_007,2,10.914639,7.20932,0,1170,F3
Sample_007_Region,124925-sample_1_lv_0046706_007,10,14.693857,10.2050085,0,133,F3
Sample_007_Region,124926-sample_1_lv_0046706_007,5,13.174549,3.1835754,0,115,Mono_mac
Sample_007_Region,124927-sample_1_lv_0046706_007,5,12.98623,6.3245797,0,1111,VE2
Sample_007_Region,124928-sample_1_lv_0046706_007,19,19.582752,13.562312,0,526,F1
Sample_007_Region,124929-sample_1_lv_0046706_007,13,9.1189375,11.03937,0,370,Tc
Sample_007_Region,124930-sample_1_lv_0046706_007,0,-3.9050074,8.157164,0,78,VE2
Sample_007_Region,124931-sample_1_lv_0046706_007,19,19.976147,11.3727865,0,324,F3
Sample_007_Region,124932-sample_1_lv_0046706_007,3,4.8961973,5.7061024,0,336,Pericyte_2
Sample_007_Region,124933-sample_1_lv_0046706_007,11,12.302723,8.723307,0,849,Pericyte_2
Sample_007_Region,124934-sample_1_lv_0046706_007,19,19.944637,14.690624,0,530,Pericyte_2
Sample_007_Region,124935-sample_1_lv_0046706_007,5,12.805441,4.3324804,0,879,Mono_mac
Sample_007_Region,124936-sample_1_lv_0046706_007,8,13.206701,1.972724,0,468,Pericyte_2
Sample_007_Region,124937-sample_1_lv_0046706_007,32,2.350824,0.0918783,0,622,Pericyte_1
Sample_007_Region,124938-sample_1_lv_0046706_007,4,14.254319,8.198045,0,588,Pericyte_2
Sample_007_Region,124939-sample_1_lv_0046706_007,28,12.123882,-7.0816865,0,86,Pericyte_2
Sample_007_Region,124940-sample_1_lv_0046706_007,4,14.590337,8.73578,0,143,Pericyte_2
Sample_007_Region,124941-sample_1_lv_0046706_007,5,12.505838,5.196457,0,793,VE3
Sample_007_Region,124942-sample_1_lv_0046706_007,26,7.203281,-5.7197824,0,865,Pericyte_2
Sample_007_Region,124943-sample_1_lv_0046706_007,9,9.54802,14.610477,0,662,VE2
Sample_007_Region,124944-sample_1_lv_0046706_007,5,10.366753,2.2323096,0,657,Pericyte_2
Sample_007_Region,124945-sample_1_lv_0046706_007,5,10.36128,2.2963703,0,261,F3
Sample_007_Region,124946-sample_1_lv_0046706_007,14,12.315767,3.9691553,0,453,Pericyte_2
Sample_007_Region,124947-sample_1_lv_0046706_007,0,-5.750474,9.553124,0,12,Macro_1
Sample_007_Region,124948-sample_1_lv_0046706_007,0,-3.091285,8.32978,0,84,VE1
Sample_007_Region,124949-sample_1_lv_0046706_007,0,-6.0897074,6.1200156,0,246,Mono_mac
Sample_007_Region,124950-sample_1_lv_0046706_007,3,7.2071133,5.058237,0,277,Mono_mac
Sample_007_Region,124951-sample_1_lv_0046706_007,1,6.778348,11.432711,0,18,F1
Sample_007_Region,124952-sample_1_lv_0046706_007,25,9.237737,22.223907,0,622,Mono_mac
Sample_007_Region,124953-sample_1_lv_0046706_007,0,-4.3987346,7.044147,0,136,F1
Sample_007_Region,124954-sample_1_lv_0046706_007,8,14.837827,-0.9504631,0,71,F1
Sample_007_Region,124955-sample_1_lv_0046706_007,0,-3.0460095,6.4821754,0,56,Pericyte_1
Sample_007_Region,124956-sample_1_lv_0046706_007,0,-5.561981,7.900247,0,144,Mono_mac
Sample_007_Region,124957-sample_1_lv_0046706_007,8,12.84725,0.67317265,0,155,Pericyte_2
Sample_007_Region,124958-sample_1_lv_0046706_007,0,-5.249161,9.198473,0,394,F1
Sample_007_Region,124959-sample_1_lv_0046706_007,22,9.962555,19.466059,0,272,VE2
Sample_007_Region,124960-sample_1_lv_0046706_007,0,-4.598756,6.5125613,0,16,MigDC
Sample_007_Region,124961-sample_1_lv_0046706_007,0,-2.9752433,5.39568,0,294,Pericyte_2
Sample_007_Region,124962-sample_1_lv_0046706_007,26,8.691671,-5.0024962,0,311,Mono_mac
Sample_007_Region,124963-sample_1_lv_0046706_007,5,9.1070175,3.039241,0,593,Pericyte_1
Sample_007_Region,124964-sample_1_lv_0046706_007,0,-4.4996,5.0473785,0,170,F1
Sample_007_Region,124965-sample_1_lv_0046706_007,30,20.291695,4.1019955,0,54,Mono_mac
Sample_007_Region,124966-sample_1_lv_0046706_007,0,-3.6578214,6.079839,0,90,Mono_mac
Sample_007_Region,124967-sample_1_lv_0046706_007,9,9.51313,14.026468,0,264,Tc
Sample_007_Region,124968-sample_1_lv_0046706_007,0,-5.870032,6.829363,0,167,Mono_mac
Sample_007_Region,124969-sample_1_lv_0046706_007,0,-3.3711078,6.1561623,0,15,F2
Sample_007_Region,124970-sample_1_lv_0046706_007,0,-5.995955,6.641773,0,25,Macro_1
Sample_007_Region,124971-sample_1_lv_0046706_007,0,-4.6663914,6.1900716,0,28,F1
Sample_007_Region,124972-sample_1_lv_0046706_007,16,7.4096713,7.1812735,0,726,F2
Sample_007_Region,124973-sample_1_lv_0046706_007,23,6.393961,19.12322,0,569,ILC1_3
Sample_007_Region,124974-sample_1_lv_0046706_007,8,13.022433,0.09018107,0,393,Pericyte_1
Sample_007_Region,124975-sample_1_lv_0046706_007,0,-5.597397,7.4470205,0,165,F3
Sample_007_Region,124976-sample_1_lv_0046706_007,0,-6.2714896,7.9800663,0,40,F3
Sample_007_Region,124977-sample_1_lv_0046706_007,37,-2.564724,8.909416,0,161,F2
Sample_007_Region,124978-sample_1_lv_0046706_007,16,6.61542,6.8007364,0,421,F3
Sample_007_Region,124979-sample_1_lv_0046706_007,11,11.747965,9.743481,0,258,F2
Sample_007_Region,124980-sample_1_lv_0046706_007,1,9.962725,8.60924,0,88,F2
Sample_007_Region,124981-sample_1_lv_0046706_007,0,-5.5747023,4.711468,0,69,F2
Sample_007_Region,124982-sample_1_lv_0046706_007,3,9.404488,4.3113685,0,52,F2
Sample_007_Region,124983-sample_1_lv_0046706_007,19,20.172573,13.808625,0,407,F3
Sample_007_Region,124984-sample_1_lv_0046706_007,2,11.773743,6.662596,0,246,F3
Sample_007_Region,124986-sample_1_lv_0046706_007,2,10.197442,6.908895,0,245,F3
Sample_007_Region,124987-sample_1_lv_0046706_007,1,8.193566,7.97429,0,63,F1
Sample_007_Region,124988-sample_1_lv_0046706_007,2,9.677556,6.800632,0,133,F1
Sample_007_Region,124989-sample_1_lv_0046706_007,1,10.141384,8.239129,0,288,F3
Sample_007_Region,124990-sample_1_lv_0046706_007,5,12.91993,3.275392,0,266,Pericyte_2
Sample_007_Region,124991-sample_1_lv_0046706_007,20,16.693321,14.604744,0,610,F3
Sample_007_Region,124992-sample_1_lv_0046706_007,1,7.817413,7.0318832,0,130,Th
Sample_007_Region,124993-sample_1_lv_0046706_007,2,9.695174,6.984906,0,196,F1
Sample_007_Region,124994-sample_1_lv_0046706_007,15,5.496963,3.4561794,0,82,Macro_1
Sample_007_Region,124995-sample_1_lv_0046706_007,30,20.235735,4.0368595,0,72,F1
Sample_007_Region,124998-sample_1_lv_0046706_007,0,-3.8566165,8.403161,0,42,Undifferentiated_KC
Sample_007_Region,124999-sample_1_lv_0046706_007,28,9.799248,-6.113135,0,44,F1
Sample_007_Region,125000-sample_1_lv_0046706_007,11,10.879672,10.491188,0,246,F3
Sample_007_Region,125001-sample_1_lv_0046706_007,2,11.554847,7.0961165,0,205,Th
Sample_007_Region,125002-sample_1_lv_0046706_007,0,-4.154358,5.7352157,0,10,F2
Sample_007_Region,125012-sample_1_lv_0046706_007,29,3.3805737,4.5219226,0,81,F2
Sample_007_Region,125013-sample_1_lv_0046706_007,0,-5.1194105,5.6091285,0,42,Macro_1
Sample_007_Region,125014-sample_1_lv_0046706_007,0,-5.551023,6.2014456,0,80,F2
Sample_007_Region,125015-sample_1_lv_0046706_007,5,12.629338,5.3687525,0,202,F3
Sample_007_Region,125016-sample_1_lv_0046706_007,8,12.788543,0.3266299,0,550,F3
Sample_007_Region,125017-sample_1_lv_0046706_007,10,13.810738,9.860919,0,510,Mono_mac
Sample_007_Region,125018-sample_1_lv_0046706_007,5,9.315851,2.5175636,0,111,LE1
Sample_007_Region,125019-sample_1_lv_0046706_007,8,12.356963,1.8490223,0,619,F3
Sample_007_Region,125020-sample_1_lv_0046706_007,0,-4.534052,6.5051837,0,29,Macro_1
Sample_007_Region,125021-sample_1_lv_0046706_007,0,-5.9784994,5.937252,0,322,F3
Sample_007_Region,125022-sample_1_lv_0046706_007,16,6.681663,6.7426844,0,347,F3
Sample_007_Region,125023-sample_1_lv_0046706_007,4,15.22001,6.954954,0,197,F3
Sample_007_Region,125024-sample_1_lv_0046706_007,13,7.737804,12.252488,0,103,F1
Sample_007_Region,125025-sample_1_lv_0046706_007,31,10.983695,-2.3642726,0,228,F2
Sample_007_Region,125027-sample_1_lv_0046706_007,0,-4.093329,4.8844056,0,323,F3
Sample_007_Region,125028-sample_1_lv_0046706_007,8,12.4722595,0.8922604,0,235,Mono_mac
Sample_007_Region,125029-sample_1_lv_0046706_007,31,11.233627,-2.1404293,0,148,Pericyte_1
Sample_007_Region,125030-sample_1_lv_0046706_007,0,-4.497264,6.263247,0,5,F2
Sample_007_Region,125031-sample_1_lv_0046706_007,0,-4.055552,8.169441,0,18,Pericyte_1
Sample_007_Region,125032-sample_1_lv_0046706_007,0,-3.2253282,6.784907,0,261,Undifferentiated_KC
Sample_007_Region,125033-sample_1_lv_0046706_007,0,-6.760784,8.175928,0,3,Macro_1
Sample_007_Region,125034-sample_1_lv_0046706_007,30,20.371534,4.077017,0,70,F1
Sample_007_Region,125035-sample_1_lv_0046706_007,6,11.533175,14.164861,0,326,F2
Sample_007_Region,125057-sample_1_lv_0046706_007,0,-5.5287995,8.908533,0,29,F1
Sample_007_Region,125058-sample_1_lv_0046706_007,24,8.492866,-1.1468105,0,29,F1
Sample_007_Region,125059-sample_1_lv_0046706_007,0,-3.9448385,5.858155,0,35,F2
Sample_007_Region,125060-sample_1_lv_0046706_007,0,-4.7590413,5.7411113,0,0,Differentiated_KC
Sample_007_Region,125061-sample_1_lv_0046706_007,0,-4.528211,7.9009633,0,0,Differentiated_KC
Sample_007_Region,125062-sample_1_lv_0046706_007,0,-4.541232,7.295731,0,20,F1
Sample_007_Region,125063-sample_1_lv_0046706_007,0,-2.4913647,7.582575,0,1,Treg
Sample_007_Region,125064-sample_1_lv_0046706_007,0,-5.233156,6.9385567,0,3,Mono_mac
Sample_007_Region,125065-sample_1_lv_0046706_007,0,-3.9160087,8.799066,0,2,F2
Sample_007_Region,125066-sample_1_lv_0046706_007,0,-4.719805,4.8774405,0,0,Differentiated_KC
Sample_007_Region,125067-sample_1_lv_0046706_007,0,-4.373217,6.9451733,0,2,Th
Sample_007_Region,125068-sample_1_lv_0046706_007,0,-4.2071114,6.559859,0,1,Differentiated_KC
Sample_007_Region,125069-sample_1_lv_0046706_007,0,-4.5287538,7.3502326,0,0,Differentiated_KC
Sample_007_Region,125070-sample_1_lv_0046706_007,0,-4.418212,7.1807365,0,15,F1
Sample_007_Region,125071-sample_1_lv_0046706_007,9,9.010291,15.310132,0,6,F2
Sample_007_Region,125083-sample_1_lv_0046706_007,0,-3.075438,6.5582623,0,4,Th
Sample_007_Region,125084-sample_1_lv_0046706_007,24,8.493528,-1.1269615,0,57,F1
Sample_007_Region,125085-sample_1_lv_0046706_007,0,-4.5162497,5.0275936,0,0,Differentiated_KC
Sample_007_Region,125086-sample_1_lv_0046706_007,34,2.1389875,16.564014,0,72,VE1
Sample_007_Region,125087-sample_1_lv_0046706_007,0,-4.820089,5.45937,0,19,F2
Sample_007_Region,125088-sample_1_lv_0046706_007,0,-4.7379823,5.4476857,0,4,Undifferentiated_KC
Sample_007_Region,125089-sample_1_lv_0046706_007,36,-7.1570215,6.362452,0,36,F1
Sample_007_Region,125090-sample_1_lv_0046706_007,0,-5.4398117,6.084706,0,5,F2
Sample_007_Region,125091-sample_1_lv_0046706_007,0,-3.3631024,5.6486754,0,6,F2
Sample_007_Region,125092-sample_1_lv_0046706_007,0,-4.4285884,7.2008924,0,2,Differentiated_KC
Sample_007_Region,125093-sample_1_lv_0046706_007,3,7.2063184,4.987278,0,62,VE1
Sample_007_Region,125094-sample_1_lv_0046706_007,0,-5.570021,5.9883676,0,36,Macro_1
Sample_007_Region,125095-sample_1_lv_0046706_007,26,8.56292,-4.1327868,0,44,F3
Sample_007_Region,125096-sample_1_lv_0046706_007,0,-2.7242603,6.078035,0,8,F1
Sample_007_Region,125097-sample_1_lv_0046706_007,0,-4.6331635,5.958255,0,63,F1
Sample_007_Region,125098-sample_1_lv_0046706_007,0,-6.0514197,5.753954,0,0,Differentiated_KC
Sample_007_Region,125099-sample_1_lv_0046706_007,0,-3.1134467,7.9517126,0,1,VE1
Sample_007_Region,125100-sample_1_lv_0046706_007,0,-3.7173114,6.023341,0,12,VE1
Sample_007_Region,125101-sample_1_lv_0046706_007,0,-6.7789593,7.87183,0,36,ILC1_3
Sample_007_Region,125102-sample_1_lv_0046706_007,26,7.368453,-3.4317842,0,117,Mono_mac
Sample_007_Region,125103-sample_1_lv_0046706_007,0,-3.490786,6.520774,0,82,F2
Sample_007_Region,125104-sample_1_lv_0046706_007,0,-4.585641,8.656454,0,23,Undifferentiated_KC
Sample_007_Region,125105-sample_1_lv_0046706_007,0,-4.3316064,7.588941,0,1,Differentiated_KC
Sample_007_Region,125106-sample_1_lv_0046706_007,0,-2.5929408,7.7233305,0,40,F3
Sample_007_Region,125107-sample_1_lv_0046706_007,0,-4.144279,7.8150864,0,55,F1
Sample_007_Region,125108-sample_1_lv_0046706_007,0,-5.8663363,7.3880315,0,9,Th
Sample_007_Region,125109-sample_1_lv_0046706_007,9,8.999224,15.274391,0,35,Mono_mac
Sample_007_Region,125110-sample_1_lv_0046706_007,1,9.808617,9.846681,0,862,Mono_mac
Sample_007_Region,125111-sample_1_lv_0046706_007,3,7.081568,3.808605,0,21,F1
Sample_007_Region,125112-sample_1_lv_0046706_007,6,12.200282,13.350469,0,273,DC2
Sample_007_Region,125113-sample_1_lv_0046706_007,2,10.872101,7.0628633,0,330,F1
Sample_007_Region,125114-sample_1_lv_0046706_007,2,10.070224,6.1668034,0,47,Tc
Sample_007_Region,125115-sample_1_lv_0046706_007,3,5.3741674,4.845431,0,487,Th
Sample_007_Region,125116-sample_1_lv_0046706_007,0,-4.644795,9.228,0,42,F1
Sample_007_Region,125117-sample_1_lv_0046706_007,0,-4.3609886,7.5555997,0,6,F1
Sample_007_Region,125118-sample_1_lv_0046706_007,0,-5.1779847,6.2697144,0,1,Macro_1
Sample_007_Region,125119-sample_1_lv_0046706_007,0,-7.2209616,7.874545,0,6,F1
Sample_007_Region,125120-sample_1_lv_0046706_007,26,8.841354,-5.149188,0,30,VE2
Sample_007_Region,125121-sample_1_lv_0046706_007,13,8.332343,11.742062,0,54,Mono_mac
Sample_007_Region,125122-sample_1_lv_0046706_007,0,-3.28751,8.069935,0,58,Pericyte_1
Sample_007_Region,125123-sample_1_lv_0046706_007,16,5.9881883,7.2629633,0,108,MigDC
Sample_007_Region,125124-sample_1_lv_0046706_007,8,13.400206,0.5792401,0,219,F1
Sample_007_Region,125125-sample_1_lv_0046706_007,30,20.035887,3.848981,0,75,F1
Sample_007_Region,125126-sample_1_lv_0046706_007,0,-5.4734364,7.2053814,0,67,F2
Sample_007_Region,125129-sample_1_lv_0046706_007,0,-5.6019235,8.658374,0,1,F1
Sample_007_Region,125130-sample_1_lv_0046706_007,0,-4.096407,7.4713044,0,0,Differentiated_KC
Sample_007_Region,125205-sample_1_lv_0046706_007,12,14.277508,5.8155756,0,11,Mono_mac
Sample_007_Region,125206-sample_1_lv_0046706_007,11,11.65525,9.5221195,0,647,Mono_mac
Sample_007_Region,125207-sample_1_lv_0046706_007,38,-2.949469,9.515296,0,615,Mono_mac
Sample_007_Region,125208-sample_1_lv_0046706_007,8,14.394724,-0.9632816,0,84,F1
Sample_007_Region,125209-sample_1_lv_0046706_007,0,-4.556421,8.614624,0,28,F1
Sample_007_Region,125210-sample_1_lv_0046706_007,2,11.473598,7.991873,0,55,Mono_mac
Sample_007_Region,125211-sample_1_lv_0046706_007,1,10.196318,8.8898535,0,46,F1
Sample_007_Region,125212-sample_1_lv_0046706_007,3,10.67342,5.751206,0,67,Mono_mac
Sample_007_Region,125213-sample_1_lv_0046706_007,10,16.393127,8.987039,0,640,Undifferentiated_KC
Sample_007_Region,125214-sample_1_lv_0046706_007,10,16.3809,8.951506,0,464,VE2
Sample_007_Region,125215-sample_1_lv_0046706_007,10,13.827902,10.116352,0,334,F2
Sample_007_Region,125216-sample_1_lv_0046706_007,0,-3.4635756,6.377073,0,274,F2
Sample_007_Region,125217-sample_1_lv_0046706_007,10,13.378558,11.377502,0,82,F3
Sample_007_Region,125218-sample_1_lv_0046706_007,9,9.318607,14.411691,0,224,Mono_mac
Sample_007_Region,125219-sample_1_lv_0046706_007,10,13.849182,9.73553,0,210,ILC1_3
Sample_007_Region,125220-sample_1_lv_0046706_007,20,17.079227,15.381867,0,899,F2
Sample_007_Region,125221-sample_1_lv_0046706_007,10,14.744814,10.207312,0,137,Th
Sample_007_Region,125222-sample_1_lv_0046706_007,12,14.123578,6.134665,0,201,Mono_mac
Sample_007_Region,125223-sample_1_lv_0046706_007,10,16.042942,8.856743,0,123,Mono_mac
Sample_007_Region,125224-sample_1_lv_0046706_007,20,16.637543,14.836967,0,106,F1
Sample_007_Region,125225-sample_1_lv_0046706_007,12,12.80416,7.405796,0,207,Mono_mac
Sample_007_Region,125226-sample_1_lv_0046706_007,10,16.55154,8.901528,0,278,F2
Sample_007_Region,125227-sample_1_lv_0046706_007,30,20.363651,4.5453577,0,42,F1
Sample_007_Region,125228-sample_1_lv_0046706_007,0,-4.648014,6.8535438,0,66,Mono_mac
Sample_007_Region,125229-sample_1_lv_0046706_007,1,9.4618225,8.076261,0,28,Th
Sample_007_Region,125230-sample_1_lv_0046706_007,1,8.007535,9.930249,0,95,Mono_mac
Sample_007_Region,125231-sample_1_lv_0046706_007,11,11.154997,9.850831,0,114,F1
Sample_007_Region,125232-sample_1_lv_0046706_007,30,19.537361,3.5129845,0,104,Mono_mac
Sample_007_Region,125233-sample_1_lv_0046706_007,11,10.944867,9.876416,0,547,F3
Sample_007_Region,125234-sample_1_lv_0046706_007,2,11.854928,8.2227125,0,127,Mono_mac
Sample_007_Region,125235-sample_1_lv_0046706_007,8,12.739963,1.31897,0,668,F2
Sample_007_Region,125236-sample_1_lv_0046706_007,11,11.0760355,9.88086,0,283,Mono_mac
Sample_007_Region,125237-sample_1_lv_0046706_007,11,9.892628,10.460088,0,49,F1
Sample_007_Region,125238-sample_1_lv_0046706_007,0,-4.380762,6.933511,0,97,F1
Sample_007_Region,125239-sample_1_lv_0046706_007,1,9.2066145,8.901421,0,326,Mono_mac
Sample_007_Region,125240-sample_1_lv_0046706_007,0,-5.473549,5.580803,0,143,F1
Sample_007_Region,125241-sample_1_lv_0046706_007,1,11.824971,10.18474,0,237,F1
Sample_007_Region,125242-sample_1_lv_0046706_007,12,12.837094,7.9750977,0,309,F1
Sample_007_Region,125243-sample_1_lv_0046706_007,10,13.526672,10.219568,0,444,F2
Sample_007_Region,125244-sample_1_lv_0046706_007,1,11.1473255,8.691465,0,292,Mono_mac
Sample_007_Region,125245-sample_1_lv_0046706_007,5,12.119069,5.4861627,0,490,Mono_mac
Sample_007_Region,125246-sample_1_lv_0046706_007,0,-5.0634575,6.0344205,0,193,Mono_mac
Sample_007_Region,125247-sample_1_lv_0046706_007,10,14.093919,9.762658,0,95,VE2
Sample_007_Region,125248-sample_1_lv_0046706_007,3,7.2201324,6.2951255,0,33,Mono_mac
Sample_007_Region,125249-sample_1_lv_0046706_007,11,11.297346,9.85118,0,269,Mono_mac
Sample_007_Region,125250-sample_1_lv_0046706_007,0,-5.924649,6.301778,0,97,Undifferentiated_KC
Sample_007_Region,125251-sample_1_lv_0046706_007,11,11.081662,9.456773,0,141,Mono_mac
Sample_007_Region,125252-sample_1_lv_0046706_007,1,10.842706,8.585379,0,577,Mono_mac
Sample_007_Region,125253-sample_1_lv_0046706_007,15,4.0046597,6.504659,0,636,VE3
Sample_007_Region,125254-sample_1_lv_0046706_007,3,9.625702,4.955058,0,64,Mono_mac
Sample_007_Region,125255-sample_1_lv_0046706_007,10,13.387398,9.587277,0,431,F1
Sample_007_Region,125256-sample_1_lv_0046706_007,13,13.42597,8.008242,0,916,Mono_mac
Sample_007_Region,125257-sample_1_lv_0046706_007,13,9.306678,11.1327305,0,356,F3
Sample_007_Region,125258-sample_1_lv_0046706_007,19,19.82812,11.466603,0,549,F3
Sample_007_Region,125259-sample_1_lv_0046706_007,0,-3.9278002,8.81097,0,83,Mono_mac
Sample_007_Region,125260-sample_1_lv_0046706_007,8,13.464589,1.4348358,0,1326,Pericyte_2
Sample_007_Region,125261-sample_1_lv_0046706_007,13,9.854805,4.4077435,0,168,Mono_mac
Sample_007_Region,125262-sample_1_lv_0046706_007,16,5.945031,7.211189,0,221,Mono_mac
Sample_007_Region,125263-sample_1_lv_0046706_007,23,7.0869985,18.6268,0,406,Mono_mac
Sample_007_Region,125264-sample_1_lv_0046706_007,10,13.729946,9.3008995,0,75,F1
Sample_007_Region,125265-sample_1_lv_0046706_007,10,14.066132,10.95533,0,216,F2
Sample_007_Region,125266-sample_1_lv_0046706_007,10,13.5101595,10.065431,0,663,F2
Sample_007_Region,125267-sample_1_lv_0046706_007,0,-3.934348,7.871949,0,139,F1
Sample_007_Region,125268-sample_1_lv_0046706_007,10,13.654129,10.874068,0,152,F1
Sample_007_Region,125269-sample_1_lv_0046706_007,15,7.0443044,1.2859067,0,46,Pericyte_2
Sample_007_Region,125270-sample_1_lv_0046706_007,18,14.702944,2.557464,0,577,F3
Sample_007_Region,125271-sample_1_lv_0046706_007,5,13.745428,4.3461843,0,381,Mono_mac
Sample_007_Region,125272-sample_1_lv_0046706_007,3,8.400517,5.0104094,0,162,Tc
Sample_007_Region,125273-sample_1_lv_0046706_007,27,1.1995912,1.7016037,0,30,Pericyte_2
Sample_007_Region,125274-sample_1_lv_0046706_007,0,-5.900753,5.184137,0,262,F2
Sample_007_Region,125275-sample_1_lv_0046706_007,3,5.4538164,4.881224,0,388,Pericyte_1
Sample_007_Region,125276-sample_1_lv_0046706_007,10,12.982622,9.9152,0,171,Macro_1
Sample_007_Region,125277-sample_1_lv_0046706_007,5,8.814489,3.0650492,0,420,Mono_mac
Sample_007_Region,125278-sample_1_lv_0046706_007,9,9.933783,14.263845,0,640,Pericyte_1
Sample_007_Region,125279-sample_1_lv_0046706_007,24,13.58618,-4.1164985,0,16,Macro_1
Sample_007_Region,125280-sample_1_lv_0046706_007,0,-6.421428,5.884045,0,50,Macro_1
Sample_007_Region,125281-sample_1_lv_0046706_007,9,9.261815,14.328235,0,228,Mono_mac
Sample_007_Region,125282-sample_1_lv_0046706_007,8,14.027539,-0.60829216,0,91,F1
Sample_007_Region,125283-sample_1_lv_0046706_007,27,0.21209955,2.3189042,0,18,Macro_1
Sample_007_Region,125284-sample_1_lv_0046706_007,0,-4.253664,6.0486493,0,8,F2
Sample_007_Region,125285-sample_1_lv_0046706_007,5,6.1997037,12.033936,0,75,Pericyte_2
Sample_007_Region,125286-sample_1_lv_0046706_007,18,16.300251,1.9045398,0,373,Pericyte_2
Sample_007_Region,125287-sample_1_lv_0046706_007,10,13.873491,10.544072,0,1152,F3
Sample_007_Region,125288-sample_1_lv_0046706_007,16,5.179823,7.165833,0,247,F2
Sample_007_Region,125289-sample_1_lv_0046706_007,0,-4.499024,9.659872,0,106,F2
Sample_007_Region,125290-sample_1_lv_0046706_007,0,-3.689216,7.326209,0,11,F1
Sample_007_Region,125291-sample_1_lv_0046706_007,20,16.731285,15.412244,0,367,F2
Sample_007_Region,125292-sample_1_lv_0046706_007,10,13.430022,10.931561,0,166,Th
Sample_007_Region,125293-sample_1_lv_0046706_007,0,-5.951825,6.5758657,0,3,Differentiated_KC
Sample_007_Region,125294-sample_1_lv_0046706_007,5,9.438918,2.5601823,0,219,LE2
Sample_007_Region,125297-sample_1_lv_0046706_007,0,-3.3087144,5.2035756,0,274,Th
Sample_007_Region,125298-sample_1_lv_0046706_007,13,9.049216,11.726186,0,241,F2
Sample_007_Region,125307-sample_1_lv_0046706_007,0,-2.2932885,7.086706,0,52,F1
Sample_007_Region,125309-sample_1_lv_0046706_007,20,16.802866,14.527187,0,420,F2
Sample_007_Region,125319-sample_1_lv_0046706_007,0,-4.131044,5.2190676,0,61,F1
Sample_007_Region,125320-sample_1_lv_0046706_007,0,-3.0819361,8.358819,0,24,F1
Sample_007_Region,125321-sample_1_lv_0046706_007,0,-6.6052074,7.7877994,0,77,F1
Sample_007_Region,125322-sample_1_lv_0046706_007,11,11.610593,9.561352,0,540,F1
Sample_007_Region,125323-sample_1_lv_0046706_007,0,-5.0134115,7.979201,0,213,F1
Sample_007_Region,125324-sample_1_lv_0046706_007,0,-6.3549623,7.9501047,0,246,F1
Sample_007_Region,125325-sample_1_lv_0046706_007,0,-3.5771856,5.823091,0,119,Th
Sample_007_Region,125326-sample_1_lv_0046706_007,0,-3.935947,5.356828,0,14,F2
Sample_007_Region,125327-sample_1_lv_0046706_007,0,-3.0348878,5.5217075,0,12,F1
Sample_007_Region,125328-sample_1_lv_0046706_007,0,-2.1023488,6.6366,0,229,F2
Sample_007_Region,125329-sample_1_lv_0046706_007,0,-6.452015,8.180875,0,57,F1
Sample_007_Region,125330-sample_1_lv_0046706_007,10,14.931391,9.446652,0,575,Mono_mac
Sample_007_Region,125331-sample_1_lv_0046706_007,10,16.052248,9.026001,0,380,F3
Sample_007_Region,125332-sample_1_lv_0046706_007,13,9.087305,10.700254,0,367,Undifferentiated_KC
Sample_007_Region,125333-sample_1_lv_0046706_007,13,8.679314,11.551781,0,730,F3
Sample_007_Region,125334-sample_1_lv_0046706_007,10,16.241007,8.940988,0,350,Macro_1
Sample_007_Region,125335-sample_1_lv_0046706_007,10,16.168314,9.102347,0,677,F3
Sample_007_Region,125336-sample_1_lv_0046706_007,24,9.074866,-0.42554194,0,118,Mono_mac
Sample_007_Region,125337-sample_1_lv_0046706_007,0,-3.822799,6.2498713,0,38,Mono_mac
Sample_007_Region,125338-sample_1_lv_0046706_007,8,14.1512,-0.08711747,0,147,F1
Sample_007_Region,125339-sample_1_lv_0046706_007,13,8.471396,12.320431,0,174,F2
Sample_007_Region,125340-sample_1_lv_0046706_007,0,-4.9814944,9.009687,0,188,F2
Sample_007_Region,125341-sample_1_lv_0046706_007,0,-5.434372,8.17694,0,129,F2
Sample_007_Region,125342-sample_1_lv_0046706_007,3,7.287775,4.954572,0,139,F1
Sample_007_Region,125343-sample_1_lv_0046706_007,13,10.576694,11.082571,0,256,F1
Sample_007_Region,125344-sample_1_lv_0046706_007,13,10.555883,11.418084,0,243,Undifferentiated_KC
Sample_007_Region,125345-sample_1_lv_0046706_007,0,-5.5931454,6.946448,0,87,F1
Sample_007_Region,125346-sample_1_lv_0046706_007,32,1.5402578,11.377009,0,278,F1
Sample_007_Region,125347-sample_1_lv_0046706_007,12,16.811245,5.1470227,0,54,Macro_1
Sample_007_Region,125348-sample_1_lv_0046706_007,10,16.338789,8.906465,0,155,Macro_1
Sample_007_Region,125349-sample_1_lv_0046706_007,13,6.6213927,13.714064,0,156,Undifferentiated_KC
Sample_007_Region,125350-sample_1_lv_0046706_007,0,-3.4946659,5.8356247,0,127,Pericyte_1
Sample_007_Region,125351-sample_1_lv_0046706_007,16,5.2776556,6.646066,0,309,F1
Sample_007_Region,125352-sample_1_lv_0046706_007,17,3.802328,13.065032,0,88,Th
Sample_007_Region,125353-sample_1_lv_0046706_007,10,13.584996,10.973813,0,124,Th
Sample_007_Region,125354-sample_1_lv_0046706_007,0,-3.5785398,5.0162115,0,5,Pericyte_1
Sample_007_Region,125355-sample_1_lv_0046706_007,0,-1.9553051,7.8517733,0,11,F1
Sample_007_Region,125356-sample_1_lv_0046706_007,1,12.327225,10.695443,0,271,Mono_mac
Sample_007_Region,125357-sample_1_lv_0046706_007,35,11.154559,16.56322,0,8,F1
Sample_007_Region,125358-sample_1_lv_0046706_007,34,2.3847551,17.272663,0,35,F1
Sample_007_Region,125359-sample_1_lv_0046706_007,0,-4.452482,6.5226994,0,122,F2
Sample_007_Region,125360-sample_1_lv_0046706_007,7,14.915512,12.276733,0,1074,F3
Sample_007_Region,125361-sample_1_lv_0046706_007,10,16.380203,8.951422,0,590,Undifferentiated_KC
Sample_007_Region,125362-sample_1_lv_0046706_007,1,11.678716,9.419053,0,232,DC2
Sample_007_Region,125363-sample_1_lv_0046706_007,1,11.545563,9.362878,0,204,F1
Sample_007_Region,125364-sample_1_lv_0046706_007,0,-6.6228724,9.117998,0,64,F1
Sample_007_Region,125365-sample_1_lv_0046706_007,8,14.703997,0.026716955,0,39,F3
Sample_007_Region,125366-sample_1_lv_0046706_007,2,11.508041,8.080673,0,23,Th
Sample_007_Region,125367-sample_1_lv_0046706_007,30,20.321205,4.1385484,0,84,F3
Sample_007_Region,125368-sample_1_lv_0046706_007,13,8.780939,10.874828,0,623,Mono_mac
Sample_007_Region,125369-sample_1_lv_0046706_007,12,12.690763,6.6162496,0,147,ILC1_3
Sample_007_Region,125370-sample_1_lv_0046706_007,16,6.097775,7.2053766,0,271,F3
Sample_007_Region,125371-sample_1_lv_0046706_007,1,9.296271,8.838012,0,169,F3
Sample_007_Region,125372-sample_1_lv_0046706_007,12,12.677856,6.552673,0,122,F1
Sample_007_Region,125373-sample_1_lv_0046706_007,0,-5.4668336,7.310566,0,158,F2
Sample_007_Region,125374-sample_1_lv_0046706_007,0,-5.207156,6.354626,0,15,Pericyte_1
Sample_007_Region,125375-sample_1_lv_0046706_007,0,-3.1225767,8.29959,0,45,F1
Sample_007_Region,125376-sample_1_lv_0046706_007,0,-4.9322586,6.8468423,0,32,Macro_2
Sample_007_Region,125377-sample_1_lv_0046706_007,0,-2.822342,8.079477,0,3,Undifferentiated_KC
Sample_007_Region,125378-sample_1_lv_0046706_007,28,12.36342,-5.7579565,0,176,Mono_mac
Sample_007_Region,125379-sample_1_lv_0046706_007,3,9.40894,5.7138987,0,87,Mono_mac
Sample_007_Region,125380-sample_1_lv_0046706_007,1,8.806128,9.547766,0,148,Mono_mac
Sample_007_Region,125381-sample_1_lv_0046706_007,18,17.041704,1.7467968,0,253,F2
Sample_007_Region,125382-sample_1_lv_0046706_007,28,7.9634013,-8.0366745,0,10,Macro_1
Sample_007_Region,125383-sample_1_lv_0046706_007,10,16.390461,8.933179,0,599,F3
Sample_007_Region,125384-sample_1_lv_0046706_007,20,15.98564,14.670835,0,83,Undifferentiated_KC
Sample_007_Region,125385-sample_1_lv_0046706_007,13,7.9457192,12.675117,0,362,F2
Sample_007_Region,125386-sample_1_lv_0046706_007,0,-3.2772067,6.785812,0,136,F2
Sample_007_Region,125387-sample_1_lv_0046706_007,32,2.2594163,10.95479,0,66,Mono_mac
Sample_007_Region,125388-sample_1_lv_0046706_007,28,11.612046,-5.296387,0,224,F2
Sample_007_Region,125389-sample_1_lv_0046706_007,0,-5.8328705,5.8209715,0,125,F2
Sample_007_Region,125390-sample_1_lv_0046706_007,32,1.7441385,11.330306,0,539,F2
Sample_007_Region,125391-sample_1_lv_0046706_007,4,14.36181,8.146352,0,440,F1
Sample_007_Region,125392-sample_1_lv_0046706_007,12,14.695966,5.339966,0,518,F2
Sample_007_Region,125393-sample_1_lv_0046706_007,1,9.813349,9.049974,0,356,F3
Sample_007_Region,125394-sample_1_lv_0046706_007,16,6.3919306,7.0007515,0,813,F3
Sample_007_Region,125395-sample_1_lv_0046706_007,6,11.997272,13.1677685,0,143,Th
Sample_007_Region,125396-sample_1_lv_0046706_007,20,16.502554,14.588958,0,175,F3
Sample_007_Region,125397-sample_1_lv_0046706_007,12,15.964334,4.9775534,0,351,F3
Sample_007_Region,125398-sample_1_lv_0046706_007,3,9.876912,5.1774554,0,172,Undifferentiated_KC
Sample_007_Region,125399-sample_1_lv_0046706_007,23,5.946779,18.449827,0,246,F3
Sample_007_Region,125400-sample_1_lv_0046706_007,16,6.3081436,8.464073,0,58,F1
Sample_007_Region,125401-sample_1_lv_0046706_007,0,-4.464882,5.6179953,0,47,Macro_1
Sample_007_Region,125402-sample_1_lv_0046706_007,3,9.627209,4.861592,0,53,Mono_mac
Sample_007_Region,125403-sample_1_lv_0046706_007,31,10.609126,-2.5740056,0,268,Th
Sample_007_Region,125404-sample_1_lv_0046706_007,16,6.5470867,8.307518,0,102,F1
Sample_007_Region,125405-sample_1_lv_0046706_007,0,-3.6433916,6.9180994,0,40,DC2
Sample_007_Region,125406-sample_1_lv_0046706_007,0,-5.2662373,7.2651367,0,357,F1
Sample_007_Region,125407-sample_1_lv_0046706_007,13,7.464396,13.25632,0,240,F2
Sample_007_Region,125408-sample_1_lv_0046706_007,34,2.0335364,16.042274,0,94,Mono_mac
Sample_007_Region,125409-sample_1_lv_0046706_007,0,-3.8837423,9.089505,0,32,Th
Sample_007_Region,125410-sample_1_lv_0046706_007,0,-5.4831343,6.4588904,0,135,F2
Sample_007_Region,125411-sample_1_lv_0046706_007,24,11.773749,-2.3857338,0,131,F3
Sample_007_Region,125412-sample_1_lv_0046706_007,0,-6.6131005,6.769932,0,175,Pericyte_1
Sample_007_Region,125413-sample_1_lv_0046706_007,0,-2.8592873,9.117598,0,67,Pericyte_1
Sample_007_Region,125414-sample_1_lv_0046706_007,24,12.14218,-3.4173121,0,56,Pericyte_1
Sample_007_Region,125415-sample_1_lv_0046706_007,24,5.798673,-2.4113255,0,537,F3
Sample_007_Region,125416-sample_1_lv_0046706_007,0,-3.5135818,8.555446,0,465,F3
Sample_007_Region,125417-sample_1_lv_0046706_007,4,14.975327,6.732389,0,353,Mono_mac
Sample_007_Region,125418-sample_1_lv_0046706_007,8,12.410284,0.8881217,0,287,Pericyte_1
Sample_007_Region,125419-sample_1_lv_0046706_007,9,10.10746,14.0068245,0,248,F2
Sample_007_Region,125420-sample_1_lv_0046706_007,11,11.042122,8.718613,0,307,F3
Sample_007_Region,125421-sample_1_lv_0046706_007,8,14.525772,-1.0200764,0,147,F2
Sample_007_Region,125620-sample_1_lv_0046706_007,12,12.776472,6.67526,0,416,Tc
Sample_007_Region,125621-sample_1_lv_0046706_007,3,7.667506,5.49648,0,221,F3
Sample_007_Region,125622-sample_1_lv_0046706_007,27,1.2839241,4.5785966,0,384,Mono_mac
Sample_007_Region,125623-sample_1_lv_0046706_007,0,-4.3239822,8.766392,0,87,Pericyte_1
Sample_007_Region,125624-sample_1_lv_0046706_007,31,10.205372,-1.1749928,0,760,F3
Sample_007_Region,125625-sample_1_lv_0046706_007,26,10.1131,-4.8642306,0,495,F3
Sample_007_Region,125626-sample_1_lv_0046706_007,18,16.25076,1.9434085,0,412,F3
Sample_007_Region,125627-sample_1_lv_0046706_007,16,7.8334513,6.803831,0,217,F3
Sample_007_Region,125628-sample_1_lv_0046706_007,2,10.795631,8.351729,0,54,Mono_mac
Sample_007_Region,125629-sample_1_lv_0046706_007,1,10.118003,9.360028,0,196,F3
Sample_007_Region,125630-sample_1_lv_0046706_007,24,5.8296456,-2.409645,0,445,F1
Sample_007_Region,125631-sample_1_lv_0046706_007,8,13.140094,0.6271561,0,853,F2
Sample_007_Region,125632-sample_1_lv_0046706_007,0,-3.3530877,4.9690266,0,286,F3
Sample_007_Region,125633-sample_1_lv_0046706_007,8,13.913442,-0.04367219,0,498,F3
Sample_007_Region,125634-sample_1_lv_0046706_007,0,-2.8925352,7.43987,0,110,F2
Sample_007_Region,125635-sample_1_lv_0046706_007,13,9.359049,11.450411,0,723,F2
Sample_007_Region,125636-sample_1_lv_0046706_007,10,14.025092,10.091564,0,368,F2
Sample_007_Region,125637-sample_1_lv_0046706_007,1,8.017763,8.752343,0,599,F3
Sample_007_Region,125638-sample_1_lv_0046706_007,0,-4.602944,8.728781,0,11,F1
Sample_007_Region,125639-sample_1_lv_0046706_007,3,9.498344,5.9558816,0,307,F2
Sample_007_Region,125640-sample_1_lv_0046706_007,0,-5.2508454,8.739587,0,115,F1
Sample_007_Region,125641-sample_1_lv_0046706_007,1,10.464385,8.637956,0,222,Mono_mac
Sample_007_Region,125642-sample_1_lv_0046706_007,13,8.786743,11.865842,0,278,F2
Sample_007_Region,125643-sample_1_lv_0046706_007,8,14.854248,-0.09969601,0,62,F3
Sample_007_Region,125644-sample_1_lv_0046706_007,0,-4.187811,9.791752,0,36,F1
Sample_007_Region,125645-sample_1_lv_0046706_007,28,12.364897,-5.816232,0,291,F1
Sample_007_Region,125646-sample_1_lv_0046706_007,24,11.81497,-3.1519012,0,105,F1
Sample_007_Region,125647-sample_1_lv_0046706_007,4,14.190327,8.108059,0,305,Mono_mac
Sample_007_Region,125648-sample_1_lv_0046706_007,10,13.641111,9.612918,0,772,F1
Sample_007_Region,125649-sample_1_lv_0046706_007,0,-7.040064,7.31475,0,162,F3
Sample_007_Region,125650-sample_1_lv_0046706_007,11,10.956087,10.5040045,0,703,F1
Sample_007_Region,125651-sample_1_lv_0046706_007,16,6.6581254,8.181093,0,66,Mono_mac
Sample_007_Region,125652-sample_1_lv_0046706_007,0,-5.7405696,6.813412,0,278,F1
Sample_007_Region,125653-sample_1_lv_0046706_007,18,16.13609,3.4652028,0,200,Mono_mac
Sample_007_Region,125654-sample_1_lv_0046706_007,4,14.406855,8.22242,0,302,F3
Sample_007_Region,125655-sample_1_lv_0046706_007,0,-6.0283685,8.019992,0,36,Mono_mac
Sample_007_Region,125656-sample_1_lv_0046706_007,6,12.4269705,13.4077015,0,497,F3
Sample_007_Region,125657-sample_1_lv_0046706_007,0,-4.346316,6.712577,0,18,Tc
Sample_007_Region,125658-sample_1_lv_0046706_007,20,16.631166,15.05249,0,159,LE2
Sample_007_Region,125659-sample_1_lv_0046706_007,0,-5.9631324,6.9769297,0,154,F3
Sample_007_Region,125660-sample_1_lv_0046706_007,2,12.49759,6.8938084,0,46,Tc
Sample_007_Region,125661-sample_1_lv_0046706_007,13,8.793598,11.261025,0,449,Mono_mac
Sample_007_Region,125662-sample_1_lv_0046706_007,11,11.651929,9.834711,0,1119,Pericyte_1
Sample_007_Region,125663-sample_1_lv_0046706_007,30,16.411715,0.32267287,0,271,VE2
Sample_007_Region,125664-sample_1_lv_0046706_007,3,5.3183722,4.920948,0,193,F1
Sample_007_Region,125665-sample_1_lv_0046706_007,0,-5.930855,8.178438,0,103,Mono_mac
Sample_007_Region,125666-sample_1_lv_0046706_007,26,7.3349333,-4.307403,0,456,F3
Sample_007_Region,125667-sample_1_lv_0046706_007,14,11.863573,2.7850893,0,256,F3
Sample_007_Region,125668-sample_1_lv_0046706_007,10,13.214342,9.950032,0,993,Mono_mac
Sample_007_Region,125669-sample_1_lv_0046706_007,1,12.071465,9.761464,0,209,Mono_mac
Sample_007_Region,125670-sample_1_lv_0046706_007,3,8.133602,4.821783,0,382,F3
Sample_007_Region,125671-sample_1_lv_0046706_007,0,-4.7057247,8.419767,0,197,Mono_mac
Sample_007_Region,125672-sample_1_lv_0046706_007,11,11.886485,9.377535,0,627,Tc
Sample_007_Region,125673-sample_1_lv_0046706_007,8,9.702917,1.4848015,0,242,Mono_mac
Sample_007_Region,125674-sample_1_lv_0046706_007,28,12.461186,-6.154727,0,180,Macro_1
Sample_007_Region,125675-sample_1_lv_0046706_007,0,-4.473872,6.299997,0,6,F1
Sample_007_Region,125676-sample_1_lv_0046706_007,18,16.190195,3.6339169,0,578,Mono_mac
Sample_007_Region,125677-sample_1_lv_0046706_007,19,19.976267,13.859063,0,1747,F3
Sample_007_Region,125678-sample_1_lv_0046706_007,20,17.121635,14.759543,0,369,Mono_mac
Sample_007_Region,125679-sample_1_lv_0046706_007,19,19.963913,13.988439,0,613,F3
Sample_007_Region,125680-sample_1_lv_0046706_007,3,10.779114,5.7803254,0,379,Mono_mac
Sample_007_Region,125681-sample_1_lv_0046706_007,32,1.6581415,10.703315,0,231,Mono_mac
Sample_007_Region,125682-sample_1_lv_0046706_007,8,11.903273,0.6316406,0,188,Pericyte_1
Sample_007_Region,125683-sample_1_lv_0046706_007,20,17.214388,14.2932625,0,241,Pericyte_1
Sample_007_Region,125684-sample_1_lv_0046706_007,11,10.780056,10.116886,0,499,F3
Sample_007_Region,125685-sample_1_lv_0046706_007,26,7.821667,-5.075062,0,464,F3
Sample_007_Region,125686-sample_1_lv_0046706_007,11,10.755347,10.738752,0,243,F1
Sample_007_Region,125687-sample_1_lv_0046706_007,8,12.903481,0.106012985,0,385,Inf_mac
Sample_007_Region,125688-sample_1_lv_0046706_007,1,9.981687,9.316768,0,307,F3
Sample_007_Region,125689-sample_1_lv_0046706_007,10,12.859459,9.805647,0,884,F3
Sample_007_Region,125690-sample_1_lv_0046706_007,4,14.71074,6.996894,0,368,Mono_mac
Sample_007_Region,125691-sample_1_lv_0046706_007,33,0.79838026,20.935108,0,702,VE1
Sample_007_Region,125692-sample_1_lv_0046706_007,3,4.336925,6.0733924,0,56,VE1
Sample_007_Region,125693-sample_1_lv_0046706_007,11,10.284538,10.078893,0,58,VE1
Sample_007_Region,125694-sample_1_lv_0046706_007,11,11.400652,9.616072,0,1247,F3
Sample_007_Region,125695-sample_1_lv_0046706_007,11,10.282433,10.225229,0,512,F1
Sample_007_Region,125696-sample_1_lv_0046706_007,0,-5.3974447,8.3147,0,630,Pericyte_1
Sample_007_Region,125697-sample_1_lv_0046706_007,12,14.700973,5.3477864,0,333,F3
Sample_007_Region,125698-sample_1_lv_0046706_007,5,8.1754055,3.4397502,0,237,Mono_mac
Sample_007_Region,125699-sample_1_lv_0046706_007,13,9.873542,11.915292,0,325,Mono_mac
Sample_007_Region,125700-sample_1_lv_0046706_007,1,9.696415,9.350848,0,154,Th
Sample_007_Region,125701-sample_1_lv_0046706_007,0,-4.185077,5.7332444,0,157,F3
Sample_007_Region,125702-sample_1_lv_0046706_007,16,5.5088186,7.698732,0,236,ILC1_3
Sample_007_Region,125703-sample_1_lv_0046706_007,10,13.950221,10.0614605,0,820,F2
Sample_007_Region,125704-sample_1_lv_0046706_007,20,16.882708,14.263943,0,729,Mono_mac
Sample_007_Region,125705-sample_1_lv_0046706_007,8,12.523524,0.088746786,0,527,VE2
Sample_007_Region,125706-sample_1_lv_0046706_007,27,0.8476565,2.231197,0,21,F1
Sample_007_Region,125707-sample_1_lv_0046706_007,0,-3.8995295,7.128535,0,258,Mono_mac
Sample_007_Region,125708-sample_1_lv_0046706_007,5,12.593099,6.066473,0,236,ILC1_3
Sample_007_Region,125901-sample_1_lv_0046706_007,0,-4.34206,7.408749,0,29,Mono_mac
Sample_007_Region,125902-sample_1_lv_0046706_007,0,-6.387462,5.987738,0,0,Differentiated_KC
Sample_007_Region,125903-sample_1_lv_0046706_007,0,-5.4048486,6.925081,0,21,F1
Sample_007_Region,125904-sample_1_lv_0046706_007,0,-4.0956435,7.6995544,0,31,Macro_1
Sample_007_Region,125905-sample_1_lv_0046706_007,0,-5.7801323,7.068064,0,85,F1
Sample_007_Region,125907-sample_1_lv_0046706_007,0,-4.249573,7.585411,0,70,F2
Sample_007_Region,125908-sample_1_lv_0046706_007,6,12.434212,15.476637,0,18,F1
Sample_007_Region,125909-sample_1_lv_0046706_007,0,-4.1958466,7.312262,0,73,F1
Sample_007_Region,125912-sample_1_lv_0046706_007,8,13.762997,-0.2963968,0,158,Macro_1
Sample_007_Region,125915-sample_1_lv_0046706_007,0,-5.8440766,7.9423847,0,11,Th
Sample_007_Region,125916-sample_1_lv_0046706_007,0,-5.6685996,8.29269,0,160,F2
Sample_007_Region,125917-sample_1_lv_0046706_007,0,-7.0246367,7.7818484,0,66,F2
Sample_007_Region,125918-sample_1_lv_0046706_007,0,-6.748006,6.5979514,0,55,Pericyte_1
Sample_007_Region,125919-sample_1_lv_0046706_007,0,-4.7810063,6.771445,0,42,F1
Sample_007_Region,125920-sample_1_lv_0046706_007,31,11.230656,-2.0834603,0,199,F1
Sample_007_Region,125921-sample_1_lv_0046706_007,0,-5.4720454,6.869807,0,244,F2
Sample_007_Region,125922-sample_1_lv_0046706_007,13,8.120608,12.790964,0,160,F2
Sample_007_Region,125923-sample_1_lv_0046706_007,1,7.637802,7.8586235,0,146,Mono_mac
Sample_007_Region,125924-sample_1_lv_0046706_007,12,13.158669,7.61217,0,102,ILC1_3
Sample_007_Region,125925-sample_1_lv_0046706_007,13,7.864198,11.608641,0,31,F3
Sample_007_Region,125926-sample_1_lv_0046706_007,20,15.989586,15.049556,0,137,Undifferentiated_KC
Sample_007_Region,125927-sample_1_lv_0046706_007,0,-6.344584,6.7640514,0,56,Pericyte_1
Sample_007_Region,125928-sample_1_lv_0046706_007,19,20.20907,13.842589,0,121,F2
Sample_007_Region,125929-sample_1_lv_0046706_007,1,8.509044,6.7847133,0,267,F3
Sample_007_Region,125930-sample_1_lv_0046706_007,13,9.983301,4.5084906,0,334,F2
Sample_007_Region,125931-sample_1_lv_0046706_007,10,16.211586,8.841169,0,606,F1
Sample_007_Region,125932-sample_1_lv_0046706_007,0,-4.628589,5.208256,0,106,F1
Sample_007_Region,125933-sample_1_lv_0046706_007,16,6.652463,7.7328653,0,85,F1
Sample_007_Region,125934-sample_1_lv_0046706_007,10,16.522228,8.780385,0,320,F2
Sample_007_Region,125936-sample_1_lv_0046706_007,10,13.599987,9.984659,0,179,F1
Sample_007_Region,125937-sample_1_lv_0046706_007,13,9.083759,10.721403,0,468,F1
Sample_007_Region,125938-sample_1_lv_0046706_007,0,-3.4418097,8.395177,0,12,F1
Sample_007_Region,125939-sample_1_lv_0046706_007,13,8.249035,11.678242,0,131,F1
Sample_007_Region,125940-sample_1_lv_0046706_007,16,6.1778235,8.762538,0,36,F1
Sample_007_Region,125941-sample_1_lv_0046706_007,10,14.040266,11.046641,0,155,F1
Sample_007_Region,125942-sample_1_lv_0046706_007,16,6.175961,8.769202,0,22,Th
Sample_007_Region,125943-sample_1_lv_0046706_007,0,-6.267688,5.9222836,0,156,F2
Sample_007_Region,125944-sample_1_lv_0046706_007,5,12.878302,3.3008435,0,997,Mono_mac
Sample_007_Region,125945-sample_1_lv_0046706_007,10,13.621789,10.189963,0,315,F2
Sample_007_Region,125946-sample_1_lv_0046706_007,2,10.799833,8.405824,0,117,F3
Sample_007_Region,125947-sample_1_lv_0046706_007,13,9.261524,12.1084585,0,655,F2
Sample_007_Region,125948-sample_1_lv_0046706_007,0,-5.7436023,5.931685,0,33,F2
Sample_007_Region,125949-sample_1_lv_0046706_007,3,9.559188,5.22908,0,123,Mono_mac
Sample_007_Region,125950-sample_1_lv_0046706_007,0,-4.6371818,6.722962,0,103,F1
Sample_007_Region,125951-sample_1_lv_0046706_007,12,16.96088,5.23238,0,48,F1
Sample_007_Region,125952-sample_1_lv_0046706_007,12,17.011528,5.0922747,0,35,F1
Sample_007_Region,125953-sample_1_lv_0046706_007,13,9.116232,11.708531,0,398,F1
Sample_007_Region,125954-sample_1_lv_0046706_007,13,10.451834,12.335918,0,401,F1
Sample_007_Region,125955-sample_1_lv_0046706_007,12,13.626933,7.9190035,0,116,ILC1_3
Sample_007_Region,125956-sample_1_lv_0046706_007,12,13.09927,7.7527847,0,148,F1
Sample_007_Region,125957-sample_1_lv_0046706_007,4,15.566225,9.426978,0,177,F1
Sample_007_Region,125958-sample_1_lv_0046706_007,8,14.895415,-0.9438496,0,95,F3
Sample_007_Region,125959-sample_1_lv_0046706_007,0,-4.4708743,8.974921,0,53,F2
Sample_007_Region,125960-sample_1_lv_0046706_007,6,13.145156,15.67635,0,390,F2
Sample_007_Region,125961-sample_1_lv_0046706_007,4,14.648683,8.929916,0,222,F1
Sample_007_Region,125962-sample_1_lv_0046706_007,0,-4.7349505,8.755638,0,113,F1
Sample_007_Region,125963-sample_1_lv_0046706_007,0,-3.185085,6.918108,0,24,Mono_mac
Sample_007_Region,125964-sample_1_lv_0046706_007,0,-3.2334738,7.0208564,0,15,F1
Sample_007_Region,125965-sample_1_lv_0046706_007,0,-6.6464696,7.7978616,0,110,F1
Sample_007_Region,125966-sample_1_lv_0046706_007,13,8.384188,12.066842,0,132,F1
Sample_007_Region,125967-sample_1_lv_0046706_007,4,16.110601,9.628033,0,137,F2
Sample_007_Region,125968-sample_1_lv_0046706_007,0,-5.051611,7.377882,0,155,F1
Sample_007_Region,125969-sample_1_lv_0046706_007,0,-5.758576,7.5959997,0,3,F1
Sample_007_Region,125970-sample_1_lv_0046706_007,4,16.624796,6.794596,0,41,F1
Sample_007_Region,125971-sample_1_lv_0046706_007,0,-3.2494764,7.3995533,0,67,F1
Sample_007_Region,125972-sample_1_lv_0046706_007,0,-4.971153,7.7086062,0,78,F1
Sample_007_Region,125973-sample_1_lv_0046706_007,19,20.098383,13.802696,0,684,F1
Sample_007_Region,125974-sample_1_lv_0046706_007,13,9.215675,11.947774,0,236,F3
Sample_007_Region,125975-sample_1_lv_0046706_007,0,-4.4631248,8.50014,0,128,F3
Sample_007_Region,125976-sample_1_lv_0046706_007,2,10.890661,7.8300867,0,126,Mono_mac
Sample_007_Region,125977-sample_1_lv_0046706_007,0,-6.240248,6.3471713,0,71,Mono_mac
Sample_007_Region,125978-sample_1_lv_0046706_007,24,8.517039,-1.0794297,0,22,F3
Sample_007_Region,125979-sample_1_lv_0046706_007,12,13.068702,7.1288233,0,102,F1
Sample_007_Region,125980-sample_1_lv_0046706_007,4,8.382507,9.596911,0,245,F2
Sample_007_Region,125981-sample_1_lv_0046706_007,7,12.149921,8.507546,0,370,Mono_mac
Sample_007_Region,125982-sample_1_lv_0046706_007,7,12.3703165,8.6055155,0,162,F3
Sample_007_Region,125983-sample_1_lv_0046706_007,10,16.22799,8.931071,0,851,Mono_mac
Sample_007_Region,125984-sample_1_lv_0046706_007,10,13.786726,9.792784,0,258,Mono_mac
Sample_007_Region,125985-sample_1_lv_0046706_007,3,9.58618,4.813939,0,98,F1
Sample_007_Region,125986-sample_1_lv_0046706_007,19,20.027527,13.91449,0,115,F3
Sample_007_Region,125987-sample_1_lv_0046706_007,0,-6.623941,9.11248,0,93,F2
Sample_007_Region,125988-sample_1_lv_0046706_007,1,7.432222,8.2704935,0,237,F2
Sample_007_Region,125989-sample_1_lv_0046706_007,0,-4.4582987,7.9263554,0,40,Mono_mac
Sample_007_Region,125990-sample_1_lv_0046706_007,10,12.92242,9.072535,0,636,Mono_mac
Sample_007_Region,125991-sample_1_lv_0046706_007,23,6.21505,18.397718,0,396,F3
Sample_007_Region,125992-sample_1_lv_0046706_007,0,-4.35415,7.535313,0,35,F1
Sample_007_Region,125993-sample_1_lv_0046706_007,0,-6.3534493,6.1991777,0,22,Macro_1
Sample_007_Region,125994-sample_1_lv_0046706_007,27,1.263629,4.4584036,0,439,Pericyte_1
Sample_007_Region,125995-sample_1_lv_0046706_007,9,9.895309,14.5801325,0,709,Pericyte_1
Sample_007_Region,125996-sample_1_lv_0046706_007,11,9.867238,10.07881,0,59,F1
Sample_007_Region,125997-sample_1_lv_0046706_007,0,-4.524028,5.9932237,0,31,F1
Sample_007_Region,125998-sample_1_lv_0046706_007,0,-6.3315306,6.7066875,0,82,F3
Sample_007_Region,125999-sample_1_lv_0046706_007,17,3.3679948,13.981709,0,75,F1
Sample_007_Region,126000-sample_1_lv_0046706_007,13,7.786796,12.116156,0,61,F1
Sample_007_Region,126001-sample_1_lv_0046706_007,15,6.084366,2.9446642,0,162,ILC1_3
Sample_007_Region,126002-sample_1_lv_0046706_007,9,10.830028,13.950801,0,775,Mono_mac
Sample_007_Region,126010-sample_1_lv_0046706_007,0,-3.5549743,7.2343187,0,85,F1
Sample_007_Region,126012-sample_1_lv_0046706_007,12,17.15481,5.1900387,0,27,F1
Sample_007_Region,126013-sample_1_lv_0046706_007,0,-2.4823563,6.607216,0,5,F1
Sample_007_Region,126014-sample_1_lv_0046706_007,0,-5.748969,5.7173676,0,167,F1
Sample_007_Region,126015-sample_1_lv_0046706_007,10,13.56805,10.777832,0,139,Th
Sample_007_Region,126016-sample_1_lv_0046706_007,0,-4.390934,8.402077,0,51,F1
Sample_007_Region,126017-sample_1_lv_0046706_007,0,-5.4973173,6.1272116,0,151,F1
Sample_007_Region,126018-sample_1_lv_0046706_007,0,-4.896436,8.021295,0,31,F1
Sample_007_Region,126019-sample_1_lv_0046706_007,0,-4.9752645,9.405814,0,24,F1
Sample_007_Region,126020-sample_1_lv_0046706_007,0,-2.9039235,7.986043,0,1,F1
Sample_007_Region,126021-sample_1_lv_0046706_007,0,-3.9223173,8.494836,0,7,F1
Sample_007_Region,126022-sample_1_lv_0046706_007,0,-3.346812,7.5215836,0,66,F2
Sample_007_Region,126023-sample_1_lv_0046706_007,0,-5.0540323,9.917878,0,58,F1
Sample_007_Region,126024-sample_1_lv_0046706_007,0,-4.9975486,9.500388,0,69,F2
Sample_007_Region,126025-sample_1_lv_0046706_007,0,-2.77432,8.588955,0,30,F1
Sample_007_Region,126026-sample_1_lv_0046706_007,11,9.646311,10.251678,0,50,F1
Sample_007_Region,126027-sample_1_lv_0046706_007,0,-5.778387,7.6409855,0,56,F1
Sample_007_Region,126028-sample_1_lv_0046706_007,2,11.683716,5.9823337,0,23,F1
Sample_007_Region,126029-sample_1_lv_0046706_007,0,-3.7289069,7.774068,0,256,F2
Sample_007_Region,126030-sample_1_lv_0046706_007,0,-3.5991516,7.3953595,0,29,F3
Sample_007_Region,126031-sample_1_lv_0046706_007,9,8.998603,15.341321,0,12,Differentiated_KC
Sample_007_Region,126032-sample_1_lv_0046706_007,22,11.193752,19.333666,0,51,F1
Sample_007_Region,126033-sample_1_lv_0046706_007,0,-5.8442636,7.1797833,0,64,F1
Sample_007_Region,126034-sample_1_lv_0046706_007,0,-4.2898517,5.5544987,0,27,Macro_1
Sample_007_Region,126035-sample_1_lv_0046706_007,0,-4.1789904,7.7803073,0,190,F2
Sample_007_Region,126040-sample_1_lv_0046706_007,0,-5.6127396,7.4037094,0,114,F1
Sample_007_Region,126041-sample_1_lv_0046706_007,0,-4.0815544,6.424937,0,10,Mono_mac
Sample_007_Region,126042-sample_1_lv_0046706_007,28,9.220365,-6.925011,0,30,F1
Sample_007_Region,126043-sample_1_lv_0046706_007,0,-4.604183,4.6291,0,17,F1
Sample_007_Region,126044-sample_1_lv_0046706_007,11,10.808599,10.406617,0,290,F1
Sample_007_Region,126045-sample_1_lv_0046706_007,0,-5.0379868,5.443134,0,70,F1
Sample_007_Region,126046-sample_1_lv_0046706_007,0,-5.2449093,8.53256,0,256,F3
Sample_007_Region,126047-sample_1_lv_0046706_007,0,-5.592516,5.7399983,0,561,Th
Sample_007_Region,126048-sample_1_lv_0046706_007,9,9.205831,13.454895,0,280,F2
Sample_007_Region,126049-sample_1_lv_0046706_007,0,-5.2479553,8.465396,0,82,F1
Sample_007_Region,126050-sample_1_lv_0046706_007,0,-5.8928046,8.96708,0,33,F3
Sample_007_Region,126051-sample_1_lv_0046706_007,32,1.7758046,11.2782545,0,344,F3
Sample_007_Region,126052-sample_1_lv_0046706_007,0,-5.1742864,8.8735695,0,244,F2
Sample_007_Region,126053-sample_1_lv_0046706_007,4,14.642588,8.010965,0,667,F2
Sample_007_Region,126054-sample_1_lv_0046706_007,0,-4.922536,8.353524,0,149,F3
Sample_007_Region,126055-sample_1_lv_0046706_007,9,9.880288,13.861486,0,621,Pericyte_1
Sample_007_Region,126056-sample_1_lv_0046706_007,0,-4.707225,9.021761,0,24,Pericyte_1
Sample_007_Region,126057-sample_1_lv_0046706_007,24,11.869533,-3.2113168,0,51,F3
Sample_007_Region,126058-sample_1_lv_0046706_007,12,13.011171,7.8791647,0,153,F1
Sample_007_Region,126059-sample_1_lv_0046706_007,10,14.087514,9.905364,0,444,F2
Sample_007_Region,126060-sample_1_lv_0046706_007,0,-4.4056997,5.878218,0,9,F1
Sample_007_Region,126072-sample_1_lv_0046706_007,0,-2.5356584,7.036019,0,19,F1
Sample_007_Region,126075-sample_1_lv_0046706_007,28,8.891166,-7.2550206,0,36,Mono_mac
Sample_007_Region,126076-sample_1_lv_0046706_007,3,11.024032,5.3766546,0,166,Mono_mac
Sample_007_Region,126077-sample_1_lv_0046706_007,0,-4.088581,7.119026,0,129,Pericyte_1
Sample_007_Region,126078-sample_1_lv_0046706_007,0,-4.6382065,8.213332,0,264,Pericyte_1
Sample_007_Region,126079-sample_1_lv_0046706_007,0,-4.355886,6.751039,0,45,F1
Sample_007_Region,126080-sample_1_lv_0046706_007,4,15.2708,7.121291,0,522,F1
Sample_007_Region,126081-sample_1_lv_0046706_007,6,13.768832,16.477272,0,87,LE2
Sample_007_Region,126082-sample_1_lv_0046706_007,3,7.3133755,4.708501,0,33,ILC1_3
Sample_007_Region,126083-sample_1_lv_0046706_007,2,11.109702,8.0566435,0,182,F1
Sample_007_Region,126084-sample_1_lv_0046706_007,0,-3.9379666,7.037999,0,195,Pericyte_1
Sample_007_Region,126085-sample_1_lv_0046706_007,0,-4.6704617,7.896565,0,61,F3
Sample_007_Region,126086-sample_1_lv_0046706_007,16,6.6723914,6.7370725,0,204,F2
Sample_007_Region,126087-sample_1_lv_0046706_007,0,-3.4456186,8.817579,0,154,Pericyte_1
Sample_007_Region,126088-sample_1_lv_0046706_007,0,-3.7731233,7.02867,0,27,F3
Sample_007_Region,126089-sample_1_lv_0046706_007,10,14.747867,10.180171,0,254,F3
Sample_007_Region,126090-sample_1_lv_0046706_007,0,-5.7547584,7.6521697,0,86,Pericyte_1
Sample_007_Region,126091-sample_1_lv_0046706_007,26,8.754886,-4.9576135,0,36,LE2
Sample_007_Region,126092-sample_1_lv_0046706_007,5,13.499409,5.147246,0,171,LE2
Sample_007_Region,126093-sample_1_lv_0046706_007,5,9.218975,2.936628,0,113,F3
Sample_007_Region,126094-sample_1_lv_0046706_007,0,-3.2950785,7.325145,0,142,F1
Sample_007_Region,126095-sample_1_lv_0046706_007,10,14.4546385,9.84779,0,135,F1
Sample_007_Region,126096-sample_1_lv_0046706_007,23,6.290987,19.406229,0,385,ILC1_3
Sample_007_Region,126097-sample_1_lv_0046706_007,0,-6.18478,8.106082,0,163,F1
Sample_007_Region,126098-sample_1_lv_0046706_007,11,11.918118,9.788159,0,637,Mono_mac
Sample_007_Region,126099-sample_1_lv_0046706_007,8,11.579083,1.1515425,0,556,Undifferentiated_KC
Sample_007_Region,126100-sample_1_lv_0046706_007,12,13.251591,6.8973417,0,129,F3
Sample_007_Region,126101-sample_1_lv_0046706_007,0,-6.60515,8.119577,0,126,Undifferentiated_KC
Sample_007_Region,126102-sample_1_lv_0046706_007,0,-3.4415064,6.1057377,0,44,F1
Sample_007_Region,126103-sample_1_lv_0046706_007,12,13.392963,6.4880705,0,84,F1
Sample_007_Region,126104-sample_1_lv_0046706_007,0,-2.5744429,7.1647534,0,220,Pericyte_1
Sample_007_Region,126105-sample_1_lv_0046706_007,12,13.453773,6.4857416,0,278,ILC1_3
Sample_007_Region,126106-sample_1_lv_0046706_007,0,-3.1281176,5.744986,0,26,F1
Sample_007_Region,126107-sample_1_lv_0046706_007,13,10.231756,12.302355,0,208,F2
Sample_007_Region,126108-sample_1_lv_0046706_007,0,-4.5094013,6.85,0,32,F1
Sample_007_Region,126109-sample_1_lv_0046706_007,0,-3.7909346,6.4589458,0,41,F1
Sample_007_Region,126110-sample_1_lv_0046706_007,8,11.856897,0.12698925,0,403,F3
Sample_007_Region,126111-sample_1_lv_0046706_007,28,8.261494,-7.774788,0,23,Th
Sample_007_Region,126112-sample_1_lv_0046706_007,0,-3.6353774,6.8608007,0,34,ILC2
Sample_007_Region,126113-sample_1_lv_0046706_007,0,-5.465367,8.205954,0,28,F1
Sample_007_Region,126114-sample_1_lv_0046706_007,9,10.038898,13.61946,0,520,F3
Sample_007_Region,126115-sample_1_lv_0046706_007,0,-4.639707,5.071924,0,248,Pericyte_1
Sample_007_Region,126116-sample_1_lv_0046706_007,0,-5.0520067,5.7353525,0,22,F1
Sample_007_Region,126117-sample_1_lv_0046706_007,8,11.895286,0.18620045,0,412,Pericyte_1
Sample_007_Region,126118-sample_1_lv_0046706_007,11,10.342677,10.196011,0,403,F3
Sample_007_Region,126119-sample_1_lv_0046706_007,16,5.7776594,6.8984895,0,184,F3
Sample_007_Region,126120-sample_1_lv_0046706_007,10,16.439774,8.948977,0,852,F3
Sample_007_Region,126121-sample_1_lv_0046706_007,13,9.979553,11.475443,0,908,F3
Sample_007_Region,126122-sample_1_lv_0046706_007,12,13.516006,7.0830097,0,546,F1
Sample_007_Region,126123-sample_1_lv_0046706_007,3,5.943384,5.7775617,0,88,F1
Sample_007_Region,126124-sample_1_lv_0046706_007,11,11.493621,9.772101,0,577,F3
Sample_007_Region,126125-sample_1_lv_0046706_007,16,7.777202,7.0506816,0,121,Mono_mac
Sample_007_Region,126126-sample_1_lv_0046706_007,0,-4.212692,8.2055,0,77,Undifferentiated_KC
Sample_007_Region,126127-sample_1_lv_0046706_007,13,10.589599,11.473066,0,433,F2
Sample_007_Region,126128-sample_1_lv_0046706_007,15,7.554056,1.2225115,0,105,Pericyte_1
Sample_007_Region,126129-sample_1_lv_0046706_007,10,13.241373,11.402392,0,58,Undifferentiated_KC
Sample_007_Region,126130-sample_1_lv_0046706_007,30,20.903316,6.247291,0,12,Th
Sample_007_Region,126131-sample_1_lv_0046706_007,0,-4.0388823,9.927964,0,62,moDC
Sample_007_Region,126132-sample_1_lv_0046706_007,0,-5.433266,6.507981,0,36,F1
Sample_007_Region,126133-sample_1_lv_0046706_007,4,14.644501,7.107443,0,628,F2
Sample_007_Region,126134-sample_1_lv_0046706_007,14,11.99665,2.8321693,0,610,F2
Sample_007_Region,126135-sample_1_lv_0046706_007,38,-3.2183766,9.698661,0,204,Mono_mac
Sample_007_Region,126136-sample_1_lv_0046706_007,10,13.709636,9.723133,0,615,F3
Sample_007_Region,126137-sample_1_lv_0046706_007,0,-3.3643334,7.047526,0,341,F2
Sample_007_Region,126138-sample_1_lv_0046706_007,10,16.349674,8.982627,0,560,F2
Sample_007_Region,126139-sample_1_lv_0046706_007,0,-4.232936,5.824383,0,149,F2
Sample_007_Region,126140-sample_1_lv_0046706_007,1,12.396659,10.53982,0,292,F1
Sample_007_Region,126141-sample_1_lv_0046706_007,26,10.063629,-4.7574453,0,1033,F2
Sample_007_Region,126142-sample_1_lv_0046706_007,10,13.896383,9.962912,0,644,F2
Sample_007_Region,126143-sample_1_lv_0046706_007,3,10.401782,5.55573,0,325,F1
Sample_007_Region,126144-sample_1_lv_0046706_007,12,12.234741,7.78827,0,175,F1
Sample_007_Region,126145-sample_1_lv_0046706_007,19,20.133598,13.684528,0,226,F1
Sample_007_Region,126146-sample_1_lv_0046706_007,23,6.267491,18.37588,0,211,F1
Sample_007_Region,126147-sample_1_lv_0046706_007,10,13.791976,10.03523,0,243,F2
Sample_007_Region,126148-sample_1_lv_0046706_007,10,13.676691,9.781517,0,1046,Mono_mac
Sample_007_Region,126149-sample_1_lv_0046706_007,10,15.762284,9.24493,0,678,Mono_mac
Sample_007_Region,126150-sample_1_lv_0046706_007,10,14.66739,10.279408,0,223,F2
Sample_007_Region,126151-sample_1_lv_0046706_007,3,10.7298975,5.9212165,0,504,F1
Sample_007_Region,126152-sample_1_lv_0046706_007,20,16.620745,14.883481,0,796,F1
Sample_007_Region,126153-sample_1_lv_0046706_007,8,9.520793,1.6734356,0,494,F1
Sample_007_Region,126154-sample_1_lv_0046706_007,0,-6.0371222,5.8098793,0,855,Mono_mac
Sample_007_Region,126155-sample_1_lv_0046706_007,1,9.639284,9.282146,0,163,Th
Sample_007_Region,126156-sample_1_lv_0046706_007,12,14.362408,5.8079906,0,86,Mono_mac
Sample_007_Region,126157-sample_1_lv_0046706_007,24,11.739755,-3.0152469,0,112,F1
Sample_007_Region,126158-sample_1_lv_0046706_007,24,5.785301,-2.424598,0,593,F2
Sample_007_Region,126159-sample_1_lv_0046706_007,4,14.249929,9.1014,0,634,F1
Sample_007_Region,126160-sample_1_lv_0046706_007,4,15.152318,8.804696,0,449,F2
Sample_007_Region,126161-sample_1_lv_0046706_007,3,7.533986,4.654099,0,838,F1
Sample_007_Region,126162-sample_1_lv_0046706_007,19,19.905113,12.763869,0,332,F1
Sample_007_Region,126163-sample_1_lv_0046706_007,3,7.152969,5.0558405,0,214,F1
Sample_007_Region,126164-sample_1_lv_0046706_007,11,11.237895,9.8982315,0,574,F1
Sample_007_Region,126165-sample_1_lv_0046706_007,13,10.089981,12.243446,0,413,F3
Sample_007_Region,126166-sample_1_lv_0046706_007,13,10.434116,11.255607,0,109,F2
Sample_007_Region,126167-sample_1_lv_0046706_007,0,-2.5898583,6.5986347,0,388,F2
Sample_007_Region,126168-sample_1_lv_0046706_007,13,8.827773,12.393751,0,343,F2
Sample_007_Region,126169-sample_1_lv_0046706_007,32,1.5170705,11.441659,0,143,F3
Sample_007_Region,126170-sample_1_lv_0046706_007,28,12.421469,-6.7687864,0,131,Pericyte_1
Sample_007_Region,126171-sample_1_lv_0046706_007,0,-3.4590645,8.037755,0,93,Mono_mac
Sample_007_Region,126172-sample_1_lv_0046706_007,19,19.70273,13.440581,0,204,F3
Sample_007_Region,126173-sample_1_lv_0046706_007,1,8.6613035,9.115205,0,179,Mono_mac
Sample_007_Region,126174-sample_1_lv_0046706_007,8,11.916365,1.0417944,0,509,Undifferentiated_KC
Sample_007_Region,126175-sample_1_lv_0046706_007,13,9.376929,11.03934,0,687,Mono_mac
Sample_007_Region,126176-sample_1_lv_0046706_007,13,9.273991,12.084461,0,337,F1
Sample_007_Region,126177-sample_1_lv_0046706_007,0,-4.9247622,8.925177,0,168,F3
Sample_007_Region,126178-sample_1_lv_0046706_007,10,13.8099785,10.0745325,0,290,F1
Sample_007_Region,126179-sample_1_lv_0046706_007,0,-4.5337043,9.422595,0,72,F1
Sample_007_Region,126180-sample_1_lv_0046706_007,0,-4.9600086,6.360816,0,63,Th
Sample_007_Region,126181-sample_1_lv_0046706_007,12,13.563238,6.657498,0,252,F2
Sample_007_Region,126182-sample_1_lv_0046706_007,32,1.4720347,10.237164,0,915,F1
Sample_007_Region,126183-sample_1_lv_0046706_007,0,-3.6382606,7.5116596,0,481,F3
Sample_007_Region,126184-sample_1_lv_0046706_007,0,-3.4931705,7.2978754,0,613,Pericyte_1
Sample_007_Region,126185-sample_1_lv_0046706_007,16,6.7926044,7.3444686,0,637,Mono_mac
Sample_007_Region,126186-sample_1_lv_0046706_007,7,14.579312,12.332614,0,746,Mono_mac
Sample_007_Region,126187-sample_1_lv_0046706_007,15,3.5638292,6.989356,0,231,F1
Sample_007_Region,126188-sample_1_lv_0046706_007,4,14.255586,8.436614,0,183,F3
Sample_007_Region,126189-sample_1_lv_0046706_007,0,-3.883305,5.5260496,0,111,F3
Sample_007_Region,126190-sample_1_lv_0046706_007,20,17.233543,14.403905,0,204,Mono_mac
Sample_007_Region,126191-sample_1_lv_0046706_007,10,15.874957,9.238429,0,611,F1
Sample_007_Region,126192-sample_1_lv_0046706_007,13,9.230912,11.042533,0,443,F2
Sample_007_Region,126193-sample_1_lv_0046706_007,12,14.861578,5.2531123,0,272,F1
Sample_007_Region,126194-sample_1_lv_0046706_007,12,12.685282,6.7099648,0,342,F1
Sample_007_Region,126195-sample_1_lv_0046706_007,8,11.768977,1.1999991,0,436,F1
Sample_007_Region,126196-sample_1_lv_0046706_007,13,10.088822,11.275142,0,168,F1
Sample_007_Region,126197-sample_1_lv_0046706_007,16,6.6060176,6.686345,0,590,F2
Sample_007_Region,126198-sample_1_lv_0046706_007,13,9.057168,11.785183,0,380,F2
Sample_007_Region,126199-sample_1_lv_0046706_007,2,12.204456,7.5309052,0,428,F3
Sample_007_Region,126200-sample_1_lv_0046706_007,1,11.9198675,9.912637,0,105,Macro_1
Sample_007_Region,126201-sample_1_lv_0046706_007,13,9.273938,10.828575,0,354,F2
Sample_007_Region,126202-sample_1_lv_0046706_007,10,13.710839,9.696642,0,217,Th
Sample_007_Region,126203-sample_1_lv_0046706_007,0,-5.1534276,9.271803,0,4,Macro_1
Sample_007_Region,126204-sample_1_lv_0046706_007,0,-5.1127915,8.262914,0,67,F1
Sample_007_Region,126205-sample_1_lv_0046706_007,0,-5.1513615,6.908101,0,36,F1
Sample_007_Region,126206-sample_1_lv_0046706_007,13,9.143508,10.748819,0,507,Mono_mac
Sample_007_Region,126207-sample_1_lv_0046706_007,8,13.711208,1.6115811,0,601,Mono_mac
Sample_007_Region,126208-sample_1_lv_0046706_007,27,1.4458685,5.1522884,0,153,F1
Sample_007_Region,126209-sample_1_lv_0046706_007,13,9.266334,10.378148,0,477,Mono_mac
Sample_007_Region,126210-sample_1_lv_0046706_007,8,13.194838,1.6074609,0,208,F1
Sample_007_Region,126211-sample_1_lv_0046706_007,0,-5.820089,7.4397535,0,28,Th
Sample_007_Region,126212-sample_1_lv_0046706_007,0,-3.605004,6.231159,0,263,F2
Sample_007_Region,126213-sample_1_lv_0046706_007,0,-3.1915345,8.461177,0,49,F3
Sample_007_Region,126214-sample_1_lv_0046706_007,0,-4.4680586,5.441921,0,99,Th
Sample_007_Region,126215-sample_1_lv_0046706_007,0,-3.4462242,8.735427,0,155,F2
Sample_007_Region,126216-sample_1_lv_0046706_007,12,15.597141,4.998958,0,112,Tc
Sample_007_Region,126217-sample_1_lv_0046706_007,8,12.82617,0.18231045,0,553,F1
Sample_007_Region,126218-sample_1_lv_0046706_007,5,13.890379,4.4841924,0,600,Mono_mac
Sample_007_Region,126219-sample_1_lv_0046706_007,0,-3.1571023,5.644797,0,111,Pericyte_1
Sample_007_Region,126220-sample_1_lv_0046706_007,9,8.937772,14.775745,0,222,Pericyte_1
Sample_007_Region,126221-sample_1_lv_0046706_007,5,9.966891,3.630756,0,241,Mono_mac
Sample_007_Region,126222-sample_1_lv_0046706_007,2,10.421397,7.069752,0,374,moDC
Sample_007_Region,126223-sample_1_lv_0046706_007,11,10.478966,10.093121,0,813,F3
Sample_007_Region,126224-sample_1_lv_0046706_007,1,10.763393,8.311796,0,650,F1
Sample_007_Region,126225-sample_1_lv_0046706_007,12,14.99884,5.2005544,0,298,F3
Sample_007_Region,126226-sample_1_lv_0046706_007,8,13.879519,2.4898329,0,428,F3
Sample_007_Region,126227-sample_1_lv_0046706_007,12,12.650396,8.047648,0,242,F3
Sample_007_Region,126228-sample_1_lv_0046706_007,0,-3.2598903,8.424591,0,291,Mono_mac
Sample_007_Region,126229-sample_1_lv_0046706_007,0,-2.7567825,5.6225414,0,145,Th
Sample_007_Region,126230-sample_1_lv_0046706_007,0,-6.8536887,6.752577,0,39,F1
Sample_007_Region,126231-sample_1_lv_0046706_007,13,10.709416,11.441188,0,301,F1
Sample_007_Region,126232-sample_1_lv_0046706_007,13,7.467569,13.258273,0,171,F3
Sample_007_Region,126233-sample_1_lv_0046706_007,13,8.873863,10.907328,0,721,Th
Sample_007_Region,126234-sample_1_lv_0046706_007,0,-3.6496453,7.908322,0,319,F1
Sample_007_Region,126235-sample_1_lv_0046706_007,1,12.362207,10.628897,0,163,Mono_mac
Sample_007_Region,126236-sample_1_lv_0046706_007,0,-4.3951707,5.794334,0,90,F3
Sample_007_Region,126237-sample_1_lv_0046706_007,16,5.985832,7.8940516,0,139,VE1
Sample_007_Region,126238-sample_1_lv_0046706_007,12,14.127228,6.1098013,0,159,F3
Sample_007_Region,126239-sample_1_lv_0046706_007,8,13.299119,1.9016019,0,139,F3
Sample_007_Region,126240-sample_1_lv_0046706_007,0,-3.7017953,6.560068,0,18,F1
Sample_007_Region,126241-sample_1_lv_0046706_007,10,15.567348,8.607216,0,369,F3
Sample_007_Region,126242-sample_1_lv_0046706_007,20,17.242996,14.923037,0,412,F3
Sample_007_Region,126243-sample_1_lv_0046706_007,0,-4.545731,7.046365,0,94,Pericyte_1
Sample_007_Region,126244-sample_1_lv_0046706_007,0,-3.1849444,6.1428647,0,64,Pericyte_1
Sample_007_Region,126245-sample_1_lv_0046706_007,17,2.8927784,14.224113,0,132,F1
Sample_007_Region,126246-sample_1_lv_0046706_007,4,16.836185,6.669568,0,4,F2
Sample_007_Region,126247-sample_1_lv_0046706_007,11,10.374451,10.181165,0,460,F3
Sample_007_Region,126248-sample_1_lv_0046706_007,9,8.885164,13.695846,0,342,Pericyte_1
Sample_007_Region,126249-sample_1_lv_0046706_007,9,9.338416,13.822572,0,465,F3
Sample_007_Region,126250-sample_1_lv_0046706_007,0,-3.7569687,5.7785187,0,83,Pericyte_1
Sample_007_Region,126251-sample_1_lv_0046706_007,8,13.197274,1.8407967,0,231,Th
Sample_007_Region,126252-sample_1_lv_0046706_007,38,-3.1228964,9.560783,0,176,F2
Sample_007_Region,126253-sample_1_lv_0046706_007,2,11.641488,7.0869784,0,134,Mono_mac
Sample_007_Region,126254-sample_1_lv_0046706_007,2,11.040178,8.113426,0,172,F1
Sample_007_Region,126255-sample_1_lv_0046706_007,0,-4.586536,7.0031924,0,166,F3
Sample_007_Region,126256-sample_1_lv_0046706_007,34,2.436592,17.351015,0,55,F3
Sample_007_Region,126257-sample_1_lv_0046706_007,32,2.163508,10.989825,0,125,Macro_1
Sample_007_Region,126258-sample_1_lv_0046706_007,14,10.741113,3.7731688,0,169,Pericyte_1
Sample_007_Region,126259-sample_1_lv_0046706_007,1,12.393015,11.304213,0,97,Pericyte_1
Sample_007_Region,126260-sample_1_lv_0046706_007,27,1.4555242,0.60688114,0,52,Mono_mac
Sample_007_Region,126261-sample_1_lv_0046706_007,0,-3.548861,7.9591775,0,33,Th
Sample_007_Region,126262-sample_1_lv_0046706_007,20,16.858997,14.600445,0,331,F2
Sample_007_Region,126263-sample_1_lv_0046706_007,25,9.257061,22.206402,0,501,F1
Sample_007_Region,126264-sample_1_lv_0046706_007,0,-3.5360942,7.016572,0,84,F2
Sample_007_Region,126265-sample_1_lv_0046706_007,10,14.770135,10.60865,0,268,F2
Sample_007_Region,126266-sample_1_lv_0046706_007,3,6.3938155,4.8430443,0,131,F3
Sample_007_Region,126267-sample_1_lv_0046706_007,0,-3.6633105,7.3975167,0,95,F2
Sample_007_Region,126268-sample_1_lv_0046706_007,3,9.788853,5.0836935,0,50,Mono_mac
Sample_007_Region,126269-sample_1_lv_0046706_007,0,-6.2745056,7.5900526,0,54,F1
Sample_007_Region,126270-sample_1_lv_0046706_007,4,14.296879,7.3909097,0,159,Macro_1
Sample_007_Region,126271-sample_1_lv_0046706_007,0,-4.8750687,5.7541413,0,220,F2
Sample_007_Region,126272-sample_1_lv_0046706_007,8,13.696515,-0.17073567,0,188,F3
Sample_007_Region,126273-sample_1_lv_0046706_007,17,1.7151726,13.450441,0,289,Mono_mac
Sample_007_Region,126274-sample_1_lv_0046706_007,2,11.300235,7.138249,0,163,F3
Sample_007_Region,126275-sample_1_lv_0046706_007,8,13.61483,-0.0046161,0,158,F3
Sample_007_Region,126276-sample_1_lv_0046706_007,0,-3.350074,5.4188137,0,0,Differentiated_KC
Sample_007_Region,126277-sample_1_lv_0046706_007,0,-5.421477,9.506924,0,11,F3
Sample_007_Region,126281-sample_1_lv_0046706_007,0,-5.0832596,6.6039343,0,161,Th
Sample_007_Region,126282-sample_1_lv_0046706_007,0,-5.0213356,7.247075,0,97,F1
Sample_007_Region,126283-sample_1_lv_0046706_007,15,6.0170197,2.254032,0,449,F3
Sample_007_Region,126284-sample_1_lv_0046706_007,20,17.140293,15.338378,0,25,Macro_1
Sample_007_Region,126285-sample_1_lv_0046706_007,0,-2.5084424,7.1222467,0,11,Pericyte_1
Sample_007_Region,126286-sample_1_lv_0046706_007,4,16.145988,9.531984,0,55,F1
Sample_007_Region,126287-sample_1_lv_0046706_007,0,-4.1292243,8.787419,0,10,Mono_mac
Sample_007_Region,126288-sample_1_lv_0046706_007,0,-6.2612147,6.538823,0,187,F2
Sample_007_Region,126289-sample_1_lv_0046706_007,0,-3.879958,6.6999803,0,52,ILC2
Sample_007_Region,126290-sample_1_lv_0046706_007,26,8.52364,-3.985086,0,58,LE2
Sample_007_Region,126291-sample_1_lv_0046706_007,0,-5.308169,6.321092,0,104,F3
Sample_007_Region,126292-sample_1_lv_0046706_007,0,-5.9281683,7.0562263,0,8,F1
Sample_007_Region,126293-sample_1_lv_0046706_007,4,15.6383095,7.126707,0,94,LE2
Sample_007_Region,126294-sample_1_lv_0046706_007,15,7.6474395,1.4691038,0,70,LE1
Sample_007_Region,126295-sample_1_lv_0046706_007,3,9.950555,5.289154,0,78,LE2
Sample_007_Region,126296-sample_1_lv_0046706_007,0,-3.3095088,7.727024,0,82,F3
Sample_007_Region,126297-sample_1_lv_0046706_007,26,8.936206,-5.3082685,0,31,Th
Sample_007_Region,126298-sample_1_lv_0046706_007,11,10.686189,10.730593,0,273,Th
Sample_007_Region,126299-sample_1_lv_0046706_007,0,-3.8366568,9.728081,0,12,F1
Sample_007_Region,126300-sample_1_lv_0046706_007,13,7.9618397,11.745173,0,67,F1
Sample_007_Region,126301-sample_1_lv_0046706_007,4,14.889508,8.77722,0,272,Undifferentiated_KC
Sample_007_Region,126302-sample_1_lv_0046706_007,26,9.051144,-5.4071836,0,6,Treg
Sample_007_Region,126303-sample_1_lv_0046706_007,0,-5.627022,7.235261,0,5,Undifferentiated_KC
Sample_007_Region,126304-sample_1_lv_0046706_007,0,-4.7599773,9.664508,0,68,F1
Sample_007_Region,126305-sample_1_lv_0046706_007,20,16.856153,14.689191,0,247,F3
Sample_007_Region,126306-sample_1_lv_0046706_007,8,12.649852,0.7476547,0,204,F3
Sample_007_Region,126307-sample_1_lv_0046706_007,8,9.651086,1.5731728,0,322,Mono_mac
Sample_007_Region,126308-sample_1_lv_0046706_007,10,13.7866955,9.956507,0,757,F3
Sample_007_Region,126309-sample_1_lv_0046706_007,13,9.906287,11.508824,0,152,F3
Sample_007_Region,126310-sample_1_lv_0046706_007,8,15.141323,-0.35489577,0,76,F3
Sample_007_Region,126311-sample_1_lv_0046706_007,8,14.049114,1.5316697,0,94,F3
Sample_007_Region,126312-sample_1_lv_0046706_007,13,7.649304,13.077133,0,128,Pericyte_1
Sample_007_Region,126313-sample_1_lv_0046706_007,13,10.587913,11.427213,0,631,F3
Sample_007_Region,126314-sample_1_lv_0046706_007,13,9.121079,11.668956,0,311,F3
Sample_007_Region,126315-sample_1_lv_0046706_007,1,8.572166,6.627172,0,44,F2
Sample_007_Region,126316-sample_1_lv_0046706_007,0,-5.231922,6.1353602,0,196,F3
Sample_007_Region,126317-sample_1_lv_0046706_007,10,16.105764,8.96316,0,911,Mono_mac
Sample_007_Region,126318-sample_1_lv_0046706_007,2,12.255562,8.031797,0,352,Th
Sample_007_Region,126319-sample_1_lv_0046706_007,0,-4.5354857,8.871263,0,121,Pericyte_1
Sample_007_Region,126320-sample_1_lv_0046706_007,24,9.488155,0.017760446,0,251,F3
Sample_007_Region,126321-sample_1_lv_0046706_007,35,11.15642,16.554686,0,17,Mono_mac
Sample_007_Region,126322-sample_1_lv_0046706_007,0,-5.638595,6.8964787,0,15,F1
Sample_007_Region,126323-sample_1_lv_0046706_007,31,9.418003,-2.709165,0,34,Th
Sample_007_Region,126324-sample_1_lv_0046706_007,13,7.721144,12.424657,0,159,F2
Sample_007_Region,126325-sample_1_lv_0046706_007,10,14.064731,10.110911,0,420,Th
Sample_007_Region,126326-sample_1_lv_0046706_007,31,10.008384,-2.7252784,0,93,F1
Sample_007_Region,126327-sample_1_lv_0046706_007,0,-5.2178984,9.483371,0,12,Macro_1
Sample_007_Region,126328-sample_1_lv_0046706_007,0,-4.7774434,7.908142,0,3,Differentiated_KC
Sample_007_Region,126329-sample_1_lv_0046706_007,0,-5.4329886,7.805888,0,33,Th
Sample_007_Region,126330-sample_1_lv_0046706_007,10,14.086235,10.150157,0,267,F2
Sample_007_Region,126331-sample_1_lv_0046706_007,0,-3.229085,7.5982556,0,70,Macro_2
Sample_007_Region,126332-sample_1_lv_0046706_007,13,7.634332,13.117558,0,378,F2
Sample_007_Region,126333-sample_1_lv_0046706_007,0,-6.334004,7.875581,0,203,F1
Sample_007_Region,126334-sample_1_lv_0046706_007,20,16.216467,14.363942,0,29,F2
Sample_007_Region,126335-sample_1_lv_0046706_007,0,-6.3915777,7.1943345,0,4,F2
Sample_007_Region,126336-sample_1_lv_0046706_007,11,10.758891,10.663418,0,278,F2
Sample_007_Region,126337-sample_1_lv_0046706_007,0,-6.728501,6.585094,0,70,Macro_1
Sample_007_Region,126338-sample_1_lv_0046706_007,10,14.08795,10.122565,0,346,F2
Sample_007_Region,126339-sample_1_lv_0046706_007,11,9.33198,10.409144,0,25,F1
Sample_007_Region,126340-sample_1_lv_0046706_007,16,5.327539,6.780625,0,176,F3
Sample_007_Region,126342-sample_1_lv_0046706_007,15,6.113923,0.79316086,0,19,Macro_1
Sample_007_Region,126343-sample_1_lv_0046706_007,5,12.359775,6.011975,0,206,F3
Sample_007_Region,126344-sample_1_lv_0046706_007,6,13.596239,14.740221,0,292,F1
Sample_007_Region,126345-sample_1_lv_0046706_007,3,9.395881,4.4425282,0,39,Th
Sample_007_Region,126346-sample_1_lv_0046706_007,34,2.5564487,17.4601,0,39,Macro_1
Sample_007_Region,126347-sample_1_lv_0046706_007,10,16.432547,8.9626875,0,216,F2
Sample_007_Region,126348-sample_1_lv_0046706_007,10,16.466799,8.933732,0,168,F2
Sample_007_Region,126349-sample_1_lv_0046706_007,0,-4.675502,8.433176,0,29,F1
Sample_007_Region,126350-sample_1_lv_0046706_007,0,-6.4087424,7.9962916,0,94,F1
Sample_007_Region,126351-sample_1_lv_0046706_007,0,-5.265927,9.528546,0,391,F2
Sample_007_Region,126352-sample_1_lv_0046706_007,16,7.108403,7.150112,0,81,F1
Sample_007_Region,126353-sample_1_lv_0046706_007,0,-4.427236,9.031803,0,138,F1
Sample_007_Region,126354-sample_1_lv_0046706_007,0,-2.7845566,8.682601,0,12,F1
Sample_007_Region,126355-sample_1_lv_0046706_007,0,-4.4979615,6.857794,0,12,F1
Sample_007_Region,126356-sample_1_lv_0046706_007,17,2.6855192,13.654545,0,136,F1
Sample_007_Region,126357-sample_1_lv_0046706_007,0,-5.839199,6.649375,0,43,F1
Sample_007_Region,126358-sample_1_lv_0046706_007,0,-2.6796925,6.8861957,0,19,F1
Sample_007_Region,126545-sample_1_lv_0046706_007,10,16.388414,8.889742,0,296,F1
Sample_007_Region,126546-sample_1_lv_0046706_007,3,9.240701,4.399859,0,32,Inf_mac
Sample_007_Region,126681-sample_1_lv_0046706_007,26,8.582645,-4.289515,0,76,LE2
Sample_007_Region,126682-sample_1_lv_0046706_007,12,13.415506,6.634429,0,86,Macro_1
Sample_007_Region,126683-sample_1_lv_0046706_007,0,-4.2951407,7.346388,0,132,F3
Sample_007_Region,126684-sample_1_lv_0046706_007,11,12.036961,9.223954,0,234,F2
Sample_007_Region,126707-sample_1_lv_0046706_007,0,-5.387134,6.592839,0,144,F3
Sample_007_Region,126709-sample_1_lv_0046706_007,10,13.472648,10.34481,0,382,F3
Sample_007_Region,126782-sample_1_lv_0046706_007,0,-3.524049,7.8453894,0,14,F1
Sample_007_Region,126783-sample_1_lv_0046706_007,0,-3.8226032,5.602714,0,6,F1
Sample_007_Region,126784-sample_1_lv_0046706_007,0,-3.0662994,7.7488966,0,0,Differentiated_KC
Sample_007_Region,126785-sample_1_lv_0046706_007,0,-2.2044933,8.115076,0,3,F1
Sample_007_Region,126788-sample_1_lv_0046706_007,0,-5.8433566,8.734322,0,14,F1
Sample_007_Region,126798-sample_1_lv_0046706_007,0,-5.04985,9.360257,0,12,F2
Sample_007_Region,126799-sample_1_lv_0046706_007,0,-6.458776,7.1030407,0,1,Macro_1
Sample_007_Region,126800-sample_1_lv_0046706_007,0,-5.274301,5.7813525,0,0,Differentiated_KC
Sample_007_Region,126801-sample_1_lv_0046706_007,0,-6.1940193,5.4164414,0,1,Differentiated_KC
Sample_007_Region,126803-sample_1_lv_0046706_007,0,-5.022998,5.957729,0,1,F1
Sample_007_Region,126899-sample_1_lv_0046706_007,18,17.139658,1.7101784,0,103,Pericyte_1
Sample_007_Region,126900-sample_1_lv_0046706_007,0,-4.0054817,7.470504,0,144,F1
Sample_007_Region,126901-sample_1_lv_0046706_007,22,11.225441,19.273096,0,549,F1
Sample_007_Region,126902-sample_1_lv_0046706_007,20,17.103262,14.64665,0,560,F1
Sample_007_Region,126903-sample_1_lv_0046706_007,37,-2.208713,9.054113,0,219,Mono_mac
Sample_007_Region,126904-sample_1_lv_0046706_007,32,2.3870332,0.0489883,0,544,Pericyte_2
Sample_007_Region,126905-sample_1_lv_0046706_007,8,13.219901,1.1488094,0,438,Pericyte_1
Sample_007_Region,126906-sample_1_lv_0046706_007,1,8.506521,7.6177897,0,347,moDC
Sample_007_Region,126907-sample_1_lv_0046706_007,28,11.859119,-7.1222444,0,87,Mono_mac
Sample_007_Region,126908-sample_1_lv_0046706_007,11,11.492405,9.935804,0,521,F1
Sample_007_Region,126909-sample_1_lv_0046706_007,17,3.476619,11.166312,0,71,Undifferentiated_KC
Sample_007_Region,126910-sample_1_lv_0046706_007,0,-6.072159,8.473431,0,77,F1
Sample_007_Region,126911-sample_1_lv_0046706_007,0,-5.968116,8.068928,0,288,Pericyte_2
Sample_007_Region,126912-sample_1_lv_0046706_007,4,14.501877,5.94475,0,666,Mono_mac
Sample_007_Region,126913-sample_1_lv_0046706_007,2,10.976428,8.097498,0,858,F1
Sample_007_Region,126914-sample_1_lv_0046706_007,23,6.410681,18.990353,0,912,F3
Sample_007_Region,126915-sample_1_lv_0046706_007,4,15.173064,8.467902,0,285,F3
Sample_007_Region,126916-sample_1_lv_0046706_007,4,14.809273,6.7207737,0,776,Pericyte_1
Sample_007_Region,126917-sample_1_lv_0046706_007,22,9.5445,19.564669,0,345,VE3
Sample_007_Region,126918-sample_1_lv_0046706_007,32,1.3404416,11.881112,0,137,Pericyte_2
Sample_007_Region,126919-sample_1_lv_0046706_007,5,6.165862,12.008993,0,238,F3
Sample_007_Region,126920-sample_1_lv_0046706_007,5,13.85796,4.3661675,0,1052,Mono_mac
Sample_007_Region,126926-sample_1_lv_0046706_007,11,10.889503,10.627581,0,139,Macro_1
Sample_007_Region,126927-sample_1_lv_0046706_007,0,-3.956441,8.482857,0,177,Mono_mac
Sample_007_Region,126930-sample_1_lv_0046706_007,10,13.614707,9.930071,0,573,F3
Sample_007_Region,126931-sample_1_lv_0046706_007,0,-3.0064948,8.308518,0,38,Mono_mac
Sample_007_Region,126932-sample_1_lv_0046706_007,9,9.638534,14.19759,0,347,Mono_mac
Sample_007_Region,126933-sample_1_lv_0046706_007,24,5.853573,-2.397676,0,611,F2
Sample_007_Region,126934-sample_1_lv_0046706_007,0,-3.8679683,6.554873,0,55,Pericyte_1
Sample_007_Region,126935-sample_1_lv_0046706_007,5,10.066529,2.4460063,0,180,Mono_mac
Sample_007_Region,126936-sample_1_lv_0046706_007,18,17.661066,1.6701279,0,149,F2
Sample_007_Region,126937-sample_1_lv_0046706_007,22,11.159544,19.146929,0,599,F1
Sample_007_Region,126938-sample_1_lv_0046706_007,11,11.628274,10.216195,0,188,F2
Sample_007_Region,126939-sample_1_lv_0046706_007,25,22.378483,9.71636,0,742,Mono_mac
Sample_007_Region,126940-sample_1_lv_0046706_007,1,10.253692,8.220016,0,231,DC2
Sample_007_Region,126941-sample_1_lv_0046706_007,23,6.544247,19.642069,0,299,ILC1_3
Sample_007_Region,126942-sample_1_lv_0046706_007,25,22.280647,9.830177,0,472,Pericyte_2
Sample_007_Region,126943-sample_1_lv_0046706_007,34,2.2380166,16.7322,0,84,Th
Sample_007_Region,126944-sample_1_lv_0046706_007,23,6.481847,18.891932,0,374,Mono_mac
Sample_007_Region,126945-sample_1_lv_0046706_007,11,10.579469,9.307394,0,368,Mono_mac
Sample_007_Region,126946-sample_1_lv_0046706_007,1,9.814849,9.1007805,0,154,ILC1_3
Sample_007_Region,126947-sample_1_lv_0046706_007,23,6.4609866,18.450378,0,275,F3
Sample_007_Region,126948-sample_1_lv_0046706_007,16,7.943868,6.34493,0,120,Mono_mac
Sample_007_Region,126949-sample_1_lv_0046706_007,4,14.589757,6.5443363,0,629,VE2
Sample_007_Region,126950-sample_1_lv_0046706_007,4,14.728843,6.6766725,0,817,Mono_mac
Sample_007_Region,126951-sample_1_lv_0046706_007,2,11.472713,7.0306034,0,128,F1
Sample_007_Region,126952-sample_1_lv_0046706_007,24,11.791389,-2.610585,0,120,F1
Sample_007_Region,126953-sample_1_lv_0046706_007,27,0.7948342,0.058077883,0,74,Mono_mac
Sample_007_Region,126954-sample_1_lv_0046706_007,11,11.86215,9.852025,0,214,Mono_mac
Sample_007_Region,126955-sample_1_lv_0046706_007,8,13.857709,2.4387074,0,1076,F3
Sample_007_Region,126956-sample_1_lv_0046706_007,20,17.185898,14.466772,0,1355,Mono_mac
Sample_007_Region,126957-sample_1_lv_0046706_007,9,9.149308,14.582733,0,300,VE2
Sample_007_Region,126958-sample_1_lv_0046706_007,24,9.314398,0.5770889,0,60,Pericyte_2
Sample_007_Region,126959-sample_1_lv_0046706_007,23,6.331864,18.65692,0,160,F1
Sample_007_Region,126960-sample_1_lv_0046706_007,9,9.954359,14.611901,0,1017,Mono_mac
Sample_007_Region,126961-sample_1_lv_0046706_007,33,0.9339474,20.921755,0,64,F1
Sample_007_Region,126962-sample_1_lv_0046706_007,8,13.957617,1.4578607,0,171,F1
Sample_007_Region,126963-sample_1_lv_0046706_007,4,13.913902,5.7698426,0,480,Mono_mac
Sample_007_Region,126964-sample_1_lv_0046706_007,2,11.935657,7.179841,0,124,F1
Sample_007_Region,126965-sample_1_lv_0046706_007,5,8.312714,2.8782256,0,568,Undifferentiated_KC
Sample_007_Region,126966-sample_1_lv_0046706_007,26,9.560819,-4.9584074,0,230,F3
Sample_007_Region,126967-sample_1_lv_0046706_007,23,7.069391,18.791681,0,1052,VE2
Sample_007_Region,126968-sample_1_lv_0046706_007,5,8.165126,2.244292,0,314,Pericyte_1
Sample_007_Region,126969-sample_1_lv_0046706_007,0,-4.4028816,5.489291,0,20,LE2
Sample_007_Region,126970-sample_1_lv_0046706_007,3,9.580392,5.827523,0,588,Pericyte_1
Sample_007_Region,126971-sample_1_lv_0046706_007,0,-4.7560697,9.413034,0,413,Pericyte_1
Sample_007_Region,126972-sample_1_lv_0046706_007,2,10.7389145,7.281912,0,544,F3
Sample_007_Region,126973-sample_1_lv_0046706_007,1,12.334114,9.654456,0,85,Mono_mac
Sample_007_Region,126974-sample_1_lv_0046706_007,9,9.751108,13.883547,0,402,VE1
Sample_007_Region,126975-sample_1_lv_0046706_007,0,-5.6501336,6.973236,0,225,F3
Sample_007_Region,126976-sample_1_lv_0046706_007,11,10.685626,10.023338,0,396,F2
Sample_007_Region,126977-sample_1_lv_0046706_007,5,13.370892,5.1499486,0,293,LE2
Sample_007_Region,126978-sample_1_lv_0046706_007,4,14.30098,5.764899,0,203,Mono_mac
Sample_007_Region,126979-sample_1_lv_0046706_007,5,12.1732,5.342019,0,623,F3
Sample_007_Region,126980-sample_1_lv_0046706_007,36,-7.3156276,6.1765084,0,166,F3
Sample_007_Region,126981-sample_1_lv_0046706_007,4,15.375597,6.438513,0,261,F2
Sample_007_Region,126982-sample_1_lv_0046706_007,2,9.538976,7.6579604,0,155,F1
Sample_007_Region,126983-sample_1_lv_0046706_007,5,12.894484,3.4599943,0,365,Mono_mac
Sample_007_Region,126984-sample_1_lv_0046706_007,19,19.902527,14.466285,0,297,Mono_mac
Sample_007_Region,126985-sample_1_lv_0046706_007,15,6.381049,3.0429597,0,287,Mono_mac
Sample_007_Region,126986-sample_1_lv_0046706_007,26,7.8127017,-5.153611,0,499,VE2
Sample_007_Region,126987-sample_1_lv_0046706_007,21,16.191679,17.31258,0,131,Pericyte_2
Sample_007_Region,126988-sample_1_lv_0046706_007,11,11.019894,10.298919,0,168,Th
Sample_007_Region,126989-sample_1_lv_0046706_007,11,10.700965,10.865387,0,100,F1
Sample_007_Region,126990-sample_1_lv_0046706_007,0,-5.3926225,8.245208,0,275,Pericyte_1
Sample_007_Region,126991-sample_1_lv_0046706_007,2,11.948972,6.932084,0,181,ILC1_3
Sample_007_Region,126992-sample_1_lv_0046706_007,0,-6.8420115,8.688677,0,71,F1
Sample_007_Region,126993-sample_1_lv_0046706_007,0,-5.548085,7.4006968,0,55,F1
Sample_007_Region,126994-sample_1_lv_0046706_007,0,-2.706824,7.892417,0,65,Th
Sample_007_Region,126995-sample_1_lv_0046706_007,0,-4.600647,7.530939,0,78,Pericyte_1
Sample_007_Region,126996-sample_1_lv_0046706_007,18,14.90516,3.4001544,0,384,Mono_mac
Sample_007_Region,126997-sample_1_lv_0046706_007,0,-5.3628016,8.868467,0,137,F1
Sample_007_Region,126998-sample_1_lv_0046706_007,0,-3.8759048,6.9321814,0,32,Pericyte_1
Sample_007_Region,126999-sample_1_lv_0046706_007,32,1.2882406,12.04712,0,91,Mono_mac
Sample_007_Region,127000-sample_1_lv_0046706_007,0,-3.426416,5.742945,0,210,F1
Sample_007_Region,127001-sample_1_lv_0046706_007,2,10.177737,7.196165,0,161,F1
Sample_007_Region,127002-sample_1_lv_0046706_007,0,-3.447297,8.2623,0,14,F1
Sample_007_Region,127003-sample_1_lv_0046706_007,25,9.79624,21.996523,0,149,F1
Sample_007_Region,127004-sample_1_lv_0046706_007,25,9.407701,22.211672,0,94,F1
Sample_007_Region,127005-sample_1_lv_0046706_007,25,9.898759,22.104195,0,176,F2
Sample_007_Region,127006-sample_1_lv_0046706_007,4,14.591188,8.901314,0,532,Undifferentiated_KC
Sample_007_Region,127007-sample_1_lv_0046706_007,13,10.02027,4.388152,0,101,Mono_mac
Sample_007_Region,127008-sample_1_lv_0046706_007,1,7.3257437,10.878228,0,48,Th
Sample_007_Region,127009-sample_1_lv_0046706_007,0,-4.5137434,8.456957,0,81,F1
Sample_007_Region,127010-sample_1_lv_0046706_007,1,8.001948,8.467776,0,231,Pericyte_1
Sample_007_Region,127011-sample_1_lv_0046706_007,4,14.954812,8.111732,0,1021,Pericyte_1
Sample_007_Region,127012-sample_1_lv_0046706_007,17,2.6269593,13.713076,0,95,F1
Sample_007_Region,127013-sample_1_lv_0046706_007,27,1.6170671,0.97894245,0,52,Pericyte_1
Sample_007_Region,127014-sample_1_lv_0046706_007,1,9.842444,8.824862,0,527,Mono_mac
Sample_007_Region,127015-sample_1_lv_0046706_007,8,12.793814,0.8052398,0,155,Mono_mac
Sample_007_Region,127016-sample_1_lv_0046706_007,1,11.604716,8.3629875,0,280,Mono_mac
Sample_007_Region,127017-sample_1_lv_0046706_007,23,6.5848293,19.66593,0,201,F1
Sample_007_Region,127018-sample_1_lv_0046706_007,0,-5.767984,7.559813,0,73,F2
Sample_007_Region,127019-sample_1_lv_0046706_007,0,-6.8924503,6.9047813,0,69,F1
Sample_007_Region,127020-sample_1_lv_0046706_007,11,10.393123,10.011463,0,475,F2
Sample_007_Region,127021-sample_1_lv_0046706_007,5,13.901975,4.3696065,0,646,F1
Sample_007_Region,127022-sample_1_lv_0046706_007,33,0.7828351,21.036749,0,435,Mono_mac
Sample_007_Region,127023-sample_1_lv_0046706_007,29,4.696591,3.8818238,0,90,Undifferentiated_KC
Sample_007_Region,127024-sample_1_lv_0046706_007,28,12.331697,-7.00238,0,112,Mono_mac
Sample_007_Region,127025-sample_1_lv_0046706_007,5,9.839601,1.7543828,0,356,F1
Sample_007_Region,127026-sample_1_lv_0046706_007,1,9.979005,8.022109,0,211,Macro_1
Sample_007_Region,127027-sample_1_lv_0046706_007,3,7.2697186,6.4182563,0,46,Macro_1
Sample_007_Region,127028-sample_1_lv_0046706_007,25,22.368612,9.681241,0,1224,VE3
Sample_007_Region,127029-sample_1_lv_0046706_007,20,16.863262,14.290684,0,258,VE2
Sample_007_Region,127030-sample_1_lv_0046706_007,18,16.233053,1.9631722,0,317,F2
Sample_007_Region,127031-sample_1_lv_0046706_007,11,11.010388,9.179727,0,73,F1
Sample_007_Region,127032-sample_1_lv_0046706_007,25,22.492828,9.781376,0,1268,Mono_mac
Sample_007_Region,127033-sample_1_lv_0046706_007,22,10.380244,18.916256,0,1423,Mono_mac
Sample_007_Region,127034-sample_1_lv_0046706_007,25,22.264833,9.721076,0,595,Pericyte_2
Sample_007_Region,127035-sample_1_lv_0046706_007,19,19.852339,14.700946,0,148,Mono_mac
Sample_007_Region,127036-sample_1_lv_0046706_007,0,-2.5908866,7.2255664,0,217,LC
Sample_007_Region,127037-sample_1_lv_0046706_007,27,-0.0750565,0.2354197,0,80,Macro_1
Sample_007_Region,127038-sample_1_lv_0046706_007,22,10.63753,19.485035,0,283,VE2
Sample_007_Region,127039-sample_1_lv_0046706_007,30,16.847565,-0.051223297,0,183,Pericyte_1
Sample_007_Region,127040-sample_1_lv_0046706_007,25,22.379211,9.855543,0,1082,Mono_mac
Sample_007_Region,127041-sample_1_lv_0046706_007,4,15.456865,6.6491723,0,673,Pericyte_1
Sample_007_Region,127042-sample_1_lv_0046706_007,26,10.975781,-4.9051833,0,254,Th
Sample_007_Region,127043-sample_1_lv_0046706_007,23,6.2563305,18.61776,0,501,F1
Sample_007_Region,127044-sample_1_lv_0046706_007,25,22.402777,9.845942,0,756,VE2
Sample_007_Region,127045-sample_1_lv_0046706_007,30,7.1817813,-1.8759991,0,98,Mono_mac
Sample_007_Region,127046-sample_1_lv_0046706_007,18,16.834087,1.4812828,0,218,Pericyte_1
Sample_007_Region,127047-sample_1_lv_0046706_007,25,22.276705,9.846134,0,723,Mono_mac
Sample_007_Region,127048-sample_1_lv_0046706_007,25,22.48921,9.784678,0,1119,Mono_mac
Sample_007_Region,127049-sample_1_lv_0046706_007,25,22.510529,9.711836,0,960,Mono_mac
Sample_007_Region,127050-sample_1_lv_0046706_007,25,22.29899,9.972848,0,333,Mono_mac
Sample_007_Region,127051-sample_1_lv_0046706_007,25,9.282107,21.89787,0,101,F2
Sample_007_Region,127052-sample_1_lv_0046706_007,0,-2.6212623,5.612577,0,115,F1
Sample_007_Region,127053-sample_1_lv_0046706_007,2,12.567985,7.0224385,0,309,F1
Sample_007_Region,127054-sample_1_lv_0046706_007,0,-2.6969733,5.390466,0,312,F2
Sample_007_Region,127055-sample_1_lv_0046706_007,0,-6.0213776,6.370603,0,164,F1
Sample_007_Region,127056-sample_1_lv_0046706_007,8,14.546411,-1.0303681,0,102,Pericyte_1
Sample_007_Region,127057-sample_1_lv_0046706_007,28,11.6154175,-7.235252,0,81,Undifferentiated_KC
Sample_007_Region,127058-sample_1_lv_0046706_007,28,8.831054,-7.1385136,0,35,Mono_mac
Sample_007_Region,127059-sample_1_lv_0046706_007,0,-5.959772,8.271598,0,64,Mono_mac
Sample_007_Region,127060-sample_1_lv_0046706_007,0,-5.950212,6.1881876,0,209,F3
Sample_007_Region,127061-sample_1_lv_0046706_007,9,10.188761,14.116386,0,243,Pericyte_2
Sample_007_Region,127062-sample_1_lv_0046706_007,8,12.372164,1.2786484,0,67,Th
Sample_007_Region,127063-sample_1_lv_0046706_007,1,8.768842,9.527565,0,97,Mono_mac
Sample_007_Region,127064-sample_1_lv_0046706_007,1,8.0340605,8.751014,0,455,F2
Sample_007_Region,127065-sample_1_lv_0046706_007,23,6.730959,18.635683,0,418,Pericyte_2
Sample_007_Region,127066-sample_1_lv_0046706_007,18,14.912964,3.11732,0,297,VE2
Sample_007_Region,127067-sample_1_lv_0046706_007,18,14.773441,2.9389262,0,796,Mono_mac
Sample_007_Region,127068-sample_1_lv_0046706_007,0,-5.0510783,8.2063055,0,34,F1
Sample_007_Region,127069-sample_1_lv_0046706_007,25,9.8203945,21.924318,0,67,Tc
Sample_007_Region,127070-sample_1_lv_0046706_007,35,10.692994,16.610704,0,26,F1
Sample_007_Region,127071-sample_1_lv_0046706_007,4,14.241379,7.389932,0,219,DC2
Sample_007_Region,127072-sample_1_lv_0046706_007,11,11.473619,10.384735,0,121,F1
Sample_007_Region,127073-sample_1_lv_0046706_007,5,12.591077,3.569991,0,441,Mono_mac
Sample_007_Region,127074-sample_1_lv_0046706_007,10,13.4552765,8.639262,0,1088,Mono_mac
Sample_007_Region,127075-sample_1_lv_0046706_007,5,12.929787,4.2219334,0,787,F3
Sample_007_Region,127076-sample_1_lv_0046706_007,5,9.067013,3.187879,0,607,VE2
Sample_007_Region,127077-sample_1_lv_0046706_007,4,14.300708,8.314201,0,859,F1
Sample_007_Region,127078-sample_1_lv_0046706_007,12,13.037809,7.038465,0,279,Mono_mac
Sample_007_Region,127079-sample_1_lv_0046706_007,0,-3.7759612,7.126053,0,673,Pericyte_1
Sample_007_Region,127080-sample_1_lv_0046706_007,27,0.64491075,0.04839351,0,85,Macro_1
Sample_007_Region,127081-sample_1_lv_0046706_007,0,-5.4202414,6.593113,0,101,Mono_mac
Sample_007_Region,127082-sample_1_lv_0046706_007,3,5.4069138,4.8598022,0,204,F1
Sample_007_Region,127083-sample_1_lv_0046706_007,11,12.953373,8.888673,0,398,F1
Sample_007_Region,127084-sample_1_lv_0046706_007,8,12.414584,1.176245,0,133,F3
Sample_007_Region,127097-sample_1_lv_0046706_007,0,-3.077881,6.510462,0,68,F1
Sample_007_Region,127098-sample_1_lv_0046706_007,13,9.133377,10.834387,0,240,Mono_mac
Sample_007_Region,127099-sample_1_lv_0046706_007,0,-4.7902517,6.1330223,0,55,Macro_1
Sample_007_Region,127100-sample_1_lv_0046706_007,0,-4.735947,9.152746,0,570,F1
Sample_007_Region,127101-sample_1_lv_0046706_007,30,14.671423,1.329712,0,174,Mono_mac
Sample_007_Region,127102-sample_1_lv_0046706_007,24,11.945947,-3.236065,0,53,F1
Sample_007_Region,127103-sample_1_lv_0046706_007,3,9.338748,6.0029073,0,444,F2
Sample_007_Region,127104-sample_1_lv_0046706_007,0,-3.3650632,6.4436297,0,151,F1
Sample_007_Region,127105-sample_1_lv_0046706_007,12,14.667369,5.4190345,0,244,F2
Sample_007_Region,127106-sample_1_lv_0046706_007,1,12.538621,11.62272,0,26,F1
Sample_007_Region,127107-sample_1_lv_0046706_007,27,-0.31114182,0.45807856,0,91,ILC1_3
Sample_007_Region,127108-sample_1_lv_0046706_007,0,-5.1917152,5.8936033,0,0,Differentiated_KC
Sample_007_Region,127109-sample_1_lv_0046706_007,0,-3.688789,8.971473,0,92,F1
Sample_007_Region,127110-sample_1_lv_0046706_007,5,9.305438,2.4184997,0,198,F1
Sample_007_Region,127111-sample_1_lv_0046706_007,30,20.877401,5.6141295,0,47,F1
Sample_007_Region,127112-sample_1_lv_0046706_007,35,11.2347145,16.438036,0,1,Differentiated_KC
Sample_007_Region,127118-sample_1_lv_0046706_007,0,-4.444282,7.1999393,0,55,F2
Sample_007_Region,127120-sample_1_lv_0046706_007,8,12.098985,0.10213825,0,331,Macro_1
Sample_007_Region,127121-sample_1_lv_0046706_007,12,13.569401,7.4054055,0,295,F2
Sample_007_Region,127123-sample_1_lv_0046706_007,0,-3.2403913,6.6736965,0,524,Pericyte_2
Sample_007_Region,127124-sample_1_lv_0046706_007,27,1.325631,1.3638148,0,43,F1
Sample_007_Region,127125-sample_1_lv_0046706_007,5,8.385696,2.8520243,0,1008,Pericyte_1
Sample_007_Region,127146-sample_1_lv_0046706_007,0,-5.8385024,6.8252425,0,126,F2
Sample_007_Region,129108-sample_1_lv_0046706_007,19,19.808949,14.561682,0,592,VE2
Sample_007_Region,129109-sample_1_lv_0046706_007,4,14.475201,8.547388,0,627,F3
Sample_007_Region,129110-sample_1_lv_0046706_007,18,14.408222,3.4378858,0,415,Pericyte_2
Sample_007_Region,129111-sample_1_lv_0046706_007,5,12.046154,5.3992424,0,460,Mono_mac
Sample_007_Region,129112-sample_1_lv_0046706_007,26,7.397754,-3.3146756,0,214,VE2
Sample_007_Region,129113-sample_1_lv_0046706_007,13,8.978394,12.210733,0,152,F3
Sample_007_Region,129114-sample_1_lv_0046706_007,5,12.09846,5.463762,0,185,Mono_mac
Sample_007_Region,129115-sample_1_lv_0046706_007,0,-2.7515545,8.00624,0,54,F1
Sample_007_Region,129116-sample_1_lv_0046706_007,26,7.551321,-4.564137,0,189,ILC1_3
Sample_007_Region,129117-sample_1_lv_0046706_007,0,-6.5147247,7.674536,0,296,F2
Sample_007_Region,129118-sample_1_lv_0046706_007,12,15.861131,4.934576,0,114,F1
Sample_007_Region,129119-sample_1_lv_0046706_007,10,14.388434,10.245677,0,371,F1
Sample_007_Region,129120-sample_1_lv_0046706_007,0,-4.7944126,8.747965,0,40,F1
Sample_007_Region,129121-sample_1_lv_0046706_007,13,8.990799,12.340351,0,299,F2
Sample_007_Region,129122-sample_1_lv_0046706_007,0,-6.3871217,7.350348,0,18,F2
Sample_007_Region,129123-sample_1_lv_0046706_007,0,-3.2502515,5.0398035,0,23,F1
Sample_007_Region,129124-sample_1_lv_0046706_007,13,6.8422513,13.591424,0,168,F2
Sample_007_Region,129125-sample_1_lv_0046706_007,30,20.978436,5.9723907,0,18,Tc
Sample_007_Region,129126-sample_1_lv_0046706_007,8,13.85604,2.6975338,0,384,F1
Sample_007_Region,129127-sample_1_lv_0046706_007,8,9.531411,1.410914,0,103,Mono_mac
Sample_007_Region,129128-sample_1_lv_0046706_007,28,8.791843,-7.338158,0,32,Mono_mac
Sample_007_Region,129129-sample_1_lv_0046706_007,2,11.832628,6.9962206,0,322,F2
Sample_007_Region,129130-sample_1_lv_0046706_007,0,-3.9413755,8.397478,0,73,F1
Sample_007_Region,129131-sample_1_lv_0046706_007,0,-4.659224,9.425373,0,0,Differentiated_KC
Sample_007_Region,129132-sample_1_lv_0046706_007,0,-5.7917833,7.774117,0,0,Differentiated_KC
Sample_007_Region,129133-sample_1_lv_0046706_007,8,12.220136,0.8879406,0,304,F1
Sample_007_Region,129134-sample_1_lv_0046706_007,0,-4.3550177,5.6446285,0,84,F1
Sample_007_Region,129135-sample_1_lv_0046706_007,0,-4.969379,8.961888,0,25,Th
Sample_007_Region,129136-sample_1_lv_0046706_007,0,-4.7067122,6.6063256,0,80,F1
Sample_007_Region,129137-sample_1_lv_0046706_007,0,-3.9004858,8.815879,0,64,Macro_1
Sample_007_Region,129138-sample_1_lv_0046706_007,2,11.544784,7.977985,0,215,F3
Sample_007_Region,129139-sample_1_lv_0046706_007,3,7.6252875,5.0129385,0,132,F1
Sample_007_Region,129140-sample_1_lv_0046706_007,0,-6.16044,5.7053537,0,268,Mono_mac
Sample_007_Region,129141-sample_1_lv_0046706_007,12,13.299346,6.759815,0,69,F3
Sample_007_Region,129142-sample_1_lv_0046706_007,12,17.000002,5.1792803,0,42,Differentiated_KC
Sample_007_Region,129143-sample_1_lv_0046706_007,13,6.811687,13.658178,0,449,F2
Sample_007_Region,129144-sample_1_lv_0046706_007,0,-4.6774025,6.4030323,0,52,F1
Sample_007_Region,129145-sample_1_lv_0046706_007,12,14.855923,5.3352814,0,265,F2
Sample_007_Region,129146-sample_1_lv_0046706_007,1,9.580881,9.064862,0,202,F2
Sample_007_Region,129147-sample_1_lv_0046706_007,0,-3.0980227,7.8542914,0,428,Mono_mac
Sample_007_Region,129150-sample_1_lv_0046706_007,1,8.218346,7.6536756,0,696,F3
Sample_007_Region,129151-sample_1_lv_0046706_007,13,8.25749,12.684153,0,181,F1
Sample_007_Region,129152-sample_1_lv_0046706_007,1,7.8153,6.558,0,450,F3
Sample_007_Region,129153-sample_1_lv_0046706_007,1,10.189157,8.140773,0,210,ILC1_3
Sample_007_Region,129158-sample_1_lv_0046706_007,11,11.171427,9.358487,0,221,Macro_1
Sample_007_Region,129159-sample_1_lv_0046706_007,2,10.672554,6.8603277,0,94,F2
Sample_007_Region,129160-sample_1_lv_0046706_007,11,11.405886,9.927915,0,241,F1
Sample_007_Region,129161-sample_1_lv_0046706_007,2,10.012743,7.2618484,0,213,F3
Sample_007_Region,129162-sample_1_lv_0046706_007,1,7.337055,10.703786,0,50,F1
Sample_007_Region,129163-sample_1_lv_0046706_007,1,8.65328,7.70174,0,79,F1
Sample_007_Region,129164-sample_1_lv_0046706_007,9,9.457352,13.745676,0,256,F3
Sample_007_Region,129165-sample_1_lv_0046706_007,1,8.253523,8.004184,0,67,F1
Sample_007_Region,129166-sample_1_lv_0046706_007,2,9.513694,7.157364,0,172,F3
Sample_007_Region,129167-sample_1_lv_0046706_007,20,16.318645,14.692939,0,170,F3
Sample_007_Region,129168-sample_1_lv_0046706_007,8,12.197293,0.91292524,0,64,F1
Sample_007_Region,129169-sample_1_lv_0046706_007,4,15.522807,6.939632,0,73,Th
Sample_007_Region,129170-sample_1_lv_0046706_007,0,-4.9036503,5.796761,0,54,Mono_mac
Sample_007_Region,129171-sample_1_lv_0046706_007,1,9.224643,9.137872,0,361,Th
Sample_007_Region,129172-sample_1_lv_0046706_007,1,9.258918,8.967246,0,337,Mono_mac
Sample_007_Region,129173-sample_1_lv_0046706_007,8,13.920612,1.4310156,0,524,Mono_mac
Sample_007_Region,129178-sample_1_lv_0046706_007,27,-0.34644282,0.5744355,0,114,Mono_mac
Sample_007_Region,129179-sample_1_lv_0046706_007,0,-4.1326666,6.8546734,0,314,F1
Sample_007_Region,129180-sample_1_lv_0046706_007,0,-5.143944,7.6100254,0,148,Mono_mac
Sample_007_Region,129181-sample_1_lv_0046706_007,0,-3.725481,8.749736,0,27,F1
Sample_007_Region,129182-sample_1_lv_0046706_007,5,9.892326,1.6792753,0,276,Pericyte_2
Sample_007_Region,129183-sample_1_lv_0046706_007,23,6.4550433,19.498734,0,726,Pericyte_1
Sample_007_Region,129184-sample_1_lv_0046706_007,0,-5.349841,5.1961627,0,408,Pericyte_2
Sample_007_Region,129185-sample_1_lv_0046706_007,25,22.44226,9.672852,0,708,Mono_mac
Sample_007_Region,129186-sample_1_lv_0046706_007,5,6.274854,12.106187,0,116,Mono_mac
Sample_007_Region,130531-sample_1_lv_0046706_007,13,8.846212,10.435257,0,85,Undifferentiated_KC
Sample_007_Region,130532-sample_1_lv_0046706_007,0,-2.7688982,7.110949,0,35,Th
Sample_007_Region,130533-sample_1_lv_0046706_007,26,8.151417,-3.4400053,0,75,Pericyte_1
Sample_007_Region,130534-sample_1_lv_0046706_007,1,8.040829,9.957421,0,124,Pericyte_1
Sample_007_Region,130535-sample_1_lv_0046706_007,10,14.011647,9.870841,0,133,ILC1_3
Sample_007_Region,130536-sample_1_lv_0046706_007,0,-6.1488557,8.104679,0,40,F1
Sample_007_Region,130537-sample_1_lv_0046706_007,20,16.968185,14.201237,0,255,F3
Sample_007_Region,130538-sample_1_lv_0046706_007,20,16.237799,14.596839,0,114,F2
Sample_007_Region,130539-sample_1_lv_0046706_007,3,9.259269,4.3126006,0,41,F1
Sample_007_Region,130540-sample_1_lv_0046706_007,16,6.8985972,7.3779283,0,573,Pericyte_1
Sample_007_Region,130541-sample_1_lv_0046706_007,31,10.9681425,-2.359675,0,144,F2
Sample_007_Region,130542-sample_1_lv_0046706_007,16,5.8537493,7.189473,0,308,ILC1_3
Sample_007_Region,130543-sample_1_lv_0046706_007,4,16.722849,6.696826,0,8,F1
Sample_007_Region,130544-sample_1_lv_0046706_007,24,11.8614025,-3.1230738,0,166,Th
Sample_007_Region,130545-sample_1_lv_0046706_007,24,12.273705,-2.3529015,0,234,VE3
Sample_007_Region,130546-sample_1_lv_0046706_007,0,-5.541454,6.6355867,0,22,F2
Sample_007_Region,130547-sample_1_lv_0046706_007,10,13.52534,11.133366,0,32,F1
Sample_007_Region,130548-sample_1_lv_0046706_007,23,6.69427,18.253815,0,171,VE2
Sample_007_Region,130549-sample_1_lv_0046706_007,0,-3.5582619,7.40239,0,7,Th
Sample_007_Region,130550-sample_1_lv_0046706_007,29,3.4402888,4.690512,0,32,F1
Sample_007_Region,130551-sample_1_lv_0046706_007,0,-4.1876774,7.057833,0,158,Pericyte_1
Sample_007_Region,130552-sample_1_lv_0046706_007,34,2.8577297,17.715034,0,29,Th
Sample_007_Region,130553-sample_1_lv_0046706_007,0,-7.182755,7.4611735,0,119,Th
Sample_007_Region,130554-sample_1_lv_0046706_007,0,-3.6367538,5.350634,0,3,F1
Sample_007_Region,130555-sample_1_lv_0046706_007,0,-2.8562768,6.38222,0,37,F3
Sample_007_Region,130556-sample_1_lv_0046706_007,0,-5.5117097,6.704212,0,9,Macro_1
Sample_007_Region,130557-sample_1_lv_0046706_007,0,-4.9098516,7.7072115,0,4,F1
Sample_007_Region,130558-sample_1_lv_0046706_007,0,-6.6289783,7.7712345,0,3,Differentiated_KC
Sample_007_Region,130559-sample_1_lv_0046706_007,0,-3.149996,8.11671,0,33,F3
Sample_007_Region,130560-sample_1_lv_0046706_007,1,12.433673,11.605048,0,12,F1
Sample_007_Region,130561-sample_1_lv_0046706_007,0,-4.757227,5.8981,0,163,Pericyte_1
Sample_007_Region,130562-sample_1_lv_0046706_007,0,-4.410042,8.265726,0,100,F1
Sample_007_Region,130563-sample_1_lv_0046706_007,0,-5.429221,5.6318765,0,0,Differentiated_KC
Sample_007_Region,130564-sample_1_lv_0046706_007,13,7.9478908,11.6618395,0,2,Differentiated_KC
Sample_007_Region,130565-sample_1_lv_0046706_007,0,-2.5097485,6.9783063,0,23,F1
Sample_007_Region,130566-sample_1_lv_0046706_007,0,-5.4818172,7.677042,0,1,F1
Sample_007_Region,130567-sample_1_lv_0046706_007,17,3.512347,14.060519,0,90,F1
Sample_007_Region,130568-sample_1_lv_0046706_007,26,8.549146,-4.122343,0,106,VE1
Sample_007_Region,130569-sample_1_lv_0046706_007,0,-6.426546,6.137201,0,38,LE2
Sample_007_Region,130570-sample_1_lv_0046706_007,0,-5.5594163,9.509428,0,0,Differentiated_KC
Sample_007_Region,130571-sample_1_lv_0046706_007,10,13.089151,9.918698,0,556,Undifferentiated_KC
Sample_007_Region,130572-sample_1_lv_0046706_007,10,13.425232,11.295328,0,104,F2
Sample_007_Region,130573-sample_1_lv_0046706_007,30,20.477264,4.8389955,0,51,F1
Sample_007_Region,130574-sample_1_lv_0046706_007,0,-2.8093314,6.4403443,0,4,Undifferentiated_KC
Sample_007_Region,130575-sample_1_lv_0046706_007,0,-2.131987,7.061596,0,10,VE1
Sample_007_Region,130576-sample_1_lv_0046706_007,0,-3.8706095,8.086493,0,4,F1
Sample_007_Region,130577-sample_1_lv_0046706_007,0,-3.2435954,7.2683516,0,12,F1
Sample_007_Region,130578-sample_1_lv_0046706_007,36,-6.9860263,6.1746826,0,106,F1
Sample_007_Region,130579-sample_1_lv_0046706_007,3,9.515362,5.27439,0,191,Mono_mac
Sample_007_Region,130580-sample_1_lv_0046706_007,11,11.522705,9.161245,0,165,F3
Sample_007_Region,130581-sample_1_lv_0046706_007,0,-4.9308352,6.0233917,0,12,Mono_mac
Sample_007_Region,130582-sample_1_lv_0046706_007,0,-3.6618226,8.378547,0,6,Undifferentiated_KC
Sample_007_Region,130583-sample_1_lv_0046706_007,3,4.309388,6.127398,0,33,VE3
Sample_007_Region,130584-sample_1_lv_0046706_007,17,2.2149906,13.990509,0,302,Undifferentiated_KC
Sample_007_Region,130585-sample_1_lv_0046706_007,17,1.8342906,13.881371,0,175,Undifferentiated_KC
Sample_007_Region,130586-sample_1_lv_0046706_007,1,11.178154,11.250057,0,312,Undifferentiated_KC
Sample_007_Region,130587-sample_1_lv_0046706_007,17,4.8780265,9.907334,0,475,Undifferentiated_KC
Sample_007_Region,130588-sample_1_lv_0046706_007,0,-5.5977693,7.661616,0,174,Undifferentiated_KC
Sample_007_Region,130589-sample_1_lv_0046706_007,4,15.844069,8.100205,0,580,Undifferentiated_KC
Sample_007_Region,130590-sample_1_lv_0046706_007,1,11.216076,11.132592,0,749,Undifferentiated_KC
Sample_007_Region,130591-sample_1_lv_0046706_007,17,3.8655171,11.126584,0,235,Undifferentiated_KC
Sample_007_Region,130592-sample_1_lv_0046706_007,6,14.578453,16.332598,0,398,Undifferentiated_KC
Sample_007_Region,130593-sample_1_lv_0046706_007,16,5.5255094,7.9631395,0,55,F3
Sample_007_Region,130594-sample_1_lv_0046706_007,0,-6.1270075,7.4548235,0,116,Pericyte_1
Sample_007_Region,130595-sample_1_lv_0046706_007,31,10.217416,-2.74012,0,155,F1
Sample_007_Region,130596-sample_1_lv_0046706_007,0,-4.6862106,5.2221727,0,126,F1
Sample_007_Region,130597-sample_1_lv_0046706_007,20,16.06233,14.711332,0,180,Mono_mac
Sample_007_Region,130598-sample_1_lv_0046706_007,16,5.9517837,7.9073696,0,134,F1
Sample_007_Region,130599-sample_1_lv_0046706_007,0,-5.212582,9.595293,0,110,F1
Sample_007_Region,130600-sample_1_lv_0046706_007,0,-2.8921754,6.381312,0,128,F1
Sample_007_Region,130601-sample_1_lv_0046706_007,0,-5.3778534,5.8916225,0,135,Pericyte_1
Sample_007_Region,130602-sample_1_lv_0046706_007,17,3.5379686,11.138442,0,31,Macro_1
Sample_007_Region,130603-sample_1_lv_0046706_007,0,-6.087242,9.228844,0,34,Undifferentiated_KC
Sample_007_Region,130604-sample_1_lv_0046706_007,6,13.787325,14.492289,0,1000,Undifferentiated_KC
Sample_007_Region,130605-sample_1_lv_0046706_007,17,2.6488829,10.0734415,0,57,Undifferentiated_KC
Sample_007_Region,130606-sample_1_lv_0046706_007,6,14.473733,16.310587,0,1014,Undifferentiated_KC
Sample_007_Region,130607-sample_1_lv_0046706_007,27,0.6968863,0.0047659352,0,130,F1
Sample_007_Region,130608-sample_1_lv_0046706_007,0,-4.3933144,9.11523,0,32,Macro_1
Sample_007_Region,130609-sample_1_lv_0046706_007,0,-5.8691106,6.6181755,0,66,F1
Sample_007_Region,130610-sample_1_lv_0046706_007,35,10.734878,16.629595,0,39,F1
Sample_007_Region,130611-sample_1_lv_0046706_007,0,-4.1406627,5.3635697,0,18,Undifferentiated_KC
Sample_007_Region,130612-sample_1_lv_0046706_007,0,-4.3977036,9.229557,0,6,F1
Sample_007_Region,130613-sample_1_lv_0046706_007,0,-5.627362,8.872205,0,1,Differentiated_KC
Sample_007_Region,130614-sample_1_lv_0046706_007,0,-4.014044,8.1964445,0,20,F1
Sample_007_Region,130615-sample_1_lv_0046706_007,0,-3.2883527,6.640235,0,10,F1
Sample_007_Region,130616-sample_1_lv_0046706_007,0,-5.703767,7.052834,0,53,VE1
Sample_007_Region,130617-sample_1_lv_0046706_007,17,4.014981,11.6537695,0,158,Undifferentiated_KC
Sample_007_Region,130618-sample_1_lv_0046706_007,17,1.826997,8.29277,0,5,F1
Sample_007_Region,130619-sample_1_lv_0046706_007,6,13.773347,14.28948,0,305,Undifferentiated_KC
Sample_007_Region,130620-sample_1_lv_0046706_007,6,14.569499,14.539611,0,440,Undifferentiated_KC
Sample_007_Region,130621-sample_1_lv_0046706_007,6,14.594648,15.73843,0,911,Undifferentiated_KC
Sample_007_Region,130622-sample_1_lv_0046706_007,0,-5.201972,7.201463,0,167,Undifferentiated_KC
Sample_007_Region,130623-sample_1_lv_0046706_007,18,18.261116,2.0225832,0,124,F1
Sample_007_Region,130624-sample_1_lv_0046706_007,21,16.27997,17.759636,0,582,Undifferentiated_KC
Sample_007_Region,130625-sample_1_lv_0046706_007,6,13.299677,16.746492,0,271,Undifferentiated_KC
Sample_007_Region,130626-sample_1_lv_0046706_007,1,11.958443,10.744711,0,296,Undifferentiated_KC
Sample_007_Region,130627-sample_1_lv_0046706_007,7,15.654442,11.719514,0,154,Undifferentiated_KC
Sample_007_Region,130628-sample_1_lv_0046706_007,2,12.069799,8.420156,0,301,Undifferentiated_KC
Sample_007_Region,130629-sample_1_lv_0046706_007,17,3.545668,14.047543,0,206,Undifferentiated_KC
Sample_007_Region,130630-sample_1_lv_0046706_007,21,16.630306,17.741251,0,392,Undifferentiated_KC
Sample_007_Region,130631-sample_1_lv_0046706_007,6,14.137906,14.759534,0,491,Undifferentiated_KC
Sample_007_Region,130632-sample_1_lv_0046706_007,13,8.388579,12.252177,0,275,Undifferentiated_KC
Sample_007_Region,130633-sample_1_lv_0046706_007,16,6.6791034,7.6873927,0,48,Undifferentiated_KC
Sample_007_Region,130634-sample_1_lv_0046706_007,1,11.631112,11.191956,0,338,Undifferentiated_KC
Sample_007_Region,130635-sample_1_lv_0046706_007,6,14.539141,15.653986,0,582,Undifferentiated_KC
Sample_007_Region,130636-sample_1_lv_0046706_007,4,15.717139,8.138558,0,573,Undifferentiated_KC
Sample_007_Region,130637-sample_1_lv_0046706_007,0,-4.803649,8.774274,0,10,F1
Sample_007_Region,130638-sample_1_lv_0046706_007,6,12.354238,15.30841,0,34,Undifferentiated_KC
Sample_007_Region,130639-sample_1_lv_0046706_007,17,3.7408755,12.912271,0,76,Undifferentiated_KC
Sample_007_Region,130640-sample_1_lv_0046706_007,0,-6.3301926,6.2173343,0,17,Undifferentiated_KC
Sample_007_Region,130641-sample_1_lv_0046706_007,31,10.143609,-1.001163,0,101,Undifferentiated_KC
Sample_007_Region,130642-sample_1_lv_0046706_007,23,6.0402093,17.95753,0,617,Undifferentiated_KC
Sample_007_Region,130643-sample_1_lv_0046706_007,31,10.120394,-2.827047,0,90,Undifferentiated_KC
Sample_007_Region,130644-sample_1_lv_0046706_007,17,5.210583,9.90481,0,780,Undifferentiated_KC
Sample_007_Region,130645-sample_1_lv_0046706_007,0,-4.424303,6.1725845,0,7,Differentiated_KC
Sample_007_Region,130646-sample_1_lv_0046706_007,2,12.081508,8.222332,0,14,F1
Sample_007_Region,130647-sample_1_lv_0046706_007,0,-4.2151594,7.1246614,0,204,F1
Sample_007_Region,130648-sample_1_lv_0046706_007,17,3.1306748,14.1626625,0,91,Undifferentiated_KC
Sample_007_Region,130649-sample_1_lv_0046706_007,17,4.0203934,10.7797575,0,203,Undifferentiated_KC
Sample_007_Region,130650-sample_1_lv_0046706_007,6,13.807371,15.835604,0,640,Undifferentiated_KC
Sample_007_Region,130651-sample_1_lv_0046706_007,10,14.452671,10.929709,0,253,Undifferentiated_KC
Sample_007_Region,130652-sample_1_lv_0046706_007,6,13.723284,16.229088,0,347,Undifferentiated_KC
Sample_007_Region,130653-sample_1_lv_0046706_007,29,3.9934044,3.9905627,0,97,Undifferentiated_KC
Sample_007_Region,130654-sample_1_lv_0046706_007,16,5.761618,8.451313,0,281,Undifferentiated_KC
Sample_007_Region,130655-sample_1_lv_0046706_007,17,3.5948248,14.052447,0,73,Undifferentiated_KC
Sample_007_Region,130656-sample_1_lv_0046706_007,17,4.5044174,10.163667,0,183,Undifferentiated_KC
Sample_007_Region,130657-sample_1_lv_0046706_007,12,2.8203743,6.1767173,0,14,F1
Sample_007_Region,130658-sample_1_lv_0046706_007,10,13.55125,11.550264,0,10,F1
Sample_007_Region,130659-sample_1_lv_0046706_007,0,-2.8724196,9.014717,0,157,F1
Sample_007_Region,130660-sample_1_lv_0046706_007,0,-3.9933164,5.6786485,0,19,F1
Sample_007_Region,130661-sample_1_lv_0046706_007,0,-3.2343762,9.147484,0,7,Undifferentiated_KC
Sample_007_Region,130662-sample_1_lv_0046706_007,0,-2.5740461,7.8737154,0,5,F1
Sample_007_Region,130663-sample_1_lv_0046706_007,0,-6.53688,8.461363,0,2,Macro_1
Sample_007_Region,130664-sample_1_lv_0046706_007,0,-2.9292755,7.578407,0,5,F1
Sample_007_Region,130665-sample_1_lv_0046706_007,0,-6.1875157,7.5850163,0,184,F1
Sample_007_Region,130666-sample_1_lv_0046706_007,0,-4.0001125,6.4477777,0,1,F2
Sample_007_Region,130667-sample_1_lv_0046706_007,20,16.044622,14.7751465,0,76,F3
Sample_007_Region,130668-sample_1_lv_0046706_007,0,-4.104474,6.0436516,0,1,Differentiated_KC
Sample_007_Region,130669-sample_1_lv_0046706_007,0,-3.1957967,6.703316,0,35,F1
Sample_007_Region,130670-sample_1_lv_0046706_007,0,-3.3540719,7.751514,0,18,F1
Sample_007_Region,130671-sample_1_lv_0046706_007,0,-3.4521754,5.2370467,0,0,Differentiated_KC
Sample_007_Region,130672-sample_1_lv_0046706_007,0,-5.707528,8.531253,0,26,F1
Sample_007_Region,130673-sample_1_lv_0046706_007,0,-4.2883143,7.6117234,0,17,Undifferentiated_KC
Sample_007_Region,130674-sample_1_lv_0046706_007,1,12.551954,11.195063,0,72,F1
Sample_007_Region,130675-sample_1_lv_0046706_007,0,-6.4308753,7.430462,0,11,Undifferentiated_KC
Sample_007_Region,130676-sample_1_lv_0046706_007,17,1.6300346,8.083128,0,5,F2
Sample_007_Region,130677-sample_1_lv_0046706_007,0,-6.1673837,7.078644,0,0,Differentiated_KC
Sample_007_Region,130678-sample_1_lv_0046706_007,0,-4.253451,7.522481,0,10,Differentiated_KC
Sample_007_Region,130679-sample_1_lv_0046706_007,0,-4.701194,7.930197,0,41,Macro_1
Sample_007_Region,130680-sample_1_lv_0046706_007,30,19.459297,3.469433,0,165,Pericyte_1
Sample_007_Region,130681-sample_1_lv_0046706_007,0,-5.0620356,7.8163996,0,3,Th
Sample_007_Region,130682-sample_1_lv_0046706_007,0,-4.8190284,5.948795,0,3,VE2
Sample_007_Region,130683-sample_1_lv_0046706_007,18,15.1897955,3.2188501,0,88,Mono_mac
Sample_007_Region,130684-sample_1_lv_0046706_007,23,6.241984,18.325283,0,65,Pericyte_1
Sample_007_Region,130685-sample_1_lv_0046706_007,0,-5.7204795,8.226136,0,14,Pericyte_1
Sample_007_Region,130686-sample_1_lv_0046706_007,16,5.1281824,8.595198,0,12,F2
Sample_007_Region,130687-sample_1_lv_0046706_007,0,-6.8476877,7.5882397,0,47,VE3
Sample_007_Region,130688-sample_1_lv_0046706_007,10,13.13324,9.55948,0,225,Undifferentiated_KC
Sample_007_Region,130689-sample_1_lv_0046706_007,0,-7.3762283,7.821073,0,2,Undifferentiated_KC
Sample_007_Region,130690-sample_1_lv_0046706_007,0,-3.733781,5.809691,0,0,Differentiated_KC
Sample_007_Region,130691-sample_1_lv_0046706_007,15,7.6736665,1.3345695,0,136,F1
Sample_007_Region,130692-sample_1_lv_0046706_007,0,-4.202397,4.9569054,0,60,F1
Sample_007_Region,130693-sample_1_lv_0046706_007,10,13.41357,11.058051,0,112,F1
Sample_007_Region,130694-sample_1_lv_0046706_007,0,-3.5154226,5.767155,0,0,Differentiated_KC
Sample_007_Region,130695-sample_1_lv_0046706_007,0,-4.961201,6.4252152,0,0,Differentiated_KC
Sample_007_Region,130696-sample_1_lv_0046706_007,0,-5.952294,7.051374,0,23,F1
Sample_007_Region,130697-sample_1_lv_0046706_007,0,-6.079201,7.1968074,0,37,Th
Sample_007_Region,130698-sample_1_lv_0046706_007,0,-3.278161,6.3062787,0,102,F1
Sample_007_Region,130699-sample_1_lv_0046706_007,13,7.967312,11.706844,0,56,F2
Sample_007_Region,130700-sample_1_lv_0046706_007,0,-3.821203,8.455122,0,2,Macro_1
Sample_007_Region,130701-sample_1_lv_0046706_007,0,-5.478779,8.278749,0,245,Mono_mac
Sample_007_Region,130702-sample_1_lv_0046706_007,0,-4.530159,9.738285,0,23,F1
Sample_007_Region,130703-sample_1_lv_0046706_007,0,-5.742818,6.1779947,0,127,Pericyte_1
Sample_007_Region,130704-sample_1_lv_0046706_007,15,4.985806,12.531457,0,60,F1
Sample_007_Region,130705-sample_1_lv_0046706_007,0,-6.028897,6.5898557,0,24,F1
Sample_007_Region,130706-sample_1_lv_0046706_007,0,-6.1094985,6.7609754,0,41,Th
Sample_007_Region,130707-sample_1_lv_0046706_007,0,-5.5256968,9.295944,0,32,F1
Sample_007_Region,130708-sample_1_lv_0046706_007,11,9.749148,10.282963,0,48,F1
Sample_007_Region,130709-sample_1_lv_0046706_007,0,-3.4659555,6.6438355,0,207,F1
Sample_007_Region,130710-sample_1_lv_0046706_007,31,9.510679,-2.6744838,0,58,Undifferentiated_KC
Sample_007_Region,130711-sample_1_lv_0046706_007,17,3.6571467,11.20804,0,181,Undifferentiated_KC
Sample_007_Region,130712-sample_1_lv_0046706_007,1,6.5305457,10.162727,0,307,Undifferentiated_KC
Sample_007_Region,130713-sample_1_lv_0046706_007,6,14.542888,16.413502,0,493,Undifferentiated_KC
Sample_007_Region,130714-sample_1_lv_0046706_007,6,13.841186,16.460249,0,130,Undifferentiated_KC
Sample_007_Region,130715-sample_1_lv_0046706_007,17,3.90644,11.143725,0,233,Undifferentiated_KC
Sample_007_Region,130716-sample_1_lv_0046706_007,0,-4.1688223,6.491113,0,3,F1
Sample_007_Region,130717-sample_1_lv_0046706_007,6,13.376605,16.661015,0,256,Undifferentiated_KC
Sample_007_Region,130718-sample_1_lv_0046706_007,6,13.001238,16.658121,0,255,Undifferentiated_KC
Sample_007_Region,130719-sample_1_lv_0046706_007,4,15.784254,8.160968,0,496,Undifferentiated_KC
Sample_007_Region,130720-sample_1_lv_0046706_007,6,14.6812725,16.33705,0,397,Undifferentiated_KC
Sample_007_Region,130721-sample_1_lv_0046706_007,31,9.892821,-2.7042317,0,134,Undifferentiated_KC
Sample_007_Region,130722-sample_1_lv_0046706_007,6,13.543236,16.606194,0,544,Undifferentiated_KC
Sample_007_Region,130723-sample_1_lv_0046706_007,6,13.918775,14.363334,0,307,Undifferentiated_KC
Sample_007_Region,130724-sample_1_lv_0046706_007,6,14.027382,15.15528,0,232,Undifferentiated_KC
Sample_007_Region,130725-sample_1_lv_0046706_007,1,7.011322,10.129595,0,302,Undifferentiated_KC
Sample_007_Region,130726-sample_1_lv_0046706_007,6,13.93608,15.137818,0,227,Undifferentiated_KC
Sample_007_Region,130727-sample_1_lv_0046706_007,17,3.9722114,10.795905,0,161,Undifferentiated_KC
Sample_007_Region,130728-sample_1_lv_0046706_007,6,13.377536,14.929222,0,644,Undifferentiated_KC
Sample_007_Region,130729-sample_1_lv_0046706_007,31,10.951377,-1.4580786,0,338,Undifferentiated_KC
Sample_007_Region,130730-sample_1_lv_0046706_007,1,6.524749,10.092785,0,371,Undifferentiated_KC
Sample_007_Region,130731-sample_1_lv_0046706_007,6,14.511972,16.223814,0,367,Undifferentiated_KC
Sample_007_Region,130732-sample_1_lv_0046706_007,6,13.5025425,16.409565,0,924,Undifferentiated_KC
Sample_007_Region,130733-sample_1_lv_0046706_007,4,15.695941,8.069603,0,521,Undifferentiated_KC
Sample_007_Region,130734-sample_1_lv_0046706_007,17,3.793258,10.950815,0,459,Undifferentiated_KC
Sample_007_Region,130736-sample_1_lv_0046706_007,17,1.6229897,13.534223,0,381,Undifferentiated_KC
Sample_007_Region,130737-sample_1_lv_0046706_007,17,1.7553197,13.864174,0,346,Undifferentiated_KC
Sample_007_Region,130738-sample_1_lv_0046706_007,6,14.567858,14.546227,0,406,Undifferentiated_KC
Sample_007_Region,130739-sample_1_lv_0046706_007,23,6.061679,17.99495,0,772,Undifferentiated_KC
Sample_007_Region,130741-sample_1_lv_0046706_007,6,13.895849,15.603234,0,397,Undifferentiated_KC
Sample_007_Region,130742-sample_1_lv_0046706_007,17,2.244153,13.998752,0,182,Undifferentiated_KC
Sample_007_Region,130743-sample_1_lv_0046706_007,17,3.2223241,14.121867,0,81,Undifferentiated_KC
Sample_007_Region,130744-sample_1_lv_0046706_007,6,13.595757,14.483219,0,625,Undifferentiated_KC
Sample_007_Region,130745-sample_1_lv_0046706_007,6,13.626863,16.463722,0,656,Undifferentiated_KC
Sample_007_Region,130746-sample_1_lv_0046706_007,0,-5.028312,8.314349,0,86,F1
Sample_007_Region,130747-sample_1_lv_0046706_007,3,9.033958,4.8375745,0,382,Undifferentiated_KC
Sample_007_Region,130748-sample_1_lv_0046706_007,1,7.2955604,10.097743,0,847,Undifferentiated_KC
Sample_007_Region,130749-sample_1_lv_0046706_007,4,15.300478,10.0168085,0,777,Undifferentiated_KC
Sample_007_Region,130750-sample_1_lv_0046706_007,17,4.24106,10.506321,0,450,Undifferentiated_KC
Sample_007_Region,130751-sample_1_lv_0046706_007,3,9.026201,4.9382353,0,90,Undifferentiated_KC
Sample_007_Region,130752-sample_1_lv_0046706_007,4,16.180206,9.472724,0,84,Macro_1
Sample_007_Region,130753-sample_1_lv_0046706_007,0,-3.4222367,7.0031395,0,51,F1
Sample_007_Region,130754-sample_1_lv_0046706_007,16,5.1819186,7.0015774,0,251,F1
Sample_007_Region,130755-sample_1_lv_0046706_007,32,1.1772462,10.006501,0,35,F1
Sample_007_Region,130756-sample_1_lv_0046706_007,14,11.421227,3.8373547,0,160,Inf_mac
Sample_007_Region,130757-sample_1_lv_0046706_007,17,4.066727,10.769698,0,499,Undifferentiated_KC
Sample_007_Region,130758-sample_1_lv_0046706_007,17,2.017554,13.941799,0,211,Undifferentiated_KC
Sample_007_Region,130759-sample_1_lv_0046706_007,6,13.31823,16.703693,0,172,Undifferentiated_KC
Sample_007_Region,130760-sample_1_lv_0046706_007,6,13.307833,16.800648,0,348,Undifferentiated_KC
Sample_007_Region,130761-sample_1_lv_0046706_007,1,6.343213,10.218137,0,363,Undifferentiated_KC
Sample_007_Region,130762-sample_1_lv_0046706_007,17,3.6030715,11.221479,0,158,Undifferentiated_KC
Sample_007_Region,130763-sample_1_lv_0046706_007,6,14.497889,14.425254,0,870,Undifferentiated_KC
Sample_007_Region,130764-sample_1_lv_0046706_007,6,13.570861,14.603537,0,996,Undifferentiated_KC
Sample_007_Region,130765-sample_1_lv_0046706_007,3,9.117702,4.8394213,0,625,Undifferentiated_KC
Sample_007_Region,130766-sample_1_lv_0046706_007,6,14.118918,16.414587,0,569,Undifferentiated_KC
Sample_007_Region,130768-sample_1_lv_0046706_007,4,7.3521814,9.099598,0,864,Undifferentiated_KC
Sample_007_Region,130771-sample_1_lv_0046706_007,6,14.029181,15.72573,0,520,Undifferentiated_KC
Sample_007_Region,130772-sample_1_lv_0046706_007,1,6.5486913,10.245298,0,402,Undifferentiated_KC
Sample_007_Region,130778-sample_1_lv_0046706_007,6,13.510329,16.60767,0,341,Undifferentiated_KC
Sample_007_Region,130793-sample_1_lv_0046706_007,6,13.963604,15.610421,0,578,Undifferentiated_KC
Sample_007_Region,130794-sample_1_lv_0046706_007,6,14.444886,14.451583,0,283,Undifferentiated_KC
Sample_007_Region,130795-sample_1_lv_0046706_007,6,14.451044,15.431403,0,768,Undifferentiated_KC
Sample_007_Region,130796-sample_1_lv_0046706_007,6,14.775128,16.50756,0,620,F1
Sample_007_Region,130797-sample_1_lv_0046706_007,17,3.4872818,10.995082,0,123,Undifferentiated_KC
Sample_007_Region,130798-sample_1_lv_0046706_007,6,14.64384,16.468666,0,189,Inf_mac
Sample_007_Region,130802-sample_1_lv_0046706_007,6,14.635149,16.048096,0,784,Undifferentiated_KC
Sample_007_Region,130803-sample_1_lv_0046706_007,1,6.87376,10.155219,0,1212,Undifferentiated_KC
Sample_007_Region,130804-sample_1_lv_0046706_007,6,14.71354,14.657229,0,1029,Undifferentiated_KC
Sample_007_Region,130805-sample_1_lv_0046706_007,0,-5.911144,6.0044622,0,109,F1
Sample_007_Region,130806-sample_1_lv_0046706_007,17,4.573636,10.119712,0,333,Undifferentiated_KC
Sample_007_Region,130807-sample_1_lv_0046706_007,6,14.668825,16.272211,0,978,Undifferentiated_KC
Sample_007_Region,130808-sample_1_lv_0046706_007,7,6.4672856,9.295156,0,383,Undifferentiated_KC
Sample_007_Region,130809-sample_1_lv_0046706_007,6,14.608952,16.101328,0,735,Undifferentiated_KC
Sample_007_Region,130810-sample_1_lv_0046706_007,6,14.519976,16.1779,0,521,Undifferentiated_KC
Sample_007_Region,130811-sample_1_lv_0046706_007,0,-6.342933,6.891409,0,26,F1
Sample_007_Region,130812-sample_1_lv_0046706_007,17,4.182096,10.551369,0,279,Undifferentiated_KC
Sample_007_Region,130813-sample_1_lv_0046706_007,1,6.7583113,10.175472,0,347,Undifferentiated_KC
Sample_007_Region,130814-sample_1_lv_0046706_007,6,13.791725,14.400738,0,612,Undifferentiated_KC
Sample_007_Region,130815-sample_1_lv_0046706_007,19,20.22117,13.806058,0,386,Undifferentiated_KC
Sample_007_Region,130816-sample_1_lv_0046706_007,6,14.5459385,15.497539,0,681,Undifferentiated_KC
Sample_007_Region,130817-sample_1_lv_0046706_007,6,13.883434,14.392234,0,187,Undifferentiated_KC
Sample_007_Region,130818-sample_1_lv_0046706_007,3,9.320483,5.0827713,0,607,Undifferentiated_KC
Sample_007_Region,130819-sample_1_lv_0046706_007,1,7.178064,10.167923,0,654,Undifferentiated_KC
Sample_007_Region,130820-sample_1_lv_0046706_007,6,14.543864,16.364931,0,785,Undifferentiated_KC
Sample_007_Region,130821-sample_1_lv_0046706_007,17,2.4792533,9.7691145,0,42,Undifferentiated_KC
Sample_007_Region,130822-sample_1_lv_0046706_007,17,2.6352541,13.10389,0,200,Undifferentiated_KC
Sample_007_Region,130823-sample_1_lv_0046706_007,4,15.486511,7.3960094,0,139,Undifferentiated_KC
Sample_007_Region,130824-sample_1_lv_0046706_007,1,6.994051,10.079273,0,1190,Undifferentiated_KC
Sample_007_Region,130825-sample_1_lv_0046706_007,6,14.587558,14.459924,0,483,Undifferentiated_KC
Sample_007_Region,130826-sample_1_lv_0046706_007,23,6.2520595,18.157549,0,720,Undifferentiated_KC
Sample_007_Region,130827-sample_1_lv_0046706_007,7,15.564881,11.444732,0,828,Undifferentiated_KC
Sample_007_Region,130828-sample_1_lv_0046706_007,0,-4.7681994,9.189466,0,80,Pericyte_1
Sample_007_Region,130829-sample_1_lv_0046706_007,1,7.193117,10.217562,0,707,Undifferentiated_KC
Sample_007_Region,130830-sample_1_lv_0046706_007,23,6.0974727,18.009012,0,476,Undifferentiated_KC
Sample_007_Region,130831-sample_1_lv_0046706_007,16,5.9621983,7.037512,0,65,Undifferentiated_KC
Sample_007_Region,130832-sample_1_lv_0046706_007,21,16.533112,19.897152,0,676,Undifferentiated_KC
Sample_007_Region,130833-sample_1_lv_0046706_007,17,3.9421322,10.929796,0,430,Undifferentiated_KC
Sample_007_Region,130834-sample_1_lv_0046706_007,1,6.615078,10.208845,0,458,Undifferentiated_KC
Sample_007_Region,130835-sample_1_lv_0046706_007,21,16.709673,18.035254,0,610,Undifferentiated_KC
Sample_007_Region,130836-sample_1_lv_0046706_007,6,13.165401,16.729858,0,172,Undifferentiated_KC
Sample_007_Region,130837-sample_1_lv_0046706_007,6,14.377826,14.790428,0,1032,Undifferentiated_KC
Sample_007_Region,130838-sample_1_lv_0046706_007,4,15.59951,9.841694,0,775,Undifferentiated_KC
Sample_007_Region,130839-sample_1_lv_0046706_007,1,6.692292,10.091855,0,514,Undifferentiated_KC
Sample_007_Region,130840-sample_1_lv_0046706_007,4,7.442579,9.167706,0,568,Undifferentiated_KC
Sample_007_Region,130841-sample_1_lv_0046706_007,6,13.478918,16.353996,0,795,Undifferentiated_KC
Sample_007_Region,130842-sample_1_lv_0046706_007,0,-3.581455,6.7432065,0,62,F1
Sample_007_Region,130843-sample_1_lv_0046706_007,30,20.503326,4.857426,0,62,F1
Sample_007_Region,130844-sample_1_lv_0046706_007,0,-4.623005,8.310136,0,24,LE2
Sample_007_Region,130845-sample_1_lv_0046706_007,0,-2.7019098,5.8678384,0,24,F1
Sample_007_Region,130846-sample_1_lv_0046706_007,0,-4.8065214,5.790149,0,8,F1
Sample_007_Region,130847-sample_1_lv_0046706_007,0,-4.7048297,7.0886264,0,120,F3
Sample_007_Region,130848-sample_1_lv_0046706_007,5,13.635054,5.1234612,0,60,LE2
Sample_007_Region,130849-sample_1_lv_0046706_007,0,-5.3457947,6.74748,0,59,LE1
Sample_007_Region,130850-sample_1_lv_0046706_007,0,-7.0586824,7.123995,0,15,F1
Sample_007_Region,130851-sample_1_lv_0046706_007,20,16.243528,14.708038,0,70,Th
Sample_007_Region,130852-sample_1_lv_0046706_007,0,-5.8444133,7.3142624,0,24,F1
Sample_007_Region,130853-sample_1_lv_0046706_007,5,13.636332,5.1179795,0,132,moDC
Sample_007_Region,130854-sample_1_lv_0046706_007,0,-4.970918,5.1773868,0,149,Undifferentiated_KC
Sample_007_Region,130855-sample_1_lv_0046706_007,0,-4.3361692,8.12898,0,100,Undifferentiated_KC
Sample_007_Region,130856-sample_1_lv_0046706_007,0,-5.1370034,7.1425285,0,15,F1
Sample_007_Region,130857-sample_1_lv_0046706_007,0,-6.225416,6.140009,0,47,Pericyte_1
Sample_007_Region,130858-sample_1_lv_0046706_007,20,16.218193,14.330103,0,36,F3
Sample_007_Region,130859-sample_1_lv_0046706_007,16,6.8933377,7.5884724,0,86,F1
Sample_007_Region,130860-sample_1_lv_0046706_007,17,3.290879,13.923533,0,139,F1
Sample_007_Region,130861-sample_1_lv_0046706_007,0,-5.0864167,7.1720476,0,51,Th
Sample_007_Region,130862-sample_1_lv_0046706_007,0,-4.9514055,7.0063424,0,0,Differentiated_KC
Sample_007_Region,130863-sample_1_lv_0046706_007,16,5.5195136,7.6335826,0,135,F1
Sample_007_Region,130864-sample_1_lv_0046706_007,0,-3.9621997,6.4274664,0,8,F2
Sample_007_Region,130865-sample_1_lv_0046706_007,10,14.042888,11.051178,0,221,F3
Sample_007_Region,130866-sample_1_lv_0046706_007,10,13.680586,11.696672,0,7,Undifferentiated_KC
Sample_007_Region,130867-sample_1_lv_0046706_007,0,-5.620678,8.142173,0,100,Undifferentiated_KC
Sample_007_Region,130868-sample_1_lv_0046706_007,0,-4.143806,5.756153,0,3,VE1
Sample_007_Region,130869-sample_1_lv_0046706_007,16,6.7028775,6.789541,0,130,Pericyte_1
Sample_007_Region,130870-sample_1_lv_0046706_007,5,12.034837,5.384721,0,250,F3
Sample_007_Region,130871-sample_1_lv_0046706_007,5,11.952513,5.488819,0,250,F3
Sample_007_Region,130872-sample_1_lv_0046706_007,16,5.8585386,6.3648944,0,570,F3
Sample_007_Region,130873-sample_1_lv_0046706_007,0,-4.817657,8.856734,0,249,Pericyte_1
Sample_007_Region,130874-sample_1_lv_0046706_007,4,15.675949,9.7586565,0,29,Inf_mac
Sample_007_Region,130875-sample_1_lv_0046706_007,10,14.397645,10.819384,0,306,Th
Sample_007_Region,130876-sample_1_lv_0046706_007,0,-3.476164,7.6932454,0,6,F1
Sample_007_Region,130877-sample_1_lv_0046706_007,0,-4.590384,5.7640715,0,18,F1
Sample_007_Region,130878-sample_1_lv_0046706_007,0,-6.2909436,8.443588,0,47,Th
Sample_007_Region,130879-sample_1_lv_0046706_007,29,5.5828724,4.0605407,0,162,Mono_mac
Sample_007_Region,130880-sample_1_lv_0046706_007,8,11.727379,0.6657771,0,280,F1
Sample_007_Region,130881-sample_1_lv_0046706_007,4,15.749231,9.194864,0,40,F3
Sample_007_Region,130882-sample_1_lv_0046706_007,8,13.322553,0.47120515,0,240,F3
Sample_007_Region,130883-sample_1_lv_0046706_007,0,-2.6151016,7.276614,0,54,Macro_1
Sample_007_Region,130884-sample_1_lv_0046706_007,0,-4.2734985,7.130366,0,129,Undifferentiated_KC
Sample_007_Region,130885-sample_1_lv_0046706_007,0,-4.1897173,7.0970783,0,32,F1
Sample_007_Region,130886-sample_1_lv_0046706_007,17,3.793108,12.989713,0,73,F1
Sample_007_Region,130927-sample_1_lv_0046706_007,1,7.1021724,10.052683,0,602,Undifferentiated_KC
Sample_007_Region,130928-sample_1_lv_0046706_007,0,-4.440529,6.715723,0,79,Undifferentiated_KC
Sample_007_Region,130929-sample_1_lv_0046706_007,6,14.609519,16.249205,0,901,Undifferentiated_KC
Sample_007_Region,130930-sample_1_lv_0046706_007,1,7.222945,10.2126,0,891,Undifferentiated_KC
Sample_007_Region,130931-sample_1_lv_0046706_007,1,6.3565702,10.230583,0,185,Undifferentiated_KC
Sample_007_Region,130932-sample_1_lv_0046706_007,17,3.865535,11.125768,0,150,Undifferentiated_KC
Sample_007_Region,130933-sample_1_lv_0046706_007,17,3.8343093,11.05611,0,126,Undifferentiated_KC
Sample_007_Region,130934-sample_1_lv_0046706_007,17,3.919358,12.236898,0,338,Undifferentiated_KC
Sample_007_Region,130935-sample_1_lv_0046706_007,6,12.729873,13.683658,0,244,Undifferentiated_KC
Sample_007_Region,130936-sample_1_lv_0046706_007,0,-3.5305238,7.9300184,0,89,Undifferentiated_KC
Sample_007_Region,130937-sample_1_lv_0046706_007,3,9.208666,5.198054,0,216,Undifferentiated_KC
Sample_007_Region,130938-sample_1_lv_0046706_007,17,4.9497185,9.802269,0,289,Undifferentiated_KC
Sample_007_Region,130939-sample_1_lv_0046706_007,1,6.2739735,10.231315,0,104,Undifferentiated_KC
Sample_007_Region,130942-sample_1_lv_0046706_007,0,-5.910287,9.181219,0,8,Differentiated_KC
Sample_007_Region,130951-sample_1_lv_0046706_007,1,6.43603,10.196058,0,290,Undifferentiated_KC
Sample_007_Region,130952-sample_1_lv_0046706_007,21,16.358027,17.683428,0,186,Undifferentiated_KC
Sample_007_Region,130954-sample_1_lv_0046706_007,21,16.672565,18.048626,0,179,Undifferentiated_KC
Sample_007_Region,130955-sample_1_lv_0046706_007,1,6.307199,10.186652,0,214,Undifferentiated_KC
Sample_007_Region,130962-sample_1_lv_0046706_007,6,14.43979,16.040344,0,472,Undifferentiated_KC
Sample_007_Region,130963-sample_1_lv_0046706_007,6,14.417948,16.32868,0,705,Undifferentiated_KC
Sample_007_Region,130964-sample_1_lv_0046706_007,13,8.582324,11.973938,0,712,Undifferentiated_KC
Sample_007_Region,130965-sample_1_lv_0046706_007,1,6.593902,10.060047,0,308,Undifferentiated_KC
Sample_007_Region,130966-sample_1_lv_0046706_007,6,14.4863615,16.323824,0,337,Undifferentiated_KC
Sample_007_Region,130967-sample_1_lv_0046706_007,31,10.02712,-2.7723782,0,92,Undifferentiated_KC
Sample_007_Region,130968-sample_1_lv_0046706_007,0,-4.249145,6.234214,0,92,Inf_mac
Sample_007_Region,130969-sample_1_lv_0046706_007,0,-7.003217,7.4439907,0,36,F1
Sample_007_Region,130970-sample_1_lv_0046706_007,10,13.625017,11.1622095,0,29,F1
Sample_007_Region,130971-sample_1_lv_0046706_007,0,-3.3051863,5.4523234,0,20,F1
Sample_007_Region,130972-sample_1_lv_0046706_007,31,9.145487,-2.7981205,0,13,F1
Sample_007_Region,130973-sample_1_lv_0046706_007,17,3.7671137,14.157676,0,88,F1
Sample_007_Region,130974-sample_1_lv_0046706_007,0,-4.0027742,9.292441,0,0,Differentiated_KC
Sample_007_Region,130975-sample_1_lv_0046706_007,17,3.82869,13.085756,0,136,Undifferentiated_KC
Sample_007_Region,130976-sample_1_lv_0046706_007,6,12.731651,15.566696,0,130,Undifferentiated_KC
Sample_007_Region,130977-sample_1_lv_0046706_007,6,14.5353985,16.351585,0,325,Undifferentiated_KC
Sample_007_Region,130978-sample_1_lv_0046706_007,1,11.82092,11.266395,0,48,Undifferentiated_KC
Sample_007_Region,130979-sample_1_lv_0046706_007,0,-4.5866766,6.2934203,0,7,F1
Sample_007_Region,130980-sample_1_lv_0046706_007,0,-6.060142,8.8884325,0,73,Undifferentiated_KC
Sample_007_Region,130981-sample_1_lv_0046706_007,6,12.186973,13.184961,0,230,Undifferentiated_KC
Sample_007_Region,130982-sample_1_lv_0046706_007,6,14.597976,15.392402,0,835,Undifferentiated_KC
Sample_007_Region,130983-sample_1_lv_0046706_007,6,13.654817,14.519181,0,624,Undifferentiated_KC
Sample_007_Region,130984-sample_1_lv_0046706_007,17,2.3001285,14.10749,0,110,Undifferentiated_KC
Sample_007_Region,130985-sample_1_lv_0046706_007,1,5.9061937,10.959107,0,187,Undifferentiated_KC
Sample_007_Region,130986-sample_1_lv_0046706_007,6,13.655628,16.457193,0,416,Undifferentiated_KC
Sample_007_Region,130987-sample_1_lv_0046706_007,6,13.2501335,13.661604,0,240,Undifferentiated_KC
Sample_007_Region,130988-sample_1_lv_0046706_007,17,4.0677466,11.681454,0,162,Undifferentiated_KC
Sample_007_Region,130989-sample_1_lv_0046706_007,6,13.5634575,16.584406,0,422,Undifferentiated_KC
Sample_007_Region,130990-sample_1_lv_0046706_007,6,14.564757,15.507322,0,487,Undifferentiated_KC
Sample_007_Region,130991-sample_1_lv_0046706_007,1,6.2882094,10.212713,0,159,Undifferentiated_KC
Sample_007_Region,130992-sample_1_lv_0046706_007,6,14.461901,15.984157,0,350,Undifferentiated_KC
Sample_007_Region,130993-sample_1_lv_0046706_007,6,13.19586,16.772953,0,466,Undifferentiated_KC
Sample_007_Region,130994-sample_1_lv_0046706_007,4,15.400013,7.533661,0,203,Undifferentiated_KC
Sample_007_Region,130995-sample_1_lv_0046706_007,6,13.463149,16.672998,0,625,Undifferentiated_KC
Sample_007_Region,130996-sample_1_lv_0046706_007,0,-3.6830957,9.129727,0,93,Undifferentiated_KC
Sample_007_Region,130997-sample_1_lv_0046706_007,17,3.714087,11.062176,0,177,Undifferentiated_KC
Sample_007_Region,130998-sample_1_lv_0046706_007,4,8.3673725,8.902688,0,313,Undifferentiated_KC
Sample_007_Region,130999-sample_1_lv_0046706_007,4,7.4536896,9.107721,0,853,Undifferentiated_KC
Sample_007_Region,131000-sample_1_lv_0046706_007,6,13.16972,16.736015,0,155,Undifferentiated_KC
Sample_007_Region,131001-sample_1_lv_0046706_007,6,14.525066,16.181862,0,529,Undifferentiated_KC
Sample_007_Region,131002-sample_1_lv_0046706_007,1,6.2944775,10.116695,0,117,Undifferentiated_KC
Sample_007_Region,131003-sample_1_lv_0046706_007,6,13.639272,16.517334,0,177,Undifferentiated_KC
Sample_007_Region,131004-sample_1_lv_0046706_007,4,15.665489,7.795988,0,350,Undifferentiated_KC
Sample_007_Region,131005-sample_1_lv_0046706_007,6,14.698053,16.122288,0,701,Undifferentiated_KC
Sample_007_Region,131006-sample_1_lv_0046706_007,6,13.0666,16.767084,0,244,Undifferentiated_KC
Sample_007_Region,131007-sample_1_lv_0046706_007,6,13.741911,16.534204,0,392,Undifferentiated_KC
Sample_007_Region,131008-sample_1_lv_0046706_007,6,14.570713,16.373472,0,135,Undifferentiated_KC
Sample_007_Region,131009-sample_1_lv_0046706_007,6,14.667613,16.439426,0,299,Undifferentiated_KC
Sample_007_Region,131010-sample_1_lv_0046706_007,1,7.1351457,10.162957,0,583,Undifferentiated_KC
Sample_007_Region,131011-sample_1_lv_0046706_007,21,16.329638,17.667404,0,184,Undifferentiated_KC
Sample_007_Region,131012-sample_1_lv_0046706_007,1,6.592485,10.158698,0,311,Undifferentiated_KC
Sample_007_Region,131013-sample_1_lv_0046706_007,4,15.595848,8.29983,0,467,Undifferentiated_KC
Sample_007_Region,131014-sample_1_lv_0046706_007,6,14.752508,16.532997,0,139,Undifferentiated_KC
Sample_007_Region,131015-sample_1_lv_0046706_007,6,13.639237,14.482794,0,155,Undifferentiated_KC
Sample_007_Region,131016-sample_1_lv_0046706_007,6,13.7195,16.56787,0,213,Undifferentiated_KC
Sample_007_Region,131017-sample_1_lv_0046706_007,6,12.610803,15.355954,0,73,Undifferentiated_KC
Sample_007_Region,131018-sample_1_lv_0046706_007,6,14.588373,16.16107,0,408,Undifferentiated_KC
Sample_007_Region,131019-sample_1_lv_0046706_007,6,14.501565,15.658109,0,220,Undifferentiated_KC
Sample_007_Region,131020-sample_1_lv_0046706_007,0,-5.8397846,6.358564,0,9,Th
Sample_007_Region,131021-sample_1_lv_0046706_007,17,1.7915641,8.312523,0,12,Differentiated_KC
Sample_007_Region,131022-sample_1_lv_0046706_007,0,-5.930058,7.1622086,0,24,Undifferentiated_KC
Sample_007_Region,131023-sample_1_lv_0046706_007,17,3.802521,12.945762,0,79,Undifferentiated_KC
Sample_007_Region,131024-sample_1_lv_0046706_007,6,15.231282,17.061625,0,229,Undifferentiated_KC
Sample_007_Region,131025-sample_1_lv_0046706_007,10,14.326377,10.680227,0,508,Undifferentiated_KC
Sample_007_Region,131026-sample_1_lv_0046706_007,3,9.0949745,4.9284067,0,407,Undifferentiated_KC
Sample_007_Region,131027-sample_1_lv_0046706_007,6,13.726023,16.522352,0,175,Undifferentiated_KC
Sample_007_Region,131028-sample_1_lv_0046706_007,1,5.718809,11.100925,0,194,Undifferentiated_KC
Sample_007_Region,131029-sample_1_lv_0046706_007,29,2.524997,3.2334669,0,280,Undifferentiated_KC
Sample_007_Region,131030-sample_1_lv_0046706_007,6,14.678081,16.474398,0,248,Undifferentiated_KC
Sample_007_Region,131031-sample_1_lv_0046706_007,21,16.137886,17.554722,0,180,Undifferentiated_KC
Sample_007_Region,131032-sample_1_lv_0046706_007,10,13.277217,9.981748,0,75,F3
Sample_007_Region,131033-sample_1_lv_0046706_007,0,-4.766989,7.5073276,0,29,F3
Sample_007_Region,131034-sample_1_lv_0046706_007,0,-4.0508018,6.0603,0,26,F1
Sample_007_Region,131035-sample_1_lv_0046706_007,0,-2.2171776,6.1880536,0,38,F1
Sample_007_Region,131036-sample_1_lv_0046706_007,7,14.324558,12.872392,0,98,F1
Sample_007_Region,131037-sample_1_lv_0046706_007,0,-5.9520426,7.481194,0,41,Inf_mac
Sample_007_Region,131038-sample_1_lv_0046706_007,0,-4.3380017,7.661713,0,18,Undifferentiated_KC
Sample_007_Region,131039-sample_1_lv_0046706_007,10,13.443467,10.810931,0,130,F1
Sample_007_Region,131040-sample_1_lv_0046706_007,0,-5.711784,7.067914,0,36,Macro_1
Sample_007_Region,131041-sample_1_lv_0046706_007,4,16.107714,9.57305,0,79,F1
Sample_007_Region,131042-sample_1_lv_0046706_007,13,9.001741,10.585128,0,195,F1
Sample_007_Region,131043-sample_1_lv_0046706_007,0,-4.868286,8.247158,0,70,F3
Sample_007_Region,131044-sample_1_lv_0046706_007,0,-3.7400157,7.553426,0,99,Pericyte_1
Sample_007_Region,133085-sample_1_lv_0046706_007,0,-3.8472922,9.7013855,0,162,F1
Sample_007_Region,133086-sample_1_lv_0046706_007,0,-4.0015254,8.127938,0,182,F2
Sample_007_Region,133087-sample_1_lv_0046706_007,10,13.538147,10.1782255,0,370,Undifferentiated_KC
Sample_007_Region,133088-sample_1_lv_0046706_007,3,9.527908,5.9590406,0,284,F2
Sample_007_Region,133089-sample_1_lv_0046706_007,8,14.055868,-0.60723674,0,238,F2
Sample_007_Region,133090-sample_1_lv_0046706_007,0,-5.341347,6.0141454,0,10,VE2
Sample_007_Region,133091-sample_1_lv_0046706_007,0,-4.9340324,9.437437,0,5,VE2
Sample_007_Region,133092-sample_1_lv_0046706_007,0,-4.453163,5.1893525,0,143,Mono_mac
Sample_007_Region,133093-sample_1_lv_0046706_007,7,14.797492,12.298902,0,611,F2
Sample_007_Region,133094-sample_1_lv_0046706_007,0,-4.44534,6.974156,0,484,F1
Sample_007_Region,133095-sample_1_lv_0046706_007,28,8.915215,-7.2213874,0,46,F1
Sample_007_Region,133096-sample_1_lv_0046706_007,0,-4.239874,4.988943,0,41,Mono_mac
Sample_007_Region,133097-sample_1_lv_0046706_007,0,-5.8275986,5.5165973,0,328,F1
Sample_007_Region,133098-sample_1_lv_0046706_007,28,12.493565,-6.326383,0,162,F1
Sample_007_Region,133099-sample_1_lv_0046706_007,9,9.08125,14.856873,0,172,F2
Sample_007_Region,133100-sample_1_lv_0046706_007,0,-6.2020993,6.2709975,0,66,Th
Sample_007_Region,133101-sample_1_lv_0046706_007,0,-4.234216,4.9239964,0,42,F1
Sample_007_Region,133102-sample_1_lv_0046706_007,24,12.469211,-3.6420498,0,91,Mono_mac
Sample_007_Region,133103-sample_1_lv_0046706_007,20,17.155602,14.7211485,0,1188,F1
Sample_007_Region,133104-sample_1_lv_0046706_007,0,-5.1976314,7.829824,0,159,Undifferentiated_KC
Sample_007_Region,133105-sample_1_lv_0046706_007,0,-2.7722971,6.72376,0,4,Macro_1
Sample_007_Region,133106-sample_1_lv_0046706_007,24,13.673839,-4.1443467,0,39,F1
Sample_007_Region,133107-sample_1_lv_0046706_007,0,-4.3374114,5.97875,0,18,F1
Sample_007_Region,133108-sample_1_lv_0046706_007,0,-5.4064293,5.637419,0,12,F1
Sample_007_Region,133109-sample_1_lv_0046706_007,14,11.260029,3.5179393,0,96,F1
Sample_007_Region,133110-sample_1_lv_0046706_007,7,14.234656,13.014643,0,94,F1
Sample_007_Region,133111-sample_1_lv_0046706_007,0,-3.6259058,9.329914,0,242,F1
Sample_007_Region,133112-sample_1_lv_0046706_007,0,-2.6966622,7.9754853,0,20,F2
Sample_007_Region,133113-sample_1_lv_0046706_007,0,-5.135559,5.0287013,0,334,F2
Sample_007_Region,133114-sample_1_lv_0046706_007,13,8.7157955,12.425593,0,302,Th
Sample_007_Region,133115-sample_1_lv_0046706_007,0,-2.9362152,8.270013,0,86,F1
Sample_007_Region,133185-sample_1_lv_0046706_007,28,8.200068,-7.8201723,0,16,F1
Sample_007_Region,133186-sample_1_lv_0046706_007,27,0.6916608,2.2575366,0,18,Macro_1
Sample_007_Region,133187-sample_1_lv_0046706_007,0,-2.652164,5.8593388,0,6,F1
Sample_007_Region,133188-sample_1_lv_0046706_007,2,11.602948,6.6172533,0,163,Mono_mac
Sample_007_Region,133189-sample_1_lv_0046706_007,10,14.072612,9.961428,0,136,F3
Sample_007_Region,133190-sample_1_lv_0046706_007,2,10.705696,8.352798,0,230,Macro_1
Sample_007_Region,133191-sample_1_lv_0046706_007,11,12.84606,8.820431,0,744,F2
Sample_007_Region,133192-sample_1_lv_0046706_007,10,13.816582,9.858543,0,364,Mono_mac
Sample_007_Region,133193-sample_1_lv_0046706_007,0,-5.1112366,8.219663,0,529,Mono_mac
Sample_007_Region,133194-sample_1_lv_0046706_007,1,12.387011,10.490855,0,708,Th
Sample_007_Region,133195-sample_1_lv_0046706_007,11,11.241214,10.081102,0,153,F1
Sample_007_Region,133196-sample_1_lv_0046706_007,24,11.773541,-2.7670572,0,132,F3
Sample_007_Region,133197-sample_1_lv_0046706_007,20,17.119349,14.323644,0,437,F1
Sample_007_Region,133198-sample_1_lv_0046706_007,13,10.565274,11.536672,0,189,F2
Sample_007_Region,133199-sample_1_lv_0046706_007,1,12.184317,10.209918,0,458,F1
Sample_007_Region,133200-sample_1_lv_0046706_007,2,11.868018,7.0249767,0,111,Mono_mac
Sample_007_Region,133201-sample_1_lv_0046706_007,8,11.859559,0.5588056,0,353,F2
Sample_007_Region,133202-sample_1_lv_0046706_007,12,13.605466,7.466253,0,51,Macro_1
Sample_007_Region,133203-sample_1_lv_0046706_007,15,8.00827,0.33615544,0,145,F3
Sample_007_Region,133204-sample_1_lv_0046706_007,2,11.460377,7.50521,0,45,Tc
Sample_007_Region,133205-sample_1_lv_0046706_007,8,11.852012,0.58309627,0,365,F3
Sample_007_Region,133206-sample_1_lv_0046706_007,20,16.272118,14.600457,0,37,F1
Sample_007_Region,133207-sample_1_lv_0046706_007,0,-4.875885,6.5474577,0,18,Mono_mac
Sample_007_Region,133208-sample_1_lv_0046706_007,7,14.161104,13.020515,0,12,Undifferentiated_KC
Sample_007_Region,133209-sample_1_lv_0046706_007,0,-6.2994823,6.3865795,0,8,F1
Sample_007_Region,133210-sample_1_lv_0046706_007,0,-2.2892258,7.560172,0,77,F1
Sample_007_Region,133211-sample_1_lv_0046706_007,0,-3.4173343,9.138973,0,42,F1
Sample_007_Region,133212-sample_1_lv_0046706_007,26,8.5291815,-4.365767,0,62,Th
Sample_007_Region,133213-sample_1_lv_0046706_007,12,13.580866,6.252261,0,22,F1
Sample_007_Region,133214-sample_1_lv_0046706_007,0,-6.261846,6.2166543,0,73,F1
Sample_007_Region,133215-sample_1_lv_0046706_007,24,11.764364,-2.5831773,0,199,Th
Sample_007_Region,133216-sample_1_lv_0046706_007,0,-6.462686,8.478756,0,97,Mono_mac
Sample_007_Region,133217-sample_1_lv_0046706_007,25,9.3725,22.037401,0,221,F2
Sample_007_Region,133218-sample_1_lv_0046706_007,0,-5.8345304,7.4996643,0,18,Th
Sample_007_Region,133219-sample_1_lv_0046706_007,0,-4.075863,5.176857,0,42,Mono_mac
Sample_007_Region,133220-sample_1_lv_0046706_007,0,-2.8869176,8.759748,0,217,Pericyte_1
Sample_007_Region,133221-sample_1_lv_0046706_007,0,-3.4959097,9.152788,0,141,F1
Sample_007_Region,133222-sample_1_lv_0046706_007,0,-3.634769,6.7021875,0,116,Mono_mac
Sample_007_Region,133223-sample_1_lv_0046706_007,0,-3.791792,9.5395355,0,319,F3
Sample_007_Region,133224-sample_1_lv_0046706_007,0,-3.8655813,6.7155547,0,68,F1
Sample_007_Region,133225-sample_1_lv_0046706_007,0,-3.4285076,6.777309,0,69,Mono_mac
Sample_007_Region,133226-sample_1_lv_0046706_007,7,5.6519356,8.590476,0,78,F2
Sample_007_Region,133227-sample_1_lv_0046706_007,0,-4.8707433,7.2655644,0,101,Pericyte_1
Sample_007_Region,133228-sample_1_lv_0046706_007,26,9.015195,-5.3113055,0,48,F3
Sample_007_Region,133229-sample_1_lv_0046706_007,16,5.2777314,7.4046364,0,200,F3
Sample_007_Region,133230-sample_1_lv_0046706_007,0,-4.2432313,6.675077,0,210,Pericyte_1
Sample_007_Region,133231-sample_1_lv_0046706_007,0,-3.2483885,5.679343,0,224,Pericyte_1
Sample_007_Region,133232-sample_1_lv_0046706_007,0,-4.146792,7.84427,0,43,Pericyte_1
Sample_007_Region,133233-sample_1_lv_0046706_007,20,16.966526,14.278223,0,212,F3
Sample_007_Region,133234-sample_1_lv_0046706_007,0,-4.7366548,7.3999543,0,15,Th
Sample_007_Region,133235-sample_1_lv_0046706_007,0,-4.4282947,4.997665,0,49,MigDC
Sample_007_Region,133236-sample_1_lv_0046706_007,17,3.7912085,13.770896,0,73,F3
Sample_007_Region,133237-sample_1_lv_0046706_007,0,-5.1278787,6.1451087,0,69,Pericyte_1
Sample_007_Region,133238-sample_1_lv_0046706_007,0,-3.2222657,7.8106465,0,85,F1
Sample_007_Region,133239-sample_1_lv_0046706_007,0,-5.58944,8.861904,0,225,Mono_mac
Sample_007_Region,133240-sample_1_lv_0046706_007,0,-6.0422716,8.556291,0,97,Pericyte_1
Sample_007_Region,133241-sample_1_lv_0046706_007,17,3.4692843,14.124917,0,53,Mono_mac
Sample_007_Region,133242-sample_1_lv_0046706_007,4,16.180664,9.531778,0,82,F1
Sample_007_Region,133243-sample_1_lv_0046706_007,0,-4.9133806,7.521293,0,0,Differentiated_KC
Sample_007_Region,133248-sample_1_lv_0046706_007,0,-5.2132416,5.3575754,0,62,Pericyte_1
Sample_007_Region,133249-sample_1_lv_0046706_007,0,-4.273924,7.7394214,0,5,Tc
Sample_007_Region,133250-sample_1_lv_0046706_007,0,-5.401825,6.9563274,0,62,VE3
Sample_007_Region,133251-sample_1_lv_0046706_007,0,-6.0242896,8.292398,0,27,F1
Sample_007_Region,133252-sample_1_lv_0046706_007,0,-3.28223,6.16304,0,47,F1
Sample_007_Region,133253-sample_1_lv_0046706_007,4,15.420223,8.500271,0,29,F1
Sample_007_Region,133255-sample_1_lv_0046706_007,13,7.636923,12.086669,0,68,F3
Sample_007_Region,133256-sample_1_lv_0046706_007,0,-4.0050597,7.380166,0,68,F3
Sample_007_Region,133259-sample_1_lv_0046706_007,0,-3.790335,6.276954,0,72,Th
Sample_007_Region,133260-sample_1_lv_0046706_007,0,-5.230174,6.783468,0,76,F1
Sample_007_Region,133273-sample_1_lv_0046706_007,0,-3.9006057,8.7151575,0,60,LE1
Sample_007_Region,133274-sample_1_lv_0046706_007,0,-3.6801994,5.1192317,0,3,Macro_1
Sample_007_Region,133275-sample_1_lv_0046706_007,18,18.387081,2.5875733,0,21,F1
Sample_007_Region,133276-sample_1_lv_0046706_007,17,2.127711,8.9090185,0,27,F1
Sample_007_Region,133277-sample_1_lv_0046706_007,0,-2.8624902,8.078444,0,12,F2
Sample_007_Region,133278-sample_1_lv_0046706_007,0,-6.208698,9.0896,0,0,Differentiated_KC
Sample_007_Region,133279-sample_1_lv_0046706_007,16,5.505986,7.9483743,0,44,F1
Sample_007_Region,133280-sample_1_lv_0046706_007,0,-3.8487432,7.06041,0,15,Macro_1
Sample_007_Region,133281-sample_1_lv_0046706_007,10,13.611753,11.497501,0,23,F1
Sample_007_Region,133282-sample_1_lv_0046706_007,0,-6.1248255,7.210466,0,8,Differentiated_KC
Sample_007_Region,133283-sample_1_lv_0046706_007,0,-4.6717534,6.345759,0,46,F1
Sample_007_Region,133285-sample_1_lv_0046706_007,0,-3.857582,6.807464,0,0,Differentiated_KC
Sample_007_Region,133286-sample_1_lv_0046706_007,0,-2.5911033,8.059967,0,3,F1
Sample_007_Region,133287-sample_1_lv_0046706_007,0,-4.5165687,8.281312,0,1,Treg
Sample_007_Region,133288-sample_1_lv_0046706_007,17,3.9851346,11.948768,0,39,F1
Sample_007_Region,133289-sample_1_lv_0046706_007,7,14.5853815,12.745671,0,50,Macro_1
Sample_007_Region,133290-sample_1_lv_0046706_007,17,1.7012331,13.840007,0,248,F3
Sample_007_Region,133291-sample_1_lv_0046706_007,0,-6.5838413,7.3514,0,51,F1
Sample_007_Region,133292-sample_1_lv_0046706_007,0,-5.2396016,6.251627,0,0,Differentiated_KC
Sample_007_Region,133293-sample_1_lv_0046706_007,0,-4.664331,8.07868,0,6,Undifferentiated_KC
Sample_007_Region,133294-sample_1_lv_0046706_007,0,-4.3904014,9.019712,0,5,Undifferentiated_KC
Sample_007_Region,133295-sample_1_lv_0046706_007,0,-4.1045246,6.6799755,0,0,Differentiated_KC
Sample_007_Region,133296-sample_1_lv_0046706_007,0,-5.260783,7.665086,0,1,F1
Sample_007_Region,133297-sample_1_lv_0046706_007,0,-3.1684127,6.498069,0,2,Undifferentiated_KC
Sample_007_Region,133298-sample_1_lv_0046706_007,0,-4.237896,5.060693,0,9,F1
Sample_007_Region,133299-sample_1_lv_0046706_007,34,1.9915476,15.90289,0,118,Th
Sample_007_Region,133300-sample_1_lv_0046706_007,0,-6.406698,5.4506025,0,2,Undifferentiated_KC
Sample_007_Region,133301-sample_1_lv_0046706_007,17,3.9712245,12.12902,0,117,F1
Sample_007_Region,133302-sample_1_lv_0046706_007,0,-5.304972,6.320106,0,11,F1
Sample_007_Region,133303-sample_1_lv_0046706_007,0,-2.6200922,8.021661,0,208,F1
Sample_007_Region,133304-sample_1_lv_0046706_007,10,14.101586,11.076795,0,174,F1
Sample_007_Region,133305-sample_1_lv_0046706_007,0,-5.05627,8.848043,0,43,F1
Sample_007_Region,133306-sample_1_lv_0046706_007,24,13.490751,-4.1056867,0,21,F1
Sample_007_Region,133307-sample_1_lv_0046706_007,0,-5.2306767,8.875122,0,1,F2
Sample_007_Region,133308-sample_1_lv_0046706_007,37,-2.5225976,8.914133,0,0,Differentiated_KC
Sample_007_Region,133309-sample_1_lv_0046706_007,0,-6.8961754,7.128863,0,20,F2
Sample_007_Region,133310-sample_1_lv_0046706_007,24,13.347168,-3.9706075,0,25,F1
Sample_007_Region,133311-sample_1_lv_0046706_007,23,6.5413766,18.399776,0,81,LE2
Sample_007_Region,133312-sample_1_lv_0046706_007,0,-6.0814157,7.443887,0,23,F1
Sample_007_Region,133313-sample_1_lv_0046706_007,0,-5.903021,7.193067,0,14,VE2
Sample_007_Region,133314-sample_1_lv_0046706_007,0,-6.858687,6.223384,0,21,F1
Sample_007_Region,133315-sample_1_lv_0046706_007,0,-3.7334569,8.804002,0,315,F2
Sample_007_Region,133316-sample_1_lv_0046706_007,0,-4.130827,8.999144,0,16,F1
Sample_007_Region,133317-sample_1_lv_0046706_007,0,-3.3330777,5.214269,0,99,F1
Sample_007_Region,133318-sample_1_lv_0046706_007,0,-2.6270206,8.540722,0,49,Th
Sample_007_Region,133319-sample_1_lv_0046706_007,0,-4.739543,6.8390455,0,6,F1
Sample_007_Region,133320-sample_1_lv_0046706_007,0,-3.3324065,6.337762,0,16,F1
Sample_007_Region,133321-sample_1_lv_0046706_007,20,16.067463,14.429305,0,61,F1
Sample_007_Region,133322-sample_1_lv_0046706_007,0,-6.130778,5.5925164,0,42,F1
Sample_007_Region,133323-sample_1_lv_0046706_007,0,-5.3761554,9.172854,0,72,Undifferentiated_KC
Sample_007_Region,133324-sample_1_lv_0046706_007,0,-5.2095222,5.931485,0,78,Th
Sample_007_Region,133325-sample_1_lv_0046706_007,4,15.036506,8.196569,0,81,LE2
Sample_007_Region,133326-sample_1_lv_0046706_007,4,15.929931,10.068417,0,75,LE2
Sample_007_Region,133327-sample_1_lv_0046706_007,25,9.20695,21.853212,0,51,F1
Sample_007_Region,133328-sample_1_lv_0046706_007,5,8.929148,1.9524646,0,38,LE2
Sample_007_Region,133329-sample_1_lv_0046706_007,0,-5.1554017,8.805644,0,13,F1
Sample_007_Region,133330-sample_1_lv_0046706_007,0,-4.5888443,6.1009574,0,17,F1
Sample_007_Region,133331-sample_1_lv_0046706_007,9,10.031992,13.607288,0,167,LE1
Sample_007_Region,133332-sample_1_lv_0046706_007,18,16.042913,3.6962178,0,120,F3
Sample_007_Region,133333-sample_1_lv_0046706_007,19,20.053692,11.220973,0,224,LE1
Sample_007_Region,133334-sample_1_lv_0046706_007,0,-4.85711,5.9095445,0,230,F2
Sample_007_Region,133335-sample_1_lv_0046706_007,4,16.228907,9.570823,0,81,F3
Sample_007_Region,133336-sample_1_lv_0046706_007,0,-3.0160532,7.4646764,0,30,F2
Sample_007_Region,133337-sample_1_lv_0046706_007,1,12.407463,10.250361,0,85,F3
Sample_007_Region,133338-sample_1_lv_0046706_007,0,-2.780878,8.575326,0,60,F1
Sample_007_Region,133339-sample_1_lv_0046706_007,1,12.351735,10.677616,0,138,Mono_mac
Sample_007_Region,133340-sample_1_lv_0046706_007,19,19.974983,11.277536,0,242,F3
Sample_007_Region,133341-sample_1_lv_0046706_007,19,19.99339,11.167752,0,301,F3
Sample_007_Region,133342-sample_1_lv_0046706_007,11,12.281784,8.81315,0,270,F3
Sample_007_Region,133343-sample_1_lv_0046706_007,3,10.787561,5.3130927,0,81,F3
Sample_007_Region,133344-sample_1_lv_0046706_007,3,11.618802,5.2151327,0,208,F3
Sample_007_Region,133345-sample_1_lv_0046706_007,0,-5.1247926,9.794833,0,18,F3
Sample_007_Region,133346-sample_1_lv_0046706_007,4,9.498489,7.030063,0,110,F3
Sample_007_Region,133347-sample_1_lv_0046706_007,26,8.644531,-4.662545,0,37,moDC
Sample_007_Region,133348-sample_1_lv_0046706_007,4,16.57337,6.8063927,0,20,F3
Sample_007_Region,133349-sample_1_lv_0046706_007,5,8.019934,2.359886,0,168,LE2
Sample_007_Region,133350-sample_1_lv_0046706_007,31,9.724316,-2.650533,0,110,F1
Sample_007_Region,133351-sample_1_lv_0046706_007,0,-5.3854146,5.535721,0,18,F3
Sample_007_Region,133352-sample_1_lv_0046706_007,10,13.619038,11.619123,0,10,Differentiated_KC
Sample_007_Region,133353-sample_1_lv_0046706_007,0,-6.0930357,8.036487,0,6,Th
Sample_007_Region,133354-sample_1_lv_0046706_007,0,-6.4677935,7.917214,0,45,F1
Sample_007_Region,133355-sample_1_lv_0046706_007,24,13.6543255,-4.170692,0,19,F3
Sample_007_Region,133356-sample_1_lv_0046706_007,23,6.3131886,18.460974,0,97,LE2
Sample_007_Region,133357-sample_1_lv_0046706_007,37,-2.2952948,8.874266,0,113,F1
Sample_007_Region,133358-sample_1_lv_0046706_007,19,19.926891,11.453363,0,46,F3
Sample_007_Region,133359-sample_1_lv_0046706_007,1,7.2464447,7.703911,0,56,F3
Sample_007_Region,133360-sample_1_lv_0046706_007,19,19.79699,11.356104,0,156,F3
Sample_007_Region,133361-sample_1_lv_0046706_007,0,-3.999073,9.7607565,0,7,F1
Sample_007_Region,133362-sample_1_lv_0046706_007,0,-5.15702,9.334704,0,29,F1
Sample_007_Region,133363-sample_1_lv_0046706_007,0,-6.0113482,7.994176,0,8,F1
Sample_007_Region,133364-sample_1_lv_0046706_007,0,-4.734865,8.444687,0,10,F1
Sample_007_Region,133365-sample_1_lv_0046706_007,0,-4.076805,5.7531204,0,35,F3
Sample_007_Region,133366-sample_1_lv_0046706_007,15,6.1628494,0.81880915,0,33,Th
Sample_007_Region,133367-sample_1_lv_0046706_007,0,-4.873789,10.147725,0,42,F1
Sample_007_Region,133368-sample_1_lv_0046706_007,10,14.742989,10.73946,0,222,Undifferentiated_KC
Sample_007_Region,133369-sample_1_lv_0046706_007,2,11.491606,6.1349664,0,65,F1
Sample_007_Region,133370-sample_1_lv_0046706_007,0,-5.5330224,7.9931464,0,134,F1
Sample_007_Region,133371-sample_1_lv_0046706_007,13,8.909192,11.814088,0,316,Mono_mac
Sample_007_Region,133372-sample_1_lv_0046706_007,0,-3.370004,7.6037073,0,25,F2
Sample_007_Region,133373-sample_1_lv_0046706_007,11,11.086092,9.17247,0,176,Mono_mac
Sample_007_Region,133374-sample_1_lv_0046706_007,30,16.500874,0.23264977,0,261,Pericyte_1
Sample_007_Region,133375-sample_1_lv_0046706_007,0,-5.6658974,8.152915,0,205,F3
Sample_007_Region,133376-sample_1_lv_0046706_007,0,-4.612162,6.043985,0,15,F1
Sample_007_Region,133377-sample_1_lv_0046706_007,8,12.693367,0.71264476,0,160,Mono_mac
Sample_007_Region,133378-sample_1_lv_0046706_007,0,-2.6369536,7.059148,0,92,F1
Sample_007_Region,133379-sample_1_lv_0046706_007,0,-4.6108613,7.8601093,0,276,F1
Sample_007_Region,133380-sample_1_lv_0046706_007,8,13.685334,0.41082782,0,144,Macro_1
Sample_007_Region,133381-sample_1_lv_0046706_007,3,5.1923823,4.7863774,0,257,Mono_mac
Sample_007_Region,133382-sample_1_lv_0046706_007,10,14.259216,9.742365,0,536,F3
Sample_007_Region,133383-sample_1_lv_0046706_007,24,12.456276,-3.6083076,0,71,F1
Sample_007_Region,133384-sample_1_lv_0046706_007,0,-5.9399033,6.6918917,0,267,F1
Sample_007_Region,133385-sample_1_lv_0046706_007,15,5.929532,3.0668166,0,91,VE2
Sample_007_Region,133386-sample_1_lv_0046706_007,19,20.014511,11.647411,0,185,LE1
Sample_007_Region,133387-sample_1_lv_0046706_007,4,14.537132,8.359817,0,126,F3
Sample_007_Region,133388-sample_1_lv_0046706_007,32,1.4150555,10.226488,0,601,Undifferentiated_KC
Sample_007_Region,133389-sample_1_lv_0046706_007,0,-3.8305364,8.553172,0,8,F1
Sample_007_Region,133390-sample_1_lv_0046706_007,0,-6.6424828,7.8591156,0,5,VE2
Sample_007_Region,133391-sample_1_lv_0046706_007,24,5.9065323,-2.433572,0,343,Th
Sample_007_Region,133392-sample_1_lv_0046706_007,2,12.188868,8.708892,0,203,Tc
Sample_007_Region,133393-sample_1_lv_0046706_007,23,6.9066443,18.581148,0,230,F1
Sample_007_Region,133394-sample_1_lv_0046706_007,19,20.094334,11.624016,0,215,F3
Sample_007_Region,133395-sample_1_lv_0046706_007,2,12.283852,7.0702863,0,23,Tc
Sample_007_Region,133396-sample_1_lv_0046706_007,15,3.4748037,7.092714,0,67,F3
Sample_007_Region,133397-sample_1_lv_0046706_007,2,12.004866,8.281801,0,143,Macro_1
Sample_007_Region,133398-sample_1_lv_0046706_007,4,14.397035,6.6225004,0,362,LE2
Sample_007_Region,133399-sample_1_lv_0046706_007,19,19.915281,11.562677,0,146,F3
Sample_007_Region,133400-sample_1_lv_0046706_007,19,20.046036,11.6522455,0,249,F3
Sample_007_Region,133401-sample_1_lv_0046706_007,19,19.969898,11.72243,0,479,F3
Sample_007_Region,133402-sample_1_lv_0046706_007,19,20.025963,11.931004,0,363,F3
Sample_007_Region,133403-sample_1_lv_0046706_007,13,8.799589,11.179413,0,177,Mono_mac
Sample_007_Region,133404-sample_1_lv_0046706_007,0,-5.2653613,7.484351,0,54,Macro_1
Sample_007_Region,133405-sample_1_lv_0046706_007,0,-6.788157,7.864169,0,5,VE2
Sample_007_Region,133406-sample_1_lv_0046706_007,0,-5.6010613,6.915339,0,4,Th
Sample_007_Region,133407-sample_1_lv_0046706_007,0,-3.9729612,7.1135235,0,6,VE2
Sample_007_Region,133408-sample_1_lv_0046706_007,0,-5.8569074,8.253643,0,581,Mono_mac
Sample_007_Region,133409-sample_1_lv_0046706_007,8,13.152894,1.0950638,0,324,LE2
Sample_007_Region,133410-sample_1_lv_0046706_007,30,7.1812563,-1.8389655,0,216,Macro_1
Sample_007_Region,133411-sample_1_lv_0046706_007,10,14.030553,10.051394,0,380,Undifferentiated_KC
Sample_007_Region,133412-sample_1_lv_0046706_007,24,8.904949,-0.5374888,0,85,Mono_mac
Sample_007_Region,133413-sample_1_lv_0046706_007,2,11.363028,6.480361,0,56,F3
Sample_007_Region,133414-sample_1_lv_0046706_007,0,-3.0434127,7.518573,0,205,F3
Sample_007_Region,133415-sample_1_lv_0046706_007,6,12.288529,13.039998,0,513,F1
Sample_007_Region,133416-sample_1_lv_0046706_007,3,7.6469693,4.8309,0,154,F3
Sample_007_Region,133417-sample_1_lv_0046706_007,10,13.989586,9.861964,0,304,Macro_1
Sample_007_Region,133418-sample_1_lv_0046706_007,0,-4.2833138,8.033415,0,6,Macro_1
Sample_007_Region,133419-sample_1_lv_0046706_007,31,11.143083,-2.2767642,0,195,F3
Sample_007_Region,133420-sample_1_lv_0046706_007,11,10.981603,9.941393,0,593,Mono_mac
Sample_007_Region,133421-sample_1_lv_0046706_007,0,-4.9602933,7.4683256,0,25,F1
Sample_007_Region,133422-sample_1_lv_0046706_007,0,-6.112265,6.3285275,0,9,F1
Sample_007_Region,133423-sample_1_lv_0046706_007,0,-3.3065033,7.7672977,0,60,Pericyte_1
Sample_007_Region,133424-sample_1_lv_0046706_007,0,-5.1341143,7.2558446,0,93,F3
Sample_007_Region,133425-sample_1_lv_0046706_007,0,-6.5006127,8.024354,0,300,F3
Sample_007_Region,133426-sample_1_lv_0046706_007,1,6.8978033,8.0070915,0,37,F3
Sample_007_Region,133427-sample_1_lv_0046706_007,8,11.861479,0.37566644,0,324,Undifferentiated_KC
Sample_007_Region,133428-sample_1_lv_0046706_007,0,-2.5010555,6.211498,0,41,F3
Sample_007_Region,133429-sample_1_lv_0046706_007,0,-4.8042874,6.7764883,0,158,F1
Sample_007_Region,133430-sample_1_lv_0046706_007,15,7.591716,1.6471783,0,83,F1
Sample_007_Region,133431-sample_1_lv_0046706_007,2,10.986244,8.047846,0,52,F3
Sample_007_Region,133432-sample_1_lv_0046706_007,20,17.086992,14.163727,0,36,F1
Sample_007_Region,133433-sample_1_lv_0046706_007,33,0.8756261,21.007566,0,106,F3
Sample_007_Region,133434-sample_1_lv_0046706_007,5,9.8292055,1.8234076,0,72,F3
Sample_007_Region,133435-sample_1_lv_0046706_007,8,15.120788,-0.53934306,0,78,Th
Sample_007_Region,133436-sample_1_lv_0046706_007,24,12.9693365,-3.8254397,0,33,Th
Sample_007_Region,133437-sample_1_lv_0046706_007,34,3.4693282,18.16486,0,17,F1
Sample_007_Region,133438-sample_1_lv_0046706_007,26,8.933332,-5.2439165,0,29,Tc
Sample_007_Region,133439-sample_1_lv_0046706_007,0,-3.0814066,5.255472,0,17,F1
Sample_007_Region,133440-sample_1_lv_0046706_007,0,-5.7562265,8.630673,0,38,F2
Sample_007_Region,133441-sample_1_lv_0046706_007,0,-3.2239425,7.838194,0,5,F1
Sample_007_Region,133442-sample_1_lv_0046706_007,0,-6.181751,6.5234866,0,18,Pericyte_1
Sample_007_Region,133443-sample_1_lv_0046706_007,0,-3.3665574,8.341457,0,2,Treg
Sample_007_Region,133444-sample_1_lv_0046706_007,0,-6.3913035,7.7973304,0,15,F1
Sample_007_Region,133445-sample_1_lv_0046706_007,18,18.20065,1.9937664,0,48,F3
Sample_007_Region,133446-sample_1_lv_0046706_007,18,18.492334,2.7078023,0,32,F1
Sample_007_Region,133447-sample_1_lv_0046706_007,0,-3.0992122,8.590544,0,149,Pericyte_1
Sample_007_Region,133448-sample_1_lv_0046706_007,0,-5.618009,5.2736373,0,68,F1
Sample_007_Region,133449-sample_1_lv_0046706_007,5,13.525087,5.201363,0,92,LE2
Sample_007_Region,133450-sample_1_lv_0046706_007,11,10.394115,10.254769,0,379,F1
Sample_007_Region,133451-sample_1_lv_0046706_007,0,-3.7234871,7.2850223,0,70,F1
Sample_007_Region,133452-sample_1_lv_0046706_007,0,-3.4193435,7.6109004,0,5,F1
Sample_007_Region,133453-sample_1_lv_0046706_007,0,-5.2128515,6.911271,0,6,F1
Sample_007_Region,133454-sample_1_lv_0046706_007,0,-6.5465126,7.7586384,0,21,F1
Sample_007_Region,133455-sample_1_lv_0046706_007,0,-5.107817,7.2107625,0,2,F1
Sample_007_Region,133456-sample_1_lv_0046706_007,0,-4.907606,7.737791,0,1,Differentiated_KC
Sample_007_Region,133457-sample_1_lv_0046706_007,0,-6.095055,6.0748944,0,9,F1
Sample_007_Region,133458-sample_1_lv_0046706_007,12,2.5956004,6.3237333,0,6,DC2
Sample_007_Region,133459-sample_1_lv_0046706_007,0,-4.8947883,7.2423058,0,10,F1
Sample_007_Region,133460-sample_1_lv_0046706_007,0,-5.9370427,7.7189026,0,1,Differentiated_KC
Sample_007_Region,133461-sample_1_lv_0046706_007,0,-6.434765,8.920915,0,5,F1
Sample_007_Region,133462-sample_1_lv_0046706_007,0,-6.8588443,6.787462,0,2,Treg
Sample_007_Region,133463-sample_1_lv_0046706_007,0,-3.8646195,5.311642,0,1,Undifferentiated_KC
Sample_007_Region,133464-sample_1_lv_0046706_007,8,12.30108,0.1315785,0,531,F1
Sample_007_Region,133465-sample_1_lv_0046706_007,4,15.211002,8.307248,0,120,LE2
Sample_007_Region,133466-sample_1_lv_0046706_007,19,19.91684,13.891026,0,49,Th
Sample_007_Region,133467-sample_1_lv_0046706_007,20,16.402426,14.8703785,0,81,F1
Sample_007_Region,133468-sample_1_lv_0046706_007,0,-6.219839,8.203126,0,14,Macro_1
Sample_007_Region,133469-sample_1_lv_0046706_007,0,-5.8095694,5.643925,0,0,Differentiated_KC
Sample_007_Region,133470-sample_1_lv_0046706_007,0,-5.9096246,9.214802,0,55,F1
Sample_007_Region,133471-sample_1_lv_0046706_007,0,-4.2165556,8.314022,0,35,F2
Sample_007_Region,133472-sample_1_lv_0046706_007,29,3.473922,4.3669367,0,46,F1
Sample_007_Region,133473-sample_1_lv_0046706_007,0,-6.5950565,7.7423816,0,108,F1
Sample_007_Region,133474-sample_1_lv_0046706_007,0,-2.6140673,5.7292905,0,0,Differentiated_KC
Sample_007_Region,133475-sample_1_lv_0046706_007,10,13.65248,10.878632,0,120,F3
Sample_007_Region,133476-sample_1_lv_0046706_007,0,-4.6006055,9.26064,0,24,Treg
Sample_007_Region,133477-sample_1_lv_0046706_007,0,-3.4570692,8.885688,0,184,Undifferentiated_KC
Sample_007_Region,133478-sample_1_lv_0046706_007,20,16.8699,14.659398,0,468,F2
Sample_007_Region,133479-sample_1_lv_0046706_007,0,-5.6386375,8.70157,0,124,F3
Sample_007_Region,133480-sample_1_lv_0046706_007,0,-4.1932306,8.258778,0,9,Differentiated_KC
Sample_007_Region,133481-sample_1_lv_0046706_007,0,-5.826902,5.746906,0,85,F1
Sample_007_Region,133482-sample_1_lv_0046706_007,0,-4.4380746,7.238541,0,12,Th
Sample_007_Region,133483-sample_1_lv_0046706_007,0,-2.3457031,7.526621,0,0,Differentiated_KC
Sample_007_Region,133484-sample_1_lv_0046706_007,0,-3.061074,5.8950267,0,1,Differentiated_KC
Sample_007_Region,133485-sample_1_lv_0046706_007,0,-5.0567617,5.015552,0,10,F1
Sample_007_Region,133486-sample_1_lv_0046706_007,0,-3.8220272,8.1189375,0,147,Undifferentiated_KC
Sample_007_Region,133487-sample_1_lv_0046706_007,0,-5.766703,7.444689,0,12,Macro_1
Sample_007_Region,133488-sample_1_lv_0046706_007,0,-5.057182,7.8979735,0,94,F1
Sample_007_Region,133489-sample_1_lv_0046706_007,0,-5.5611405,6.187966,0,8,Differentiated_KC
Sample_007_Region,133490-sample_1_lv_0046706_007,0,-5.7013597,7.3712506,0,91,F1
Sample_007_Region,133491-sample_1_lv_0046706_007,0,-5.2370963,6.0196877,0,1,F1
Sample_007_Region,133492-sample_1_lv_0046706_007,0,-4.987258,7.9580674,0,1,Th
Sample_007_Region,133493-sample_1_lv_0046706_007,0,-3.603276,7.1771994,0,0,Differentiated_KC
Sample_007_Region,133494-sample_1_lv_0046706_007,10,14.357046,10.774605,0,267,F1
Sample_007_Region,133495-sample_1_lv_0046706_007,23,6.2573824,18.265163,0,64,F3
Sample_007_Region,133496-sample_1_lv_0046706_007,17,3.7509933,14.104659,0,96,F1
Sample_007_Region,133497-sample_1_lv_0046706_007,0,-3.827751,5.2737913,0,41,F1
Sample_007_Region,133498-sample_1_lv_0046706_007,0,-4.3111577,6.233652,0,44,F1
Sample_007_Region,133499-sample_1_lv_0046706_007,2,11.634698,6.115185,0,16,F3
Sample_007_Region,133500-sample_1_lv_0046706_007,0,-4.129548,8.559623,0,21,Mono_mac
Sample_007_Region,133501-sample_1_lv_0046706_007,0,-4.6543946,7.0365973,0,10,F1
Sample_007_Region,133502-sample_1_lv_0046706_007,0,-4.7525973,4.9287405,0,100,F1
Sample_007_Region,133503-sample_1_lv_0046706_007,0,-4.2143345,6.944719,0,44,F1
Sample_007_Region,133504-sample_1_lv_0046706_007,0,-3.6035323,8.723063,0,7,F1
Sample_007_Region,133505-sample_1_lv_0046706_007,0,-4.286582,8.669624,0,4,Undifferentiated_KC
Sample_007_Region,133506-sample_1_lv_0046706_007,0,-2.7925928,5.6011596,0,2,Treg
Sample_007_Region,133507-sample_1_lv_0046706_007,0,-5.021098,7.500159,0,78,migLC
Sample_007_Region,133508-sample_1_lv_0046706_007,0,-4.3125153,8.891821,0,79,F1
Sample_007_Region,133509-sample_1_lv_0046706_007,26,8.5811,-4.0515904,0,55,LE2
Sample_007_Region,133510-sample_1_lv_0046706_007,10,14.732872,10.203533,0,291,F1
Sample_007_Region,133511-sample_1_lv_0046706_007,16,6.0084543,7.589602,0,12,ILC1_3
Sample_007_Region,133512-sample_1_lv_0046706_007,0,-5.0477853,7.1201806,0,11,Mono_mac
Sample_007_Region,133513-sample_1_lv_0046706_007,16,5.595052,7.629253,0,88,F1
Sample_007_Region,133514-sample_1_lv_0046706_007,24,11.777504,-2.8741436,0,178,Th
Sample_007_Region,133515-sample_1_lv_0046706_007,0,-5.3187175,6.9201016,0,13,F1
Sample_007_Region,133516-sample_1_lv_0046706_007,26,8.97997,-5.344865,0,20,Th
Sample_007_Region,133517-sample_1_lv_0046706_007,3,7.3618207,6.2567325,0,38,Th
Sample_007_Region,133518-sample_1_lv_0046706_007,0,-5.017978,6.227225,0,38,F1
Sample_007_Region,133519-sample_1_lv_0046706_007,17,1.6590515,8.320449,0,15,F1
Sample_007_Region,133520-sample_1_lv_0046706_007,0,-6.080275,7.3507023,0,6,Th
Sample_007_Region,133521-sample_1_lv_0046706_007,0,-5.701258,7.3680506,0,1,F1
Sample_007_Region,133522-sample_1_lv_0046706_007,0,-5.487021,7.708633,0,20,F1
Sample_007_Region,133523-sample_1_lv_0046706_007,0,-4.275953,7.0305066,0,10,F1
Sample_007_Region,133524-sample_1_lv_0046706_007,0,-5.7513604,8.356352,0,8,Mono_mac
Sample_007_Region,133525-sample_1_lv_0046706_007,0,-5.5828104,7.3283043,0,104,F2
Sample_007_Region,133526-sample_1_lv_0046706_007,0,-3.0164123,8.635101,0,0,Differentiated_KC
Sample_007_Region,133527-sample_1_lv_0046706_007,0,-6.2100463,8.429418,0,15,F3
Sample_007_Region,133528-sample_1_lv_0046706_007,0,-2.7852836,7.4274035,0,12,Th
Sample_007_Region,133529-sample_1_lv_0046706_007,0,-5.725278,7.27446,0,35,F3
Sample_007_Region,133530-sample_1_lv_0046706_007,0,-4.52063,7.8753157,0,90,Pericyte_1
Sample_007_Region,133531-sample_1_lv_0046706_007,0,-4.49404,6.63365,0,19,F1
Sample_007_Region,133532-sample_1_lv_0046706_007,0,-4.6451883,8.810434,0,6,F1
Sample_007_Region,133533-sample_1_lv_0046706_007,0,-3.0939512,8.64914,0,8,F1
Sample_007_Region,133534-sample_1_lv_0046706_007,0,-6.5007935,9.340082,0,13,Th
Sample_007_Region,133535-sample_1_lv_0046706_007,10,14.245895,11.045843,0,122,F3
Sample_007_Region,133536-sample_1_lv_0046706_007,0,-5.2250986,8.5445795,0,17,F3
Sample_007_Region,133537-sample_1_lv_0046706_007,0,-4.8263707,9.726138,0,29,F3
Sample_007_Region,133538-sample_1_lv_0046706_007,0,-4.9202685,6.1673474,0,46,F3
Sample_007_Region,133539-sample_1_lv_0046706_007,0,-5.216059,8.763286,0,13,F3
Sample_007_Region,133540-sample_1_lv_0046706_007,0,-6.404977,8.455114,0,11,F1
Sample_007_Region,133541-sample_1_lv_0046706_007,0,-4.919653,9.643094,0,13,F1
Sample_007_Region,133542-sample_1_lv_0046706_007,0,-3.928363,6.165454,0,0,Differentiated_KC
Sample_007_Region,133543-sample_1_lv_0046706_007,0,-2.0171475,6.423781,0,58,Th
Sample_007_Region,133544-sample_1_lv_0046706_007,0,-4.3144536,6.882141,0,1,Differentiated_KC
Sample_007_Region,133545-sample_1_lv_0046706_007,27,1.1951472,1.7001752,0,95,F1
Sample_007_Region,133546-sample_1_lv_0046706_007,0,-5.0667157,6.440516,0,4,F2
Sample_007_Region,133547-sample_1_lv_0046706_007,0,-4.828123,9.089323,0,185,Mono_mac
Sample_007_Region,133548-sample_1_lv_0046706_007,0,-2.896701,7.8316293,0,0,Differentiated_KC
Sample_007_Region,133549-sample_1_lv_0046706_007,0,-5.2107654,7.4930477,0,20,F1
Sample_007_Region,133550-sample_1_lv_0046706_007,0,-2.4391057,7.1528916,0,0,Differentiated_KC
Sample_007_Region,133551-sample_1_lv_0046706_007,0,-4.916044,8.439847,0,0,Differentiated_KC
Sample_007_Region,133552-sample_1_lv_0046706_007,0,-4.0687346,7.723948,0,101,F1
Sample_007_Region,133553-sample_1_lv_0046706_007,0,-2.5581868,5.917278,0,71,F1
Sample_007_Region,133554-sample_1_lv_0046706_007,0,-5.7518945,7.210778,0,0,Differentiated_KC
Sample_007_Region,133555-sample_1_lv_0046706_007,0,-2.967523,7.129072,0,5,F1
Sample_007_Region,133556-sample_1_lv_0046706_007,0,-5.6803775,6.4805226,0,58,F2
Sample_007_Region,133557-sample_1_lv_0046706_007,13,6.7390623,13.561811,0,171,Undifferentiated_KC
Sample_007_Region,133558-sample_1_lv_0046706_007,0,-2.0257165,6.473178,0,0,Differentiated_KC
Sample_007_Region,133559-sample_1_lv_0046706_007,0,-5.0929513,8.583837,0,1,Differentiated_KC
Sample_007_Region,133560-sample_1_lv_0046706_007,0,-4.4935336,6.7431335,0,4,Differentiated_KC
Sample_007_Region,133561-sample_1_lv_0046706_007,0,-3.9483657,5.018304,0,32,F1
Sample_007_Region,133562-sample_1_lv_0046706_007,1,8.471449,6.8624544,0,80,F1
Sample_007_Region,133563-sample_1_lv_0046706_007,0,-5.623241,6.466572,0,8,F1
Sample_007_Region,133564-sample_1_lv_0046706_007,24,12.030085,-2.3699212,0,267,F3
Sample_007_Region,133565-sample_1_lv_0046706_007,0,-4.985718,6.7614117,0,44,F1
Sample_007_Region,133566-sample_1_lv_0046706_007,0,-3.5088825,6.559615,0,46,F3
Sample_007_Region,133567-sample_1_lv_0046706_007,0,-6.2059083,6.395191,0,5,F1
Sample_007_Region,133568-sample_1_lv_0046706_007,0,-3.3854337,8.574793,0,6,Th
Sample_007_Region,133569-sample_1_lv_0046706_007,13,6.982621,13.592652,0,174,F1
Sample_007_Region,133570-sample_1_lv_0046706_007,13,9.973446,4.478696,0,147,Mono_mac
Sample_007_Region,133571-sample_1_lv_0046706_007,0,-6.804544,6.7847004,0,0,Differentiated_KC
Sample_007_Region,133572-sample_1_lv_0046706_007,8,14.756784,0.040680468,0,16,Th
Sample_007_Region,133573-sample_1_lv_0046706_007,0,-5.58422,4.6784277,0,0,Differentiated_KC
Sample_007_Region,133574-sample_1_lv_0046706_007,0,-7.148085,7.305611,0,0,Differentiated_KC
Sample_007_Region,133575-sample_1_lv_0046706_007,0,-4.5221205,6.7390523,0,65,F2
Sample_007_Region,133576-sample_1_lv_0046706_007,0,-4.9050884,9.215081,0,3,F1
Sample_007_Region,133577-sample_1_lv_0046706_007,24,12.110257,-2.3875191,0,270,Undifferentiated_KC
Sample_007_Region,133578-sample_1_lv_0046706_007,0,-5.0424504,6.1918488,0,116,F2
Sample_007_Region,133579-sample_1_lv_0046706_007,0,-5.4758544,7.2387753,0,182,F1
Sample_007_Region,133580-sample_1_lv_0046706_007,8,13.741524,-0.32438362,0,235,F2
Sample_007_Region,133581-sample_1_lv_0046706_007,12,16.205027,4.994157,0,91,F3
Sample_007_Region,133582-sample_1_lv_0046706_007,0,-4.5046225,7.861296,0,14,F1
Sample_007_Region,133583-sample_1_lv_0046706_007,10,13.375314,10.157382,0,250,F2
Sample_007_Region,133584-sample_1_lv_0046706_007,0,-3.9446518,6.349783,0,42,Mono_mac
Sample_007_Region,133585-sample_1_lv_0046706_007,16,7.4367313,6.9173794,0,40,F1
Sample_007_Region,133586-sample_1_lv_0046706_007,16,5.626788,7.7119102,0,44,F3
Sample_007_Region,133587-sample_1_lv_0046706_007,0,-4.785475,6.4648037,0,79,F2
Sample_007_Region,133588-sample_1_lv_0046706_007,3,5.0982203,4.17092,0,131,F3
Sample_007_Region,133589-sample_1_lv_0046706_007,18,18.532166,2.689112,0,49,Macro_1
Sample_007_Region,133590-sample_1_lv_0046706_007,0,-5.3061104,8.905781,0,166,F2
Sample_007_Region,133591-sample_1_lv_0046706_007,0,-5.908041,8.371007,0,44,Mono_mac
Sample_007_Region,133592-sample_1_lv_0046706_007,0,-4.76817,6.6875114,0,10,F1
Sample_007_Region,133593-sample_1_lv_0046706_007,0,-2.6926417,7.067513,0,8,F1
Sample_007_Region,133594-sample_1_lv_0046706_007,10,14.208332,10.248052,0,360,F1
Sample_007_Region,133595-sample_1_lv_0046706_007,0,-5.1136565,7.0002003,0,189,F1
Sample_007_Region,133596-sample_1_lv_0046706_007,20,16.983658,15.43512,0,25,F2
Sample_007_Region,133597-sample_1_lv_0046706_007,13,7.991132,11.698005,0,63,F2
Sample_007_Region,133598-sample_1_lv_0046706_007,10,13.368183,10.092763,0,637,F2
Sample_007_Region,133599-sample_1_lv_0046706_007,10,14.852468,10.4149065,0,196,Mono_mac
Sample_007_Region,133600-sample_1_lv_0046706_007,13,12.630689,8.134012,0,317,Pericyte_1
Sample_007_Region,133601-sample_1_lv_0046706_007,5,9.183044,3.5196807,0,218,LE2
Sample_007_Region,133602-sample_1_lv_0046706_007,19,19.824127,11.4453745,0,134,moDC
Sample_007_Region,133603-sample_1_lv_0046706_007,25,9.610147,22.149153,0,148,F3
Sample_007_Region,133604-sample_1_lv_0046706_007,7,14.220183,12.13214,0,349,F2
Sample_007_Region,133605-sample_1_lv_0046706_007,2,12.360857,7.146354,0,182,Macro_1
Sample_007_Region,133606-sample_1_lv_0046706_007,34,2.6931603,17.571486,0,40,Macro_1
Sample_007_Region,133607-sample_1_lv_0046706_007,20,16.004654,14.833211,0,62,F1
Sample_007_Region,133608-sample_1_lv_0046706_007,23,7.584063,18.719154,0,361,LE1
Sample_007_Region,133609-sample_1_lv_0046706_007,26,8.878205,-5.232945,0,27,LE2
Sample_007_Region,133610-sample_1_lv_0046706_007,5,8.286049,2.5271928,0,437,F3
Sample_007_Region,133611-sample_1_lv_0046706_007,27,0.006263209,2.415287,0,11,F2
Sample_007_Region,133612-sample_1_lv_0046706_007,5,12.372888,5.2817874,0,183,LE1
Sample_007_Region,133613-sample_1_lv_0046706_007,11,12.100417,9.255705,0,590,F3
Sample_007_Region,133614-sample_1_lv_0046706_007,19,19.937853,11.249686,0,319,LE1
Sample_007_Region,133615-sample_1_lv_0046706_007,15,6.275039,0.7755522,0,41,F3
Sample_007_Region,133616-sample_1_lv_0046706_007,1,12.314686,10.749524,0,328,F1
Sample_007_Region,133617-sample_1_lv_0046706_007,12,13.579415,7.5621786,0,42,Th
Sample_007_Region,133618-sample_1_lv_0046706_007,0,-4.8153877,9.500118,0,71,F1
Sample_007_Region,133619-sample_1_lv_0046706_007,8,14.840324,-0.07111293,0,161,Undifferentiated_KC
Sample_007_Region,133620-sample_1_lv_0046706_007,4,16.37999,6.8268027,0,36,F1
Sample_007_Region,133621-sample_1_lv_0046706_007,11,10.659671,10.50175,0,347,F3
Sample_007_Region,133622-sample_1_lv_0046706_007,10,14.258166,10.151249,0,270,F2
Sample_007_Region,133623-sample_1_lv_0046706_007,10,14.324311,10.521792,0,330,Th
Sample_007_Region,133624-sample_1_lv_0046706_007,8,13.438216,0.4463548,0,341,F1
Sample_007_Region,133625-sample_1_lv_0046706_007,1,12.395964,10.910597,0,157,F1
Sample_007_Region,133626-sample_1_lv_0046706_007,0,-3.3740263,5.237259,0,13,Mono_mac
Sample_007_Region,133627-sample_1_lv_0046706_007,0,-5.8833323,6.132566,0,16,F1
Sample_007_Region,133628-sample_1_lv_0046706_007,0,-4.018655,5.856547,0,280,F2
Sample_007_Region,133629-sample_1_lv_0046706_007,0,-6.0734787,7.251671,0,181,F2
Sample_007_Region,133630-sample_1_lv_0046706_007,20,16.147917,14.909172,0,289,Undifferentiated_KC
Sample_007_Region,133631-sample_1_lv_0046706_007,7,15.348416,11.159776,0,1207,Melanocyte
Sample_007_Region,133632-sample_1_lv_0046706_007,7,15.744822,11.613157,0,449,Undifferentiated_KC
Sample_007_Region,133633-sample_1_lv_0046706_007,1,9.604874,10.011765,0,322,Undifferentiated_KC
Sample_007_Region,133634-sample_1_lv_0046706_007,3,9.095339,4.814749,0,126,Undifferentiated_KC
Sample_007_Region,133635-sample_1_lv_0046706_007,9,9.0672865,13.908958,0,86,Melanocyte
Sample_007_Region,133636-sample_1_lv_0046706_007,3,9.39217,5.642591,0,78,Mono_mac
Sample_007_Region,133637-sample_1_lv_0046706_007,7,6.7456646,9.259888,0,747,Undifferentiated_KC
Sample_007_Region,133638-sample_1_lv_0046706_007,7,15.070593,11.222438,0,589,Undifferentiated_KC
Sample_007_Region,133639-sample_1_lv_0046706_007,5,13.509285,4.493047,0,755,Pericyte_1
Sample_007_Region,133640-sample_1_lv_0046706_007,7,15.505091,11.370926,0,571,Melanocyte
Sample_007_Region,133641-sample_1_lv_0046706_007,7,14.338657,12.57536,0,110,Mono_mac
Sample_007_Region,133642-sample_1_lv_0046706_007,7,16.191185,11.944928,0,752,Pericyte_2
Sample_007_Region,133643-sample_1_lv_0046706_007,0,-3.8391576,6.1581955,0,409,Mono_mac
Sample_007_Region,133644-sample_1_lv_0046706_007,0,-2.6670713,6.7781796,0,211,Pericyte_1
Sample_007_Region,133645-sample_1_lv_0046706_007,4,8.446296,9.559429,0,193,F2
Sample_007_Region,133646-sample_1_lv_0046706_007,5,12.610178,5.0692396,0,614,Pericyte_2
Sample_007_Region,133647-sample_1_lv_0046706_007,7,15.519408,12.25439,0,213,Macro_1
Sample_007_Region,133648-sample_1_lv_0046706_007,7,15.983365,11.737022,0,417,Undifferentiated_KC
Sample_007_Region,133649-sample_1_lv_0046706_007,23,6.2577972,18.319672,0,271,F3
Sample_007_Region,133650-sample_1_lv_0046706_007,7,15.610579,12.388899,0,329,Undifferentiated_KC
Sample_007_Region,133651-sample_1_lv_0046706_007,17,1.6952885,13.452356,0,221,Undifferentiated_KC
Sample_007_Region,133652-sample_1_lv_0046706_007,7,15.573624,12.34342,0,247,Undifferentiated_KC
Sample_007_Region,133653-sample_1_lv_0046706_007,7,5.817491,9.014555,0,129,Undifferentiated_KC
Sample_007_Region,133654-sample_1_lv_0046706_007,7,15.570702,11.358188,0,357,Undifferentiated_KC
Sample_007_Region,133655-sample_1_lv_0046706_007,1,4.550865,0.40175074,0,248,Melanocyte
Sample_007_Region,133656-sample_1_lv_0046706_007,6,13.202165,13.797315,0,365,F1
Sample_007_Region,133657-sample_1_lv_0046706_007,7,16.746956,11.728709,0,227,Undifferentiated_KC
Sample_007_Region,133658-sample_1_lv_0046706_007,1,4.583452,0.289053,0,142,Undifferentiated_KC
Sample_007_Region,133659-sample_1_lv_0046706_007,21,16.383514,17.683313,0,120,Undifferentiated_KC
Sample_007_Region,133660-sample_1_lv_0046706_007,7,15.169642,12.241615,0,176,Undifferentiated_KC
Sample_007_Region,133661-sample_1_lv_0046706_007,7,16.474995,12.295862,0,259,Undifferentiated_KC
Sample_007_Region,133662-sample_1_lv_0046706_007,7,6.3457894,9.176154,0,239,Undifferentiated_KC
Sample_007_Region,133663-sample_1_lv_0046706_007,7,15.615864,11.4321165,0,261,Melanocyte
Sample_007_Region,133664-sample_1_lv_0046706_007,3,8.666114,8.124263,0,110,Melanocyte
Sample_007_Region,133665-sample_1_lv_0046706_007,7,16.040892,12.115048,0,453,Undifferentiated_KC
Sample_007_Region,133666-sample_1_lv_0046706_007,31,11.024856,-1.5843738,0,246,Undifferentiated_KC
Sample_007_Region,133667-sample_1_lv_0046706_007,7,16.455198,11.860388,0,376,Undifferentiated_KC
Sample_007_Region,133668-sample_1_lv_0046706_007,31,10.405068,-2.6099615,0,136,Differentiated_KC
Sample_007_Region,133669-sample_1_lv_0046706_007,7,16.167747,11.651753,0,431,Differentiated_KC
Sample_007_Region,133670-sample_1_lv_0046706_007,21,16.247766,17.666348,0,102,Undifferentiated_KC
Sample_007_Region,133671-sample_1_lv_0046706_007,0,-4.8839645,6.2127395,0,93,Undifferentiated_KC
Sample_007_Region,133672-sample_1_lv_0046706_007,7,16.857927,11.901575,0,259,F1
Sample_007_Region,133673-sample_1_lv_0046706_007,29,2.8646028,2.5107992,0,233,Mono_mac
Sample_007_Region,133674-sample_1_lv_0046706_007,7,15.482775,11.362761,0,452,Mono_mac
Sample_007_Region,133675-sample_1_lv_0046706_007,1,6.7421627,10.162013,0,255,Undifferentiated_KC
Sample_007_Region,133676-sample_1_lv_0046706_007,2,11.796315,8.308286,0,457,F1
Sample_007_Region,133677-sample_1_lv_0046706_007,0,-3.2698672,6.5361457,0,29,F1
Sample_007_Region,133678-sample_1_lv_0046706_007,19,19.784327,11.169256,0,1186,Pericyte_1
Sample_007_Region,133679-sample_1_lv_0046706_007,28,8.236666,-7.7953877,0,17,Differentiated_KC
Sample_007_Region,133680-sample_1_lv_0046706_007,0,-3.0736935,7.425769,0,34,F1
Sample_007_Region,133681-sample_1_lv_0046706_007,0,-5.6412926,9.605329,0,47,F2
Sample_007_Region,133682-sample_1_lv_0046706_007,35,4.153861,2.4608362,0,57,F1
Sample_007_Region,133683-sample_1_lv_0046706_007,0,-6.752527,7.8174424,0,149,F1
Sample_007_Region,133684-sample_1_lv_0046706_007,0,-3.0602527,6.5110173,0,142,F1
Sample_007_Region,133685-sample_1_lv_0046706_007,13,9.282971,11.830899,0,408,F2
Sample_007_Region,133687-sample_1_lv_0046706_007,0,-4.1607866,6.1905665,0,25,Pericyte_1
Sample_007_Region,133691-sample_1_lv_0046706_007,0,-3.3063037,5.74805,0,149,F3
Sample_007_Region,133692-sample_1_lv_0046706_007,0,-2.9526186,6.0120773,0,34,Mono_mac
Sample_007_Region,133697-sample_1_lv_0046706_007,0,-2.310217,6.4006023,0,33,Pericyte_1
Sample_007_Region,133698-sample_1_lv_0046706_007,20,16.155956,14.786368,0,99,F3
Sample_007_Region,133699-sample_1_lv_0046706_007,0,-2.636149,6.288069,0,33,F3
Sample_007_Region,133700-sample_1_lv_0046706_007,0,-5.622766,6.576512,0,53,F3
Sample_007_Region,133701-sample_1_lv_0046706_007,0,-4.9203653,7.2500715,0,23,F3
Sample_007_Region,133702-sample_1_lv_0046706_007,0,-5.580632,5.317888,0,192,F2
Sample_007_Region,133703-sample_1_lv_0046706_007,0,-5.6060634,7.2890596,0,110,Macro_1
Sample_007_Region,133704-sample_1_lv_0046706_007,16,6.0439878,7.5335984,0,52,Mono_mac
Sample_007_Region,133705-sample_1_lv_0046706_007,16,6.0866804,7.7507076,0,16,F1
Sample_007_Region,133706-sample_1_lv_0046706_007,0,-3.2120588,8.55259,0,95,F1
Sample_007_Region,133707-sample_1_lv_0046706_007,12,16.761507,5.062405,0,59,F1
Sample_007_Region,133708-sample_1_lv_0046706_007,13,7.517149,12.215612,0,64,F1
Sample_007_Region,133709-sample_1_lv_0046706_007,25,9.988401,22.10447,0,87,MigDC
Sample_007_Region,133710-sample_1_lv_0046706_007,20,16.929672,15.476045,0,168,Macro_1
Sample_007_Region,133711-sample_1_lv_0046706_007,11,10.3513775,10.770514,0,177,F2
Sample_007_Region,133712-sample_1_lv_0046706_007,18,15.040781,2.9907427,0,294,LE1
Sample_007_Region,133713-sample_1_lv_0046706_007,5,13.513302,5.0065336,0,67,LE2
Sample_007_Region,133714-sample_1_lv_0046706_007,0,-6.0058317,7.4452686,0,8,Th
Sample_007_Region,133715-sample_1_lv_0046706_007,13,7.486875,13.236757,0,187,F1
Sample_007_Region,133716-sample_1_lv_0046706_007,0,-2.8554206,8.039834,0,7,F1
Sample_007_Region,133717-sample_1_lv_0046706_007,20,16.764027,15.060152,0,256,Undifferentiated_KC
Sample_007_Region,133718-sample_1_lv_0046706_007,25,9.912007,22.07218,0,19,Tc
Sample_007_Region,133719-sample_1_lv_0046706_007,25,9.757442,22.153742,0,44,Tc
Sample_007_Region,133720-sample_1_lv_0046706_007,0,-3.9075117,8.426354,0,10,Macro_1
Sample_007_Region,133721-sample_1_lv_0046706_007,11,11.829493,9.032072,0,238,LE2
Sample_007_Region,133722-sample_1_lv_0046706_007,26,6.898671,-5.69929,0,98,F1
Sample_007_Region,133723-sample_1_lv_0046706_007,0,-4.23599,6.2679667,0,5,Differentiated_KC
Sample_007_Region,133724-sample_1_lv_0046706_007,25,9.493097,22.1449,0,323,F1
Sample_007_Region,133725-sample_1_lv_0046706_007,11,12.709713,8.489933,0,290,LE1
Sample_007_Region,133726-sample_1_lv_0046706_007,0,-4.1293955,6.271058,0,44,F1
Sample_007_Region,133727-sample_1_lv_0046706_007,0,-3.996511,7.316915,0,111,F1
Sample_007_Region,133728-sample_1_lv_0046706_007,17,1.8167549,8.342089,0,10,Mono_mac
Sample_007_Region,133729-sample_1_lv_0046706_007,11,12.15479,8.825299,0,470,VE3
Sample_007_Region,133730-sample_1_lv_0046706_007,0,-5.8028293,7.980961,0,9,VE2
Sample_007_Region,133731-sample_1_lv_0046706_007,0,-2.985253,7.380751,0,1,F1
Sample_007_Region,133732-sample_1_lv_0046706_007,0,-4.436609,5.8337135,0,65,Pericyte_2
Sample_007_Region,133733-sample_1_lv_0046706_007,9,10.036774,13.9648905,0,347,F2
Sample_007_Region,133734-sample_1_lv_0046706_007,11,10.999622,9.875935,0,273,F3
Sample_007_Region,133735-sample_1_lv_0046706_007,19,20.280134,13.791361,0,103,F2
Sample_007_Region,133736-sample_1_lv_0046706_007,0,-6.156246,5.9332275,0,29,F1
Sample_007_Region,133737-sample_1_lv_0046706_007,11,10.341178,10.761827,0,156,Macro_1
Sample_007_Region,133738-sample_1_lv_0046706_007,3,11.067399,5.293494,0,204,Mono_mac
Sample_007_Region,133739-sample_1_lv_0046706_007,0,-4.8610106,5.947842,0,50,Macro_1
Sample_007_Region,133740-sample_1_lv_0046706_007,0,-5.950612,6.4400177,0,31,Macro_1
Sample_007_Region,133741-sample_1_lv_0046706_007,3,8.050664,5.0500793,0,121,Macro_1
Sample_007_Region,133742-sample_1_lv_0046706_007,11,10.954682,9.078891,0,134,F3
Sample_007_Region,133743-sample_1_lv_0046706_007,22,10.869424,19.29092,0,213,Pericyte_1
Sample_007_Region,133744-sample_1_lv_0046706_007,18,15.955986,3.95898,0,94,Th
Sample_007_Region,133745-sample_1_lv_0046706_007,22,10.670381,19.367722,0,175,Mono_mac
Sample_007_Region,133746-sample_1_lv_0046706_007,7,16.21644,11.619111,0,212,Undifferentiated_KC
Sample_007_Region,133747-sample_1_lv_0046706_007,0,-4.513052,7.9890747,0,140,Undifferentiated_KC
Sample_007_Region,133748-sample_1_lv_0046706_007,10,14.090751,10.792664,0,78,Undifferentiated_KC
Sample_007_Region,133749-sample_1_lv_0046706_007,11,10.349622,10.190228,0,225,Undifferentiated_KC
Sample_007_Region,133750-sample_1_lv_0046706_007,11,10.692158,10.251656,0,425,Pericyte_2
Sample_007_Region,133751-sample_1_lv_0046706_007,0,-4.6669,6.1405587,0,214,Pericyte_2
Sample_007_Region,133752-sample_1_lv_0046706_007,8,13.822786,3.0448885,0,1090,Mono_mac
Sample_007_Region,133753-sample_1_lv_0046706_007,8,13.77264,3.1101487,0,1079,Pericyte_1
Sample_007_Region,133754-sample_1_lv_0046706_007,10,13.343914,8.906965,0,739,Mono_mac
Sample_007_Region,133755-sample_1_lv_0046706_007,18,15.680914,3.3885233,0,169,Mono_mac
Sample_007_Region,133756-sample_1_lv_0046706_007,18,14.658005,3.1065338,0,331,VE3
Sample_007_Region,133757-sample_1_lv_0046706_007,5,12.888397,4.2315373,0,895,Pericyte_1
Sample_007_Region,133758-sample_1_lv_0046706_007,8,13.722038,2.526512,0,475,Mono_mac
Sample_007_Region,133759-sample_1_lv_0046706_007,26,8.589282,-4.041986,0,53,Mono_mac
Sample_007_Region,133760-sample_1_lv_0046706_007,7,6.219585,9.224519,0,248,Undifferentiated_KC
Sample_007_Region,133761-sample_1_lv_0046706_007,32,2.402062,0.028346319,0,403,Pericyte_1
Sample_007_Region,133762-sample_1_lv_0046706_007,32,2.4912062,-0.09890325,0,260,Mono_mac
Sample_007_Region,133763-sample_1_lv_0046706_007,1,6.713932,9.909665,0,473,Undifferentiated_KC
Sample_007_Region,133764-sample_1_lv_0046706_007,2,11.619122,7.1826787,0,277,Mono_mac
Sample_007_Region,133765-sample_1_lv_0046706_007,8,13.231045,2.8649004,0,880,Pericyte_1
Sample_007_Region,133766-sample_1_lv_0046706_007,11,12.338843,8.781841,0,419,VE3
Sample_007_Region,133767-sample_1_lv_0046706_007,8,13.910047,1.4270489,0,228,Pericyte_1
Sample_007_Region,133768-sample_1_lv_0046706_007,7,5.6864014,8.552682,0,353,Pericyte_1
Sample_007_Region,133769-sample_1_lv_0046706_007,1,9.354086,8.730665,0,70,Mono_mac
Sample_007_Region,133770-sample_1_lv_0046706_007,22,9.636464,19.3233,0,960,VE3
Sample_007_Region,133771-sample_1_lv_0046706_007,15,8.178864,0.6999838,0,429,Mono_mac
Sample_007_Region,133772-sample_1_lv_0046706_007,6,12.119661,13.267788,0,221,F1
Sample_007_Region,133773-sample_1_lv_0046706_007,17,1.740256,13.295296,0,494,F1
Sample_007_Region,133774-sample_1_lv_0046706_007,22,9.824775,19.210947,0,1213,Mono_mac
Sample_007_Region,133775-sample_1_lv_0046706_007,23,7.1593695,18.590986,0,506,F3
Sample_007_Region,133776-sample_1_lv_0046706_007,0,-4.5077834,5.6414165,0,342,F2
Sample_007_Region,133777-sample_1_lv_0046706_007,15,5.52347,3.0233757,0,173,Tc
Sample_007_Region,133778-sample_1_lv_0046706_007,15,5.561314,2.4924545,0,208,F1
Sample_007_Region,133779-sample_1_lv_0046706_007,1,8.627137,7.816294,0,124,F3
Sample_007_Region,133780-sample_1_lv_0046706_007,10,13.642608,8.459238,0,451,Mono_mac
Sample_007_Region,133781-sample_1_lv_0046706_007,0,-2.647491,9.151014,0,14,Undifferentiated_KC
Sample_007_Region,133782-sample_1_lv_0046706_007,26,8.087642,-3.325394,0,83,Mono_mac
Sample_007_Region,133783-sample_1_lv_0046706_007,5,12.156238,5.3307915,0,245,Tc
Sample_007_Region,133784-sample_1_lv_0046706_007,26,7.2642083,-4.072428,0,161,Pericyte_2
Sample_007_Region,133785-sample_1_lv_0046706_007,0,-7.086664,7.0840626,0,174,Pericyte_2
Sample_007_Region,133786-sample_1_lv_0046706_007,18,14.953045,2.998975,0,419,Tc
Sample_007_Region,133787-sample_1_lv_0046706_007,5,12.91029,3.4168622,0,318,Pericyte_2
Sample_007_Region,133788-sample_1_lv_0046706_007,11,10.738066,10.625071,0,248,DC2
Sample_007_Region,133789-sample_1_lv_0046706_007,5,12.813509,3.4867861,0,598,Mono_mac
Sample_007_Region,133790-sample_1_lv_0046706_007,11,10.726264,9.471562,0,215,Macro_1
Sample_007_Region,133791-sample_1_lv_0046706_007,20,17.147236,14.7451935,0,235,VE3
Sample_007_Region,133792-sample_1_lv_0046706_007,0,-5.3942976,7.4449825,0,523,Pericyte_1
Sample_007_Region,133793-sample_1_lv_0046706_007,18,14.726242,2.5898654,0,601,Pericyte_1
Sample_007_Region,133794-sample_1_lv_0046706_007,7,15.053523,12.238301,0,162,Undifferentiated_KC
Sample_007_Region,133795-sample_1_lv_0046706_007,7,15.1472845,11.25952,0,1197,Undifferentiated_KC
Sample_007_Region,133796-sample_1_lv_0046706_007,1,11.64417,9.355717,0,421,F1
Sample_007_Region,133797-sample_1_lv_0046706_007,14,10.547426,4.4690075,0,413,F3
Sample_007_Region,133798-sample_1_lv_0046706_007,26,6.971775,-5.6390805,0,363,F3
Sample_007_Region,133799-sample_1_lv_0046706_007,11,10.995371,10.10783,0,464,Pericyte_2
Sample_007_Region,133800-sample_1_lv_0046706_007,21,16.128914,17.03754,0,878,Mono_mac
Sample_007_Region,133801-sample_1_lv_0046706_007,10,13.524574,8.809131,0,637,VE2
Sample_007_Region,133802-sample_1_lv_0046706_007,32,2.4045131,0.012233079,0,396,Pericyte_2
Sample_007_Region,133803-sample_1_lv_0046706_007,23,6.8410063,18.609217,0,756,Mono_mac
Sample_007_Region,133804-sample_1_lv_0046706_007,0,-4.455726,9.733794,0,47,Th
Sample_007_Region,133805-sample_1_lv_0046706_007,23,6.5558615,18.483355,0,454,Pericyte_1
Sample_007_Region,133806-sample_1_lv_0046706_007,11,10.559628,8.826513,0,520,F1
Sample_007_Region,133807-sample_1_lv_0046706_007,5,13.643167,4.650006,0,622,F3
Sample_007_Region,133808-sample_1_lv_0046706_007,29,6.3638344,4.1274076,0,316,F1
Sample_007_Region,133809-sample_1_lv_0046706_007,1,8.695713,7.677041,0,323,F1
Sample_007_Region,133810-sample_1_lv_0046706_007,1,7.5537353,7.7817283,0,139,F1
Sample_007_Region,133811-sample_1_lv_0046706_007,0,-4.8010197,5.8209157,0,344,Pericyte_1
Sample_007_Region,133812-sample_1_lv_0046706_007,11,13.320052,8.359245,0,786,Macro_1
Sample_007_Region,133813-sample_1_lv_0046706_007,18,16.405445,3.3393128,0,278,ILC1_3
Sample_007_Region,133814-sample_1_lv_0046706_007,1,8.40315,7.693028,0,38,Tc
Sample_007_Region,133815-sample_1_lv_0046706_007,1,8.900436,9.729585,0,433,Undifferentiated_KC
Sample_007_Region,133816-sample_1_lv_0046706_007,3,9.192672,4.900887,0,847,Undifferentiated_KC
Sample_007_Region,133817-sample_1_lv_0046706_007,29,2.4947915,2.7887454,0,240,Mono_mac
Sample_007_Region,133818-sample_1_lv_0046706_007,1,11.641164,11.363425,0,221,Mono_mac
Sample_007_Region,133819-sample_1_lv_0046706_007,29,3.1167665,3.4545145,0,105,Undifferentiated_KC
Sample_007_Region,133820-sample_1_lv_0046706_007,4,7.4690294,9.200067,0,449,Undifferentiated_KC
Sample_007_Region,133821-sample_1_lv_0046706_007,1,11.938624,11.619147,0,196,Undifferentiated_KC
Sample_007_Region,133822-sample_1_lv_0046706_007,7,5.8345695,8.473612,0,329,F1
Sample_007_Region,133823-sample_1_lv_0046706_007,18,16.377462,3.352937,0,230,Pericyte_2
Sample_007_Region,133824-sample_1_lv_0046706_007,5,13.595397,4.248297,0,461,VE3
Sample_007_Region,133825-sample_1_lv_0046706_007,5,13.460991,4.5114703,0,711,Mono_mac
Sample_007_Region,133826-sample_1_lv_0046706_007,5,13.625584,4.281141,0,348,VE3
Sample_007_Region,133827-sample_1_lv_0046706_007,1,8.946578,9.825926,0,252,Undifferentiated_KC
Sample_007_Region,133828-sample_1_lv_0046706_007,18,17.671152,1.6114599,0,83,Undifferentiated_KC
Sample_007_Region,133829-sample_1_lv_0046706_007,1,11.739463,10.947327,0,437,Undifferentiated_KC
Sample_007_Region,133830-sample_1_lv_0046706_007,1,8.450936,8.36173,0,256,Undifferentiated_KC
Sample_007_Region,133831-sample_1_lv_0046706_007,10,13.733486,9.977317,0,142,Mono_mac
Sample_007_Region,133832-sample_1_lv_0046706_007,4,14.834132,7.360432,0,143,F3
Sample_007_Region,133833-sample_1_lv_0046706_007,17,5.313168,9.961554,0,461,F1
Sample_007_Region,133834-sample_1_lv_0046706_007,7,16.484623,12.715499,0,352,Undifferentiated_KC
Sample_007_Region,133835-sample_1_lv_0046706_007,7,16.469692,11.84497,0,468,Undifferentiated_KC
Sample_007_Region,133836-sample_1_lv_0046706_007,10,13.952993,10.406089,0,293,Undifferentiated_KC
Sample_007_Region,133857-sample_1_lv_0046706_007,5,12.937662,3.3518667,0,1084,Pericyte_2
Sample_007_Region,133858-sample_1_lv_0046706_007,12,13.515858,7.309089,0,320,Mono_mac
Sample_007_Region,133859-sample_1_lv_0046706_007,26,9.994492,-4.8444433,0,481,ILC1_3
Sample_007_Region,133860-sample_1_lv_0046706_007,0,-4.4491377,7.463343,0,160,VE1
Sample_007_Region,133861-sample_1_lv_0046706_007,31,10.226734,-2.7377267,0,101,Undifferentiated_KC
Sample_007_Region,133862-sample_1_lv_0046706_007,31,11.049313,-2.2688432,0,176,Undifferentiated_KC
Sample_007_Region,133863-sample_1_lv_0046706_007,31,11.138754,-2.3489234,0,150,Undifferentiated_KC
Sample_007_Region,133864-sample_1_lv_0046706_007,7,15.650368,12.42099,0,396,Undifferentiated_KC
Sample_007_Region,133865-sample_1_lv_0046706_007,5,13.377205,4.4406004,0,497,Mono_mac
Sample_007_Region,133866-sample_1_lv_0046706_007,5,9.385035,2.5297296,0,130,Mono_mac
Sample_007_Region,133867-sample_1_lv_0046706_007,5,12.998703,3.3110871,0,381,Mono_mac
Sample_007_Region,133868-sample_1_lv_0046706_007,0,-3.513698,7.016912,0,254,Pericyte_1
Sample_007_Region,133869-sample_1_lv_0046706_007,0,-5.7351117,7.6234913,0,177,Pericyte_1
Sample_007_Region,133870-sample_1_lv_0046706_007,12,13.639554,6.744424,0,151,Macro_1
Sample_007_Region,133871-sample_1_lv_0046706_007,16,5.8414063,6.309309,0,526,Pericyte_1
Sample_007_Region,133872-sample_1_lv_0046706_007,0,-6.4534273,7.9402256,0,578,Pericyte_1
Sample_007_Region,133873-sample_1_lv_0046706_007,9,9.614761,14.095451,0,648,Pericyte_1
Sample_007_Region,133874-sample_1_lv_0046706_007,0,-5.6763825,8.418227,0,242,Undifferentiated_KC
Sample_007_Region,133875-sample_1_lv_0046706_007,7,15.927519,12.305695,0,593,Undifferentiated_KC
Sample_007_Region,133876-sample_1_lv_0046706_007,7,16.516893,11.912743,0,522,Undifferentiated_KC
Sample_007_Region,133877-sample_1_lv_0046706_007,7,16.477575,11.966587,0,237,Undifferentiated_KC
Sample_007_Region,133878-sample_1_lv_0046706_007,7,16.780584,11.83453,0,128,Undifferentiated_KC
Sample_007_Region,133879-sample_1_lv_0046706_007,7,16.357294,12.482934,0,343,Undifferentiated_KC
Sample_007_Region,133880-sample_1_lv_0046706_007,7,15.77347,11.78879,0,209,Undifferentiated_KC
Sample_007_Region,133881-sample_1_lv_0046706_007,7,15.707232,12.038701,0,495,Mono_mac
Sample_007_Region,133882-sample_1_lv_0046706_007,7,16.095922,11.610142,0,315,Undifferentiated_KC
Sample_007_Region,133883-sample_1_lv_0046706_007,21,16.613373,17.946856,0,591,Macro_1
Sample_007_Region,133884-sample_1_lv_0046706_007,6,14.590506,14.322285,0,918,F1
Sample_007_Region,133885-sample_1_lv_0046706_007,21,16.61825,18.173468,0,572,MigDC
Sample_007_Region,133886-sample_1_lv_0046706_007,4,7.999215,8.824719,0,145,Undifferentiated_KC
Sample_007_Region,133887-sample_1_lv_0046706_007,7,15.688347,11.725997,0,334,Undifferentiated_KC
Sample_007_Region,133888-sample_1_lv_0046706_007,7,16.50998,11.906551,0,271,Undifferentiated_KC
Sample_007_Region,133889-sample_1_lv_0046706_007,7,16.552057,11.829462,0,331,Undifferentiated_KC
Sample_007_Region,133890-sample_1_lv_0046706_007,7,15.829824,12.471821,0,285,Undifferentiated_KC
Sample_007_Region,133891-sample_1_lv_0046706_007,1,8.901467,9.973752,0,321,Undifferentiated_KC
Sample_007_Region,133892-sample_1_lv_0046706_007,7,15.8481245,11.741535,0,376,Undifferentiated_KC
Sample_007_Region,133893-sample_1_lv_0046706_007,7,16.468924,11.933708,0,457,Undifferentiated_KC
Sample_007_Region,133894-sample_1_lv_0046706_007,1,7.1014466,10.330547,0,566,Undifferentiated_KC
Sample_007_Region,133895-sample_1_lv_0046706_007,7,16.138468,11.487155,0,133,Undifferentiated_KC
Sample_007_Region,133896-sample_1_lv_0046706_007,7,15.60372,12.707891,0,954,F1
Sample_007_Region,133897-sample_1_lv_0046706_007,7,15.856942,12.368446,0,231,Undifferentiated_KC
Sample_007_Region,133898-sample_1_lv_0046706_007,7,15.404642,11.6215515,0,117,Undifferentiated_KC
Sample_007_Region,133899-sample_1_lv_0046706_007,29,2.776424,3.3898778,0,123,Undifferentiated_KC
Sample_007_Region,133900-sample_1_lv_0046706_007,7,16.073343,11.6836605,0,272,Undifferentiated_KC
Sample_007_Region,133901-sample_1_lv_0046706_007,4,15.471056,9.398995,0,281,Undifferentiated_KC
Sample_007_Region,133902-sample_1_lv_0046706_007,6,13.253556,13.697909,0,265,Undifferentiated_KC
Sample_007_Region,133903-sample_1_lv_0046706_007,7,14.327226,12.240283,0,161,Undifferentiated_KC
Sample_007_Region,133904-sample_1_lv_0046706_007,8,13.1599455,1.8216397,0,495,Pericyte_2
Sample_007_Region,133905-sample_1_lv_0046706_007,5,13.103433,3.9171224,0,1235,Pericyte_1
Sample_007_Region,133906-sample_1_lv_0046706_007,22,9.888588,19.383465,0,435,Mono_mac
Sample_007_Region,133907-sample_1_lv_0046706_007,9,9.601399,13.821696,0,406,Pericyte_1
Sample_007_Region,133908-sample_1_lv_0046706_007,0,-2.3015363,7.5986586,0,223,Pericyte_1
Sample_007_Region,133909-sample_1_lv_0046706_007,4,14.361049,9.035077,0,711,Undifferentiated_KC
Sample_007_Region,133910-sample_1_lv_0046706_007,13,9.237379,11.9481325,0,230,Undifferentiated_KC
Sample_007_Region,133911-sample_1_lv_0046706_007,29,3.0565588,2.3444276,0,268,Pericyte_1
Sample_007_Region,133912-sample_1_lv_0046706_007,0,-6.6951685,7.047018,0,167,Pericyte_2
Sample_007_Region,133913-sample_1_lv_0046706_007,5,12.910158,3.4818535,0,1035,Mono_mac
Sample_007_Region,166357-sample_1_lv_0046706_007,0,-6.4483886,7.9328027,0,15,Pericyte_1
Sample_007_Region,166358-sample_1_lv_0046706_007,27,1.5010135,0.7169176,0,54,F1
Sample_007_Region,166359-sample_1_lv_0046706_007,0,-2.9086583,6.3850684,0,23,F2
Sample_007_Region,166360-sample_1_lv_0046706_007,15,4.8542185,11.927887,0,36,Th
Sample_007_Region,166361-sample_1_lv_0046706_007,0,-3.6946993,7.328141,0,30,Mono_mac
Sample_007_Region,166362-sample_1_lv_0046706_007,0,-4.0422273,6.035482,0,8,Macro_1
Sample_007_Region,166363-sample_1_lv_0046706_007,30,20.931114,5.7866077,0,15,F1
Sample_007_Region,166364-sample_1_lv_0046706_007,0,-6.4006314,8.36782,0,54,F1
Sample_007_Region,166365-sample_1_lv_0046706_007,0,-2.1492515,6.319214,0,2,Th
Sample_007_Region,166366-sample_1_lv_0046706_007,4,15.8321705,6.9199758,0,87,F2
Sample_007_Region,166367-sample_1_lv_0046706_007,0,-6.9937844,7.7641153,0,0,Differentiated_KC
Sample_007_Region,166368-sample_1_lv_0046706_007,0,-2.9894753,9.073394,0,2,Differentiated_KC
Sample_007_Region,166369-sample_1_lv_0046706_007,0,-4.2101583,6.6270685,0,2,Differentiated_KC
Sample_007_Region,166370-sample_1_lv_0046706_007,0,-6.0632076,7.346328,0,3,Th
Sample_007_Region,166371-sample_1_lv_0046706_007,0,-5.33959,7.736441,0,0,Differentiated_KC
Sample_007_Region,166372-sample_1_lv_0046706_007,0,-4.8372307,6.877504,0,0,Differentiated_KC
Sample_007_Region,166373-sample_1_lv_0046706_007,0,-7.0846066,6.7980967,0,1,F1
Sample_007_Region,166374-sample_1_lv_0046706_007,0,-2.594093,6.205328,0,6,F1
Sample_007_Region,166375-sample_1_lv_0046706_007,27,0.13075581,2.4119046,0,1,Treg
Sample_007_Region,166376-sample_1_lv_0046706_007,35,11.109314,16.57243,0,10,F1
Sample_007_Region,166377-sample_1_lv_0046706_007,0,-3.9802003,7.5633936,0,23,Undifferentiated_KC
Sample_007_Region,166378-sample_1_lv_0046706_007,1,8.541502,8.6132145,0,41,F1
Sample_007_Region,166379-sample_1_lv_0046706_007,4,16.700472,6.7451396,0,5,Pericyte_1
Sample_007_Region,166380-sample_1_lv_0046706_007,0,-3.7876012,6.42292,0,9,F1
Sample_007_Region,166381-sample_1_lv_0046706_007,0,-5.5992136,9.349337,0,105,F3
Sample_007_Region,166382-sample_1_lv_0046706_007,3,5.4055867,5.4615097,0,17,F1
Sample_007_Region,166383-sample_1_lv_0046706_007,0,-3.8554702,8.354138,0,7,F1
Sample_007_Region,166384-sample_1_lv_0046706_007,0,-5.678526,5.794016,0,11,Macro_1
Sample_007_Region,166385-sample_1_lv_0046706_007,0,-3.0242345,8.212342,0,43,F1
Sample_007_Region,166386-sample_1_lv_0046706_007,0,-6.0521016,8.018469,0,50,Th
Sample_007_Region,166387-sample_1_lv_0046706_007,25,9.916371,22.128584,0,232,VE2
Sample_007_Region,166388-sample_1_lv_0046706_007,0,-2.479654,6.389425,0,45,F1
Sample_007_Region,166391-sample_1_lv_0046706_007,0,-5.2429986,7.3627825,0,30,F1
Sample_007_Region,166392-sample_1_lv_0046706_007,0,-4.917176,9.201813,0,22,F2
Sample_007_Region,166393-sample_1_lv_0046706_007,0,-3.8159246,9.025118,0,33,F1
Sample_007_Region,166394-sample_1_lv_0046706_007,4,14.71005,8.227765,0,510,F2
Sample_007_Region,166395-sample_1_lv_0046706_007,31,9.235897,-2.7567008,0,20,F1
Sample_007_Region,166396-sample_1_lv_0046706_007,16,5.5657544,7.979104,0,26,F1
Sample_007_Region,166397-sample_1_lv_0046706_007,1,13.041176,9.4304285,0,37,F1
Sample_007_Region,166404-sample_1_lv_0046706_007,12,13.151218,6.274989,0,111,Macro_1
Sample_007_Region,166407-sample_1_lv_0046706_007,7,5.5826993,8.662012,0,13,Undifferentiated_KC
Sample_007_Region,166408-sample_1_lv_0046706_007,20,16.871845,14.074149,0,33,F1
Sample_007_Region,166409-sample_1_lv_0046706_007,0,-5.09999,8.70628,0,41,F2
Sample_007_Region,166410-sample_1_lv_0046706_007,0,-5.0118427,6.3709707,0,43,Th
Sample_007_Region,166412-sample_1_lv_0046706_007,1,8.594179,8.804841,0,75,F1
Sample_007_Region,166433-sample_1_lv_0046706_007,0,-5.0752525,7.1657295,0,35,F1
Sample_007_Region,166434-sample_1_lv_0046706_007,0,-4.338189,7.2502966,0,1,F2
Sample_007_Region,166435-sample_1_lv_0046706_007,0,-3.5250132,7.722391,0,27,F1
Sample_007_Region,166436-sample_1_lv_0046706_007,0,-3.5240166,6.3851194,0,29,F1
Sample_007_Region,166437-sample_1_lv_0046706_007,0,-3.0925531,6.727604,0,2,Differentiated_KC
Sample_007_Region,166438-sample_1_lv_0046706_007,0,-4.7752843,9.933497,0,1,Undifferentiated_KC
Sample_007_Region,166439-sample_1_lv_0046706_007,0,-3.6741662,6.445317,0,7,F1
Sample_007_Region,166440-sample_1_lv_0046706_007,0,-5.1798806,6.1146145,0,8,F1
Sample_007_Region,166444-sample_1_lv_0046706_007,0,-3.6563911,5.6615295,0,0,Differentiated_KC
Sample_007_Region,166445-sample_1_lv_0046706_007,6,12.181566,12.990428,0,21,F1
Sample_007_Region,166446-sample_1_lv_0046706_007,8,14.678174,-0.03386643,0,49,F2
Sample_007_Region,166449-sample_1_lv_0046706_007,0,-4.5164447,5.604481,0,2,Differentiated_KC
Sample_007_Region,166450-sample_1_lv_0046706_007,0,-2.9551685,7.8818426,0,0,Differentiated_KC
Sample_007_Region,166451-sample_1_lv_0046706_007,0,-4.483557,6.5498033,0,1,F1
Sample_007_Region,166452-sample_1_lv_0046706_007,0,-6.0862694,8.962885,0,0,Differentiated_KC
Sample_007_Region,166453-sample_1_lv_0046706_007,0,-4.424031,8.338336,0,0,Differentiated_KC
Sample_007_Region,166454-sample_1_lv_0046706_007,37,-2.326173,9.064693,0,7,Macro_1
Sample_007_Region,166455-sample_1_lv_0046706_007,0,-4.2520056,8.538138,0,0,Differentiated_KC
Sample_007_Region,166456-sample_1_lv_0046706_007,0,-5.6468253,6.593699,0,4,migLC
Sample_007_Region,166457-sample_1_lv_0046706_007,0,-4.71313,10.093098,0,0,Differentiated_KC
Sample_007_Region,166498-sample_1_lv_0046706_007,0,-4.820117,8.038715,0,5,Undifferentiated_KC
Sample_007_Region,166499-sample_1_lv_0046706_007,27,1.4456706,1.075983,0,44,Undifferentiated_KC
Sample_007_Region,166500-sample_1_lv_0046706_007,0,-4.8381066,6.246855,0,7,Undifferentiated_KC
Sample_007_Region,166506-sample_1_lv_0046706_007,0,-5.739694,6.983742,0,12,F1
Sample_007_Region,166507-sample_1_lv_0046706_007,0,-2.4671695,7.433666,0,41,Macro_1
Sample_007_Region,166508-sample_1_lv_0046706_007,0,-4.732865,7.624214,0,39,Pericyte_1
Sample_007_Region,166509-sample_1_lv_0046706_007,0,-4.4439964,9.646213,0,10,Pericyte_1
Sample_007_Region,166510-sample_1_lv_0046706_007,4,14.758663,6.9606643,0,83,F1
Sample_007_Region,166511-sample_1_lv_0046706_007,28,12.540951,-6.5303807,0,145,F1
Sample_007_Region,166512-sample_1_lv_0046706_007,10,13.358947,11.343597,0,97,F1
Sample_007_Region,166513-sample_1_lv_0046706_007,0,-6.7879963,7.0174804,0,3,Differentiated_KC
Sample_007_Region,166514-sample_1_lv_0046706_007,0,-4.666358,8.116043,0,24,F1
Sample_007_Region,166515-sample_1_lv_0046706_007,0,-4.9374785,6.3431478,0,2,Differentiated_KC
Sample_007_Region,166516-sample_1_lv_0046706_007,0,-3.7515411,6.547343,0,22,F1
Sample_007_Region,166517-sample_1_lv_0046706_007,12,2.5523477,6.3123746,0,1,Differentiated_KC
Sample_007_Region,166518-sample_1_lv_0046706_007,0,-4.498482,7.590273,0,0,Differentiated_KC
Sample_007_Region,166519-sample_1_lv_0046706_007,0,-3.310121,8.242781,0,0,Differentiated_KC
Sample_007_Region,166520-sample_1_lv_0046706_007,0,-4.0289116,9.407415,0,0,Differentiated_KC
Sample_007_Region,166521-sample_1_lv_0046706_007,38,-3.2341313,9.863424,0,2,F1
Sample_007_Region,166522-sample_1_lv_0046706_007,0,-5.6711435,7.8603806,0,2,F1
Sample_007_Region,166523-sample_1_lv_0046706_007,0,-4.5036464,6.0770154,0,3,Macro_1
Sample_007_Region,166524-sample_1_lv_0046706_007,0,-6.372913,5.7491,0,13,Macro_1
Sample_007_Region,166525-sample_1_lv_0046706_007,0,-4.9025235,6.5200644,0,1,Differentiated_KC
Sample_007_Region,166526-sample_1_lv_0046706_007,0,-4.466838,8.474334,0,4,Differentiated_KC
Sample_007_Region,166527-sample_1_lv_0046706_007,0,-4.2114706,7.8413887,0,13,Th
Sample_007_Region,166528-sample_1_lv_0046706_007,0,-4.1770716,6.064969,0,0,Differentiated_KC
Sample_007_Region,166529-sample_1_lv_0046706_007,19,20.033115,11.7723675,0,28,F3
Sample_007_Region,166530-sample_1_lv_0046706_007,3,6.80561,5.670098,0,27,F1
Sample_007_Region,166531-sample_1_lv_0046706_007,0,-5.127365,7.0322094,0,122,Macro_1
Sample_007_Region,166532-sample_1_lv_0046706_007,16,6.9609694,7.6463714,0,105,Th
Sample_007_Region,166533-sample_1_lv_0046706_007,0,-3.1999476,5.3751383,0,1,Differentiated_KC
Sample_007_Region,166534-sample_1_lv_0046706_007,0,-4.9672084,8.296115,0,10,Undifferentiated_KC
Sample_007_Region,166739-sample_1_lv_0046706_007,9,10.095876,13.456916,0,200,F1
Sample_007_Region,166740-sample_1_lv_0046706_007,18,15.899667,3.4951985,0,270,F1
Sample_007_Region,166741-sample_1_lv_0046706_007,10,13.506734,8.929127,0,227,F1
Sample_007_Region,166742-sample_1_lv_0046706_007,2,11.80912,7.802779,0,87,Mono_mac
Sample_007_Region,166743-sample_1_lv_0046706_007,2,11.638652,6.8883786,0,13,Mono_mac
Sample_007_Region,166744-sample_1_lv_0046706_007,5,12.273088,3.7151725,0,452,Mono_mac
Sample_007_Region,166745-sample_1_lv_0046706_007,0,-4.589326,9.711505,0,168,VE2
Sample_007_Region,166746-sample_1_lv_0046706_007,0,-3.3739169,7.9123654,0,10,Differentiated_KC
Sample_007_Region,166747-sample_1_lv_0046706_007,8,14.370881,-1.0043626,0,109,F2
Sample_007_Region,166748-sample_1_lv_0046706_007,0,-3.3322616,8.193436,0,37,F3
Sample_007_Region,166749-sample_1_lv_0046706_007,0,-5.185029,5.7335205,0,24,Mono_mac
Sample_007_Region,166750-sample_1_lv_0046706_007,0,-6.6309505,8.234297,0,12,F1
Sample_007_Region,166751-sample_1_lv_0046706_007,12,16.918917,5.183968,0,48,Macro_1
Sample_007_Region,166752-sample_1_lv_0046706_007,1,8.774879,7.6679897,0,98,VE2
Sample_007_Region,166753-sample_1_lv_0046706_007,0,-5.3412385,6.3286285,0,1,Th
Sample_007_Region,166754-sample_1_lv_0046706_007,0,-5.3884125,7.5943356,0,63,F2
Sample_007_Region,166755-sample_1_lv_0046706_007,28,9.813051,-6.0910873,0,70,F1
Sample_007_Region,166756-sample_1_lv_0046706_007,0,-6.980611,7.817201,0,22,F1
Sample_007_Region,166757-sample_1_lv_0046706_007,0,-3.3604562,6.246042,0,25,F1
Sample_007_Region,166758-sample_1_lv_0046706_007,16,6.980057,7.0403724,0,167,F1
Sample_007_Region,166759-sample_1_lv_0046706_007,0,-3.0663083,9.061036,0,186,F1
Sample_007_Region,166760-sample_1_lv_0046706_007,0,-4.9898305,7.0386596,0,6,F2
Sample_007_Region,166761-sample_1_lv_0046706_007,0,-4.472329,6.9940157,0,14,F1
Sample_007_Region,166762-sample_1_lv_0046706_007,35,4.0295177,2.2117941,0,39,F1
Sample_007_Region,166763-sample_1_lv_0046706_007,28,11.748532,-5.3545847,0,229,Mono_mac
Sample_007_Region,166764-sample_1_lv_0046706_007,16,5.3615804,6.724337,0,145,Mono_mac
Sample_007_Region,166765-sample_1_lv_0046706_007,0,-5.8226037,6.527912,0,25,Th
Sample_007_Region,166766-sample_1_lv_0046706_007,0,-4.805805,6.3545394,0,59,F3
Sample_007_Region,166767-sample_1_lv_0046706_007,15,5.5485864,3.6570497,0,64,F1
Sample_007_Region,166768-sample_1_lv_0046706_007,35,10.500143,16.423347,0,31,Mono_mac
Sample_007_Region,166769-sample_1_lv_0046706_007,0,-6.1923885,8.231604,0,17,F2
Sample_007_Region,166770-sample_1_lv_0046706_007,23,6.421502,18.68879,0,111,F1
Sample_007_Region,166771-sample_1_lv_0046706_007,27,-0.3558169,0.9529833,0,114,Macro_1
Sample_007_Region,166772-sample_1_lv_0046706_007,24,14.110782,-4.2692323,0,6,Th
Sample_007_Region,166773-sample_1_lv_0046706_007,24,9.258646,-0.16424155,0,110,F1
Sample_007_Region,166774-sample_1_lv_0046706_007,0,-4.9174466,5.7586045,0,8,F3
Sample_007_Region,166775-sample_1_lv_0046706_007,0,-4.454279,7.4711933,0,32,F1
Sample_007_Region,166776-sample_1_lv_0046706_007,0,-4.6664224,6.5097814,0,7,Th
Sample_007_Region,166782-sample_1_lv_0046706_007,16,5.054409,8.775014,0,6,migLC
Sample_007_Region,166783-sample_1_lv_0046706_007,27,-0.35148546,0.6298831,0,107,F3
Sample_007_Region,166784-sample_1_lv_0046706_007,24,8.671022,-0.9308992,0,56,Mono_mac
Sample_007_Region,166785-sample_1_lv_0046706_007,0,-4.9569907,5.73042,0,4,Macro_1
Sample_007_Region,166788-sample_1_lv_0046706_007,0,-6.1426673,5.1438375,0,0,Differentiated_KC
Sample_007_Region,166789-sample_1_lv_0046706_007,35,11.202073,16.58431,0,8,Inf_mac
Sample_007_Region,166790-sample_1_lv_0046706_007,13,7.638524,12.278015,0,63,Th
Sample_007_Region,166791-sample_1_lv_0046706_007,3,7.0491605,3.8877466,0,72,F1
Sample_007_Region,166792-sample_1_lv_0046706_007,0,-2.4959488,6.7138386,0,163,F3
Sample_007_Region,166793-sample_1_lv_0046706_007,2,9.289624,7.0611386,0,76,F1
Sample_007_Region,166794-sample_1_lv_0046706_007,0,-3.3656697,7.462502,0,56,Mono_mac
Sample_007_Region,166795-sample_1_lv_0046706_007,0,-3.3593488,8.713006,0,158,F1
Sample_007_Region,166796-sample_1_lv_0046706_007,4,16.646814,6.745185,0,12,F1
Sample_007_Region,166799-sample_1_lv_0046706_007,5,11.796374,5.4852147,0,55,Mono_mac
Sample_007_Region,166800-sample_1_lv_0046706_007,5,10.3763,2.3381145,0,275,F1
Sample_007_Region,166801-sample_1_lv_0046706_007,6,12.011858,13.432857,0,168,Mono_mac
Sample_007_Region,166802-sample_1_lv_0046706_007,3,7.182488,5.527161,0,106,F1
Sample_007_Region,166803-sample_1_lv_0046706_007,0,-4.548311,8.740211,0,41,Th
Sample_007_Region,166804-sample_1_lv_0046706_007,0,-7.0841155,7.3156466,0,58,Th
Sample_007_Region,166805-sample_1_lv_0046706_007,12,12.843477,7.97441,0,81,F1
Sample_007_Region,166806-sample_1_lv_0046706_007,0,-4.9779716,8.748354,0,42,F2
Sample_007_Region,166807-sample_1_lv_0046706_007,0,-5.5952916,6.237217,0,7,Macro_1
Sample_007_Region,166808-sample_1_lv_0046706_007,33,1.7914813,21.266405,0,158,Tc
Sample_007_Region,166809-sample_1_lv_0046706_007,35,11.018288,16.609304,0,23,VE3
Sample_007_Region,166810-sample_1_lv_0046706_007,12,13.118561,7.704144,0,129,F1
Sample_007_Region,166811-sample_1_lv_0046706_007,3,9.533076,4.5584087,0,126,F2
Sample_007_Region,166812-sample_1_lv_0046706_007,0,-6.0180135,6.3024626,0,10,Macro_1
Sample_007_Region,166813-sample_1_lv_0046706_007,0,-5.085138,6.486638,0,26,F1
Sample_007_Region,166814-sample_1_lv_0046706_007,0,-5.0822535,5.9882474,0,53,Th
Sample_007_Region,166815-sample_1_lv_0046706_007,18,14.500012,3.3726134,0,34,F1
Sample_007_Region,166816-sample_1_lv_0046706_007,0,-4.4376626,8.052215,0,57,F1
Sample_007_Region,166817-sample_1_lv_0046706_007,0,-4.3413415,7.5686235,0,4,Macro_2
Sample_007_Region,166818-sample_1_lv_0046706_007,0,-3.1233165,7.3931236,0,6,F1
Sample_007_Region,166819-sample_1_lv_0046706_007,0,-3.9145184,8.242686,0,8,F1
Sample_007_Region,166820-sample_1_lv_0046706_007,30,16.110378,0.5603417,0,403,F2
Sample_007_Region,166821-sample_1_lv_0046706_007,1,7.6323752,8.141515,0,105,F2
Sample_007_Region,166822-sample_1_lv_0046706_007,11,10.291344,9.383429,0,25,F3
Sample_007_Region,166823-sample_1_lv_0046706_007,2,10.16877,6.196403,0,43,Tc
Sample_007_Region,166824-sample_1_lv_0046706_007,0,-2.926252,5.525184,0,40,F3
Sample_007_Region,166825-sample_1_lv_0046706_007,0,-4.389197,9.761945,0,16,Mono_mac
Sample_007_Region,166826-sample_1_lv_0046706_007,0,-4.5060825,7.3300633,0,4,F1
Sample_007_Region,166827-sample_1_lv_0046706_007,0,-3.7949593,5.218875,0,1,Differentiated_KC
Sample_007_Region,166828-sample_1_lv_0046706_007,0,-5.076873,6.589582,0,2,Differentiated_KC
Sample_007_Region,166829-sample_1_lv_0046706_007,27,0.014242818,2.4494498,0,10,Macro_1
Sample_007_Region,166830-sample_1_lv_0046706_007,0,-6.02582,5.9360976,0,3,Differentiated_KC
Sample_007_Region,166831-sample_1_lv_0046706_007,11,11.297483,9.980552,0,63,F1
Sample_007_Region,166832-sample_1_lv_0046706_007,0,-4.3681073,6.8316984,0,13,Macro_1
Sample_007_Region,166833-sample_1_lv_0046706_007,0,-2.9105375,7.7430086,0,82,F2
Sample_007_Region,166834-sample_1_lv_0046706_007,30,20.96517,6.221409,0,4,F1
Sample_007_Region,166835-sample_1_lv_0046706_007,0,-2.6653948,8.685623,0,80,LE2
Sample_007_Region,166836-sample_1_lv_0046706_007,30,20.647669,5.1649175,0,26,F1
Sample_007_Region,166837-sample_1_lv_0046706_007,0,-2.7042952,8.487518,0,2,F1
Sample_007_Region,166838-sample_1_lv_0046706_007,31,9.188668,-2.8062143,0,6,Macro_1
Sample_007_Region,166839-sample_1_lv_0046706_007,12,13.931787,6.2946177,0,40,F1
Sample_007_Region,166840-sample_1_lv_0046706_007,0,-3.4091294,5.671114,0,9,Th
Sample_007_Region,166841-sample_1_lv_0046706_007,16,6.0559216,8.7300625,0,14,Th
Sample_007_Region,166842-sample_1_lv_0046706_007,31,10.50043,-2.1549444,0,341,VE2
Sample_007_Region,166843-sample_1_lv_0046706_007,0,-6.2802763,8.670801,0,25,F1
Sample_007_Region,166844-sample_1_lv_0046706_007,0,-2.1858566,6.4160314,0,13,F1
Sample_007_Region,166845-sample_1_lv_0046706_007,31,9.763436,-2.6837993,0,50,Mono_mac
Sample_007_Region,166846-sample_1_lv_0046706_007,4,15.654946,9.63628,0,36,F1
Sample_007_Region,166847-sample_1_lv_0046706_007,0,-4.2554703,8.082164,0,39,Th
Sample_007_Region,166848-sample_1_lv_0046706_007,17,2.463112,9.619229,0,27,F3
Sample_007_Region,166849-sample_1_lv_0046706_007,2,9.928505,6.362284,0,72,Macro_1
Sample_007_Region,166850-sample_1_lv_0046706_007,20,16.088284,14.779394,0,95,Pericyte_1
Sample_007_Region,166851-sample_1_lv_0046706_007,0,-6.4978385,6.3475013,0,2,Differentiated_KC
Sample_007_Region,166852-sample_1_lv_0046706_007,0,-4.5491276,6.966092,0,22,Mono_mac
Sample_007_Region,166853-sample_1_lv_0046706_007,0,-5.3551073,8.585764,0,1,Th
Sample_007_Region,166854-sample_1_lv_0046706_007,0,-4.1802263,9.529527,0,23,Pericyte_1
Sample_007_Region,166855-sample_1_lv_0046706_007,0,-5.243675,9.348925,0,14,Mono_mac
Sample_007_Region,166856-sample_1_lv_0046706_007,15,5.562854,3.8251815,0,48,Macro_1
Sample_007_Region,166857-sample_1_lv_0046706_007,3,5.632566,5.639832,0,152,Mono_mac
Sample_007_Region,166858-sample_1_lv_0046706_007,9,9.178845,13.492304,0,183,Tc
Sample_007_Region,166859-sample_1_lv_0046706_007,0,-4.542535,9.328865,0,47,Macro_1
Sample_007_Region,166860-sample_1_lv_0046706_007,15,4.9791713,12.385929,0,32,F3
Sample_007_Region,166861-sample_1_lv_0046706_007,0,-4.051967,8.182337,0,34,F1
Sample_007_Region,166862-sample_1_lv_0046706_007,3,7.663904,5.484838,0,109,F1
Sample_007_Region,166863-sample_1_lv_0046706_007,0,-5.1710567,7.309794,0,4,Macro_1
Sample_007_Region,166864-sample_1_lv_0046706_007,11,10.2285795,10.767168,0,95,F1
Sample_007_Region,166865-sample_1_lv_0046706_007,0,-6.5196586,5.56932,0,34,F2
Sample_007_Region,166866-sample_1_lv_0046706_007,0,-3.7356727,6.3528047,0,46,Mono_mac
Sample_007_Region,166867-sample_1_lv_0046706_007,0,-5.2935767,5.7323694,0,13,Macro_1
Sample_007_Region,166868-sample_1_lv_0046706_007,0,-3.017596,6.8445168,0,46,F2
Sample_007_Region,166869-sample_1_lv_0046706_007,0,-4.536921,8.85512,0,3,Undifferentiated_KC
Sample_007_Region,166870-sample_1_lv_0046706_007,0,-4.72849,8.741113,0,7,F1
Sample_007_Region,166871-sample_1_lv_0046706_007,0,-4.3565392,7.87765,0,1,Differentiated_KC
Sample_007_Region,166872-sample_1_lv_0046706_007,0,-5.1083555,9.54984,0,19,Undifferentiated_KC
Sample_007_Region,166873-sample_1_lv_0046706_007,0,-7.0368767,7.7713785,0,3,Undifferentiated_KC
Sample_007_Region,166874-sample_1_lv_0046706_007,0,-6.378714,7.0216327,0,0,Differentiated_KC
Sample_007_Region,166875-sample_1_lv_0046706_007,0,-4.1377215,7.889413,0,78,Undifferentiated_KC
Sample_007_Region,166876-sample_1_lv_0046706_007,0,-4.435588,9.209904,0,2,F2
Sample_007_Region,166877-sample_1_lv_0046706_007,28,8.028336,-7.9725776,0,12,Mono_mac
Sample_007_Region,166878-sample_1_lv_0046706_007,9,9.638473,15.09777,0,22,Mono_mac
Sample_007_Region,166879-sample_1_lv_0046706_007,0,-5.9843993,7.5623856,0,5,F1
Sample_007_Region,166880-sample_1_lv_0046706_007,0,-6.2569094,7.9459114,0,13,Mono_mac
Sample_007_Region,166881-sample_1_lv_0046706_007,34,3.1765423,17.917704,0,23,Th
Sample_007_Region,166882-sample_1_lv_0046706_007,0,-6.9711366,7.0762677,0,17,F1
Sample_007_Region,166883-sample_1_lv_0046706_007,3,5.9643474,5.654495,0,19,F1
Sample_007_Region,166884-sample_1_lv_0046706_007,16,5.4230733,8.038152,0,49,Mono_mac
Sample_007_Region,166885-sample_1_lv_0046706_007,0,-5.6513486,8.779681,0,79,Macro_1
Sample_007_Region,166886-sample_1_lv_0046706_007,0,-4.6478505,4.9622235,0,26,F1
Sample_007_Region,166887-sample_1_lv_0046706_007,0,-4.9078703,7.8681846,0,2,Th
Sample_007_Region,166888-sample_1_lv_0046706_007,0,-3.6578624,6.8807073,0,16,Th
Sample_007_Region,166889-sample_1_lv_0046706_007,0,-5.511076,8.626032,0,12,F1
Sample_007_Region,166890-sample_1_lv_0046706_007,0,-6.0411506,5.915849,0,62,F1
Sample_007_Region,166891-sample_1_lv_0046706_007,0,-5.2291665,8.058165,0,23,Th
Sample_007_Region,166892-sample_1_lv_0046706_007,0,-4.166598,8.870644,0,18,Th
Sample_007_Region,166893-sample_1_lv_0046706_007,35,10.946813,16.646059,0,25,Macro_1
Sample_007_Region,166894-sample_1_lv_0046706_007,0,-4.7793474,5.490294,0,55,F1
Sample_007_Region,166895-sample_1_lv_0046706_007,0,-5.2815213,5.0054984,0,4,Macro_1
Sample_007_Region,166896-sample_1_lv_0046706_007,35,4.132975,2.4754817,0,47,Th
Sample_007_Region,166897-sample_1_lv_0046706_007,10,13.403657,9.508415,0,61,Mono_mac
Sample_007_Region,166898-sample_1_lv_0046706_007,0,-3.7246864,6.3406262,0,9,F2
Sample_007_Region,166899-sample_1_lv_0046706_007,12,2.8593445,6.250211,0,19,F1
Sample_007_Region,166900-sample_1_lv_0046706_007,0,-3.899038,7.544082,0,34,F1
Sample_007_Region,166901-sample_1_lv_0046706_007,0,-3.4213665,8.346724,0,29,F1
Sample_007_Region,166902-sample_1_lv_0046706_007,3,6.018082,5.5446954,0,21,Mono_mac
Sample_007_Region,166903-sample_1_lv_0046706_007,27,0.16672319,2.3408751,0,13,Macro_1
Sample_007_Region,166904-sample_1_lv_0046706_007,0,-4.5393577,8.724202,0,11,Th
Sample_007_Region,166905-sample_1_lv_0046706_007,24,13.093428,-3.8762,0,31,Undifferentiated_KC
Sample_007_Region,166906-sample_1_lv_0046706_007,0,-4.0946236,6.788495,0,14,Macro_1
Sample_007_Region,166907-sample_1_lv_0046706_007,0,-3.409124,6.6745095,0,4,F2
Sample_007_Region,166908-sample_1_lv_0046706_007,0,-4.762323,8.421935,0,6,Th
Sample_007_Region,166909-sample_1_lv_0046706_007,2,11.481913,5.7110243,0,5,F2
Sample_007_Region,166910-sample_1_lv_0046706_007,0,-3.941971,5.559709,0,4,F1
Sample_007_Region,166911-sample_1_lv_0046706_007,0,-4.0618234,7.1259027,0,197,F2
Sample_007_Region,166912-sample_1_lv_0046706_007,0,-3.842484,8.553111,0,11,Th
Sample_007_Region,166913-sample_1_lv_0046706_007,20,16.960453,14.450126,0,386,Macro_1
Sample_007_Region,166914-sample_1_lv_0046706_007,1,6.8255033,7.9518347,0,29,F2
Sample_007_Region,166915-sample_1_lv_0046706_007,15,4.949015,12.5957,0,18,Macro_1
Sample_007_Region,166916-sample_1_lv_0046706_007,0,-4.222237,9.4183855,0,43,F1
Sample_007_Region,166917-sample_1_lv_0046706_007,0,-3.6739545,6.4718456,0,52,F1
Sample_007_Region,166918-sample_1_lv_0046706_007,0,-2.4299839,8.774133,0,104,F1
Sample_007_Region,166919-sample_1_lv_0046706_007,4,16.128504,6.936308,0,57,Th
Sample_007_Region,166920-sample_1_lv_0046706_007,3,6.191963,4.852646,0,49,Th
Sample_007_Region,166921-sample_1_lv_0046706_007,0,-4.493982,9.182285,0,80,F2
Sample_007_Region,166922-sample_1_lv_0046706_007,15,7.648512,1.7829921,0,118,F1
Sample_007_Region,166923-sample_1_lv_0046706_007,22,10.911499,19.305382,0,35,F1
Sample_007_Region,166924-sample_1_lv_0046706_007,15,5.622907,2.9476125,0,94,F1
Sample_007_Region,166925-sample_1_lv_0046706_007,6,12.181103,13.104144,0,53,Pericyte_1
Sample_007_Region,166926-sample_1_lv_0046706_007,0,-4.8697133,8.680136,0,6,Differentiated_KC
Sample_007_Region,166927-sample_1_lv_0046706_007,18,15.0237055,2.6966631,0,137,F3
Sample_007_Region,166928-sample_1_lv_0046706_007,0,-5.759669,9.14449,0,1,Differentiated_KC
Sample_007_Region,166929-sample_1_lv_0046706_007,0,-6.1627264,6.7356195,0,46,F1
Sample_007_Region,166930-sample_1_lv_0046706_007,0,-4.537005,5.5301976,0,30,Macro_1
Sample_007_Region,166931-sample_1_lv_0046706_007,2,12.035539,7.272121,0,22,Tc
Sample_007_Region,166932-sample_1_lv_0046706_007,0,-6.373692,5.8601303,0,5,Th
Sample_007_Region,166933-sample_1_lv_0046706_007,19,20.20677,13.7928705,0,62,F3
Sample_007_Region,166934-sample_1_lv_0046706_007,0,-5.5322413,5.336181,0,21,Th
Sample_007_Region,166935-sample_1_lv_0046706_007,0,-5.616926,5.5776277,0,9,VE2
Sample_007_Region,166936-sample_1_lv_0046706_007,0,-4.7684836,6.939285,0,9,F1
Sample_007_Region,166937-sample_1_lv_0046706_007,0,-3.9168127,5.653694,0,9,Macro_1
Sample_007_Region,166938-sample_1_lv_0046706_007,15,5.4922953,3.1805632,0,64,F3
Sample_007_Region,166939-sample_1_lv_0046706_007,0,-4.495091,7.214361,0,10,F1
Sample_007_Region,166940-sample_1_lv_0046706_007,17,2.677145,13.081552,0,82,F1
Sample_007_Region,166941-sample_1_lv_0046706_007,0,-3.316724,7.1067233,0,60,Pericyte_2
Sample_007_Region,166942-sample_1_lv_0046706_007,31,10.482653,-2.699547,0,102,F1
Sample_007_Region,166943-sample_1_lv_0046706_007,2,12.046506,7.365818,0,115,Tc
Sample_007_Region,166944-sample_1_lv_0046706_007,15,5.642213,2.8381915,0,137,F3
Sample_007_Region,166945-sample_1_lv_0046706_007,4,15.592977,9.448029,0,78,Th
Sample_007_Region,166949-sample_1_lv_0046706_007,10,16.311605,8.839059,0,66,F2
Sample_007_Region,166950-sample_1_lv_0046706_007,2,12.243637,7.1557417,0,74,Th
Sample_007_Region,166951-sample_1_lv_0046706_007,5,8.290496,3.7176156,0,39,F1
Sample_007_Region,166952-sample_1_lv_0046706_007,19,19.853672,11.417654,0,103,LE1
Sample_007_Region,166953-sample_1_lv_0046706_007,3,6.4440327,5.289297,0,71,Mono_mac
Sample_007_Region,166960-sample_1_lv_0046706_007,30,20.79712,5.4536505,0,26,F1
Sample_007_Region,166961-sample_1_lv_0046706_007,2,11.337846,7.3978734,0,30,DC2
Sample_007_Region,166963-sample_1_lv_0046706_007,31,10.08456,-2.157482,0,28,F1
Sample_007_Region,166964-sample_1_lv_0046706_007,0,-5.4636493,8.8308,0,30,F1
Sample_007_Region,166965-sample_1_lv_0046706_007,23,6.3969617,19.222725,0,215,Undifferentiated_KC
Sample_007_Region,166966-sample_1_lv_0046706_007,15,4.913603,12.088157,0,36,F3
Sample_007_Region,166967-sample_1_lv_0046706_007,5,8.1416235,3.5987668,0,79,F3
Sample_007_Region,166968-sample_1_lv_0046706_007,34,2.4086893,17.304373,0,63,Macro_1
Sample_007_Region,166969-sample_1_lv_0046706_007,27,0.44774994,0.07531289,0,83,Macro_1
Sample_007_Region,166970-sample_1_lv_0046706_007,1,8.146345,7.5886087,0,27,Mono_mac
Sample_007_Region,166971-sample_1_lv_0046706_007,0,-4.062089,7.214891,0,102,Macro_1
Sample_007_Region,166972-sample_1_lv_0046706_007,0,-2.0947773,7.1092157,0,7,F3
Sample_007_Region,166973-sample_1_lv_0046706_007,0,-3.6511767,7.6807775,0,10,F1
Sample_007_Region,166974-sample_1_lv_0046706_007,34,1.8892289,15.737829,0,89,F1
Sample_007_Region,166975-sample_1_lv_0046706_007,27,1.4767702,1.0544513,0,56,Mono_mac
Sample_007_Region,166976-sample_1_lv_0046706_007,26,8.015994,-3.3795905,0,71,Pericyte_2
Sample_007_Region,166982-sample_1_lv_0046706_007,0,-6.7839065,8.060062,0,0,Differentiated_KC
Sample_007_Region,166983-sample_1_lv_0046706_007,16,6.234694,8.542171,0,48,F1
Sample_007_Region,166984-sample_1_lv_0046706_007,0,-6.056439,8.081556,0,1,Differentiated_KC
Sample_007_Region,166985-sample_1_lv_0046706_007,0,-2.8260314,7.703487,0,54,Th
Sample_007_Region,166986-sample_1_lv_0046706_007,12,13.056328,6.238018,0,52,Tc
Sample_007_Region,166987-sample_1_lv_0046706_007,0,-4.5434737,8.663019,0,20,Pericyte_2
Sample_007_Region,166991-sample_1_lv_0046706_007,18,18.186085,1.9484271,0,98,F1
Sample_007_Region,166992-sample_1_lv_0046706_007,0,-6.752313,7.033816,0,165,F2
Sample_007_Region,166993-sample_1_lv_0046706_007,2,12.275003,7.1308827,0,26,F2
Sample_007_Region,166994-sample_1_lv_0046706_007,0,-3.5004292,8.272939,0,0,Differentiated_KC
Sample_007_Region,166998-sample_1_lv_0046706_007,0,-3.0905638,8.333098,0,36,F1
Sample_007_Region,166999-sample_1_lv_0046706_007,35,10.521163,16.487038,0,35,Mono_mac
Sample_007_Region,167009-sample_1_lv_0046706_007,30,20.901735,6.1208763,0,9,Macro_1
Sample_007_Region,167010-sample_1_lv_0046706_007,15,5.0355425,12.69313,0,2,Differentiated_KC
Sample_007_Region,167011-sample_1_lv_0046706_007,0,-7.019436,6.9418917,0,7,F1
Sample_007_Region,167012-sample_1_lv_0046706_007,17,1.5704902,13.651157,0,224,F1
Sample_007_Region,167013-sample_1_lv_0046706_007,12,2.6134684,6.277619,0,17,F1
Sample_007_Region,167014-sample_1_lv_0046706_007,0,-3.5782194,6.93335,0,0,Differentiated_KC
Sample_007_Region,167015-sample_1_lv_0046706_007,10,13.684445,11.1642065,0,18,F2
Sample_007_Region,167016-sample_1_lv_0046706_007,0,-4.105603,6.7867184,0,0,Differentiated_KC
Sample_007_Region,167017-sample_1_lv_0046706_007,2,11.156591,7.4882,0,16,F1
Sample_007_Region,167018-sample_1_lv_0046706_007,24,14.036024,-4.237607,0,8,Th
Sample_007_Region,167019-sample_1_lv_0046706_007,0,-4.5425787,7.0084624,0,8,LE2
Sample_007_Region,167020-sample_1_lv_0046706_007,0,-4.1599355,7.2196693,0,2,Th
Sample_007_Region,167021-sample_1_lv_0046706_007,0,-3.2595935,6.399091,0,26,F1
Sample_007_Region,167022-sample_1_lv_0046706_007,0,-3.2497919,5.522754,0,2,Th
Sample_007_Region,167023-sample_1_lv_0046706_007,0,-6.0890627,5.5576134,0,13,F1
Sample_007_Region,167024-sample_1_lv_0046706_007,0,-5.8791943,6.946723,0,11,Mono_mac
Sample_007_Region,167025-sample_1_lv_0046706_007,16,5.4252496,8.104458,0,24,F3
Sample_007_Region,167026-sample_1_lv_0046706_007,0,-3.9450626,8.689596,0,64,F3
Sample_007_Region,167027-sample_1_lv_0046706_007,0,-5.575671,7.773482,0,31,Pericyte_1
Sample_007_Region,167028-sample_1_lv_0046706_007,17,3.8309925,13.443133,0,63,F1
Sample_007_Region,167029-sample_1_lv_0046706_007,3,8.520235,5.16017,0,122,F3
Sample_007_Region,167030-sample_1_lv_0046706_007,0,-5.165582,9.350158,0,40,F2
Sample_007_Region,167031-sample_1_lv_0046706_007,0,-6.1828904,5.3609977,0,1,Th
Sample_007_Region,167032-sample_1_lv_0046706_007,0,-2.4951777,5.74712,0,4,Undifferentiated_KC
Sample_007_Region,167033-sample_1_lv_0046706_007,0,-2.7255838,8.222928,0,27,F1
Sample_007_Region,167034-sample_1_lv_0046706_007,1,8.351351,7.6621313,0,45,VE1
Sample_007_Region,167035-sample_1_lv_0046706_007,0,-4.542294,6.546804,0,9,Macro_1
Sample_007_Region,167036-sample_1_lv_0046706_007,0,-2.290354,7.966481,0,7,Th
Sample_007_Region,167037-sample_1_lv_0046706_007,24,13.648628,-4.142996,0,13,Th
Sample_007_Region,167038-sample_1_lv_0046706_007,0,-3.1833677,8.0093355,0,8,F1
Sample_007_Region,167039-sample_1_lv_0046706_007,0,-4.321063,9.379834,0,33,Macro_1
Sample_007_Region,167040-sample_1_lv_0046706_007,0,-3.420959,7.75637,0,63,F1
Sample_007_Region,167041-sample_1_lv_0046706_007,29,4.2931,3.2396522,0,111,Mono_mac
Sample_007_Region,167042-sample_1_lv_0046706_007,0,-2.877033,5.433144,0,22,Th
Sample_007_Region,167043-sample_1_lv_0046706_007,0,-5.621049,9.370559,0,42,F1
Sample_007_Region,167044-sample_1_lv_0046706_007,33,0.8531888,20.80401,0,10,Macro_1
Sample_007_Region,167045-sample_1_lv_0046706_007,0,-4.194984,6.323591,0,41,F2
Sample_007_Region,167046-sample_1_lv_0046706_007,0,-3.2350273,6.8338785,0,5,F1
Sample_007_Region,167047-sample_1_lv_0046706_007,0,-1.9269952,7.273798,0,12,Macro_1
Sample_007_Region,167048-sample_1_lv_0046706_007,27,0.128996,0.1530361,0,60,Macro_1
Sample_007_Region,167049-sample_1_lv_0046706_007,0,-3.8470235,7.112855,0,2,Macro_1
Sample_007_Region,167050-sample_1_lv_0046706_007,0,-3.4220505,5.5698743,0,15,F1
Sample_007_Region,167051-sample_1_lv_0046706_007,0,-3.1297162,6.9665985,0,85,F1
Sample_007_Region,167052-sample_1_lv_0046706_007,3,8.58801,6.223605,0,56,F1
Sample_007_Region,167053-sample_1_lv_0046706_007,27,0.3923087,0.056979816,0,84,Pericyte_2
Sample_007_Region,167054-sample_1_lv_0046706_007,0,-3.8097754,7.0246162,0,14,F1
Sample_007_Region,167321-sample_1_lv_0046706_007,0,-7.051323,6.501747,0,5,Differentiated_KC
Sample_007_Region,167322-sample_1_lv_0046706_007,26,9.01089,-5.3245997,0,1,Differentiated_KC
Sample_007_Region,167323-sample_1_lv_0046706_007,28,7.957572,-8.035362,0,5,F1
Sample_007_Region,167324-sample_1_lv_0046706_007,0,-3.6955047,7.289148,0,0,Differentiated_KC
Sample_007_Region,167325-sample_1_lv_0046706_007,11,9.308558,10.444572,0,5,F1
Sample_007_Region,167326-sample_1_lv_0046706_007,0,-6.388391,7.352595,0,0,Differentiated_KC
Sample_007_Region,167327-sample_1_lv_0046706_007,0,-4.9259334,8.537773,0,0,Differentiated_KC
Sample_007_Region,167328-sample_1_lv_0046706_007,0,-4.32785,4.860908,0,0,Differentiated_KC
Sample_007_Region,167329-sample_1_lv_0046706_007,15,6.4442687,0.8384285,0,32,Mono_mac
Sample_007_Region,167330-sample_1_lv_0046706_007,31,9.194147,-2.8296695,0,5,Differentiated_KC
Sample_007_Region,167331-sample_1_lv_0046706_007,0,-4.571435,7.667097,0,11,F2
Sample_007_Region,167332-sample_1_lv_0046706_007,3,6.4207954,4.8992004,0,243,Mono_mac
Sample_007_Region,167333-sample_1_lv_0046706_007,0,-3.4310603,6.564001,0,64,LC
Sample_007_Region,167334-sample_1_lv_0046706_007,0,-6.4117074,7.6304255,0,0,Differentiated_KC
Sample_007_Region,167335-sample_1_lv_0046706_007,0,-4.150029,6.64503,0,32,Macro_1
Sample_007_Region,167336-sample_1_lv_0046706_007,0,-6.34102,7.852835,0,10,F3
Sample_007_Region,167337-sample_1_lv_0046706_007,1,8.4552765,7.6699066,0,78,Mono_mac
Sample_007_Region,167338-sample_1_lv_0046706_007,0,-5.570548,6.383021,0,0,Differentiated_KC
Sample_007_Region,167339-sample_1_lv_0046706_007,12,13.580407,6.2828007,0,23,Treg
Sample_007_Region,167340-sample_1_lv_0046706_007,0,-6.1787424,6.8393955,0,11,Macro_1
Sample_007_Region,167341-sample_1_lv_0046706_007,0,-2.8809903,8.033251,0,11,Macro_1
Sample_007_Region,167342-sample_1_lv_0046706_007,0,-4.993848,6.66446,0,5,F1
Sample_007_Region,167343-sample_1_lv_0046706_007,1,8.67278,9.572061,0,52,F1
Sample_007_Region,167344-sample_1_lv_0046706_007,0,-5.062574,6.6007605,0,219,F1
Sample_007_Region,167345-sample_1_lv_0046706_007,0,-6.1315002,7.558975,0,84,Macro_1
Sample_007_Region,167346-sample_1_lv_0046706_007,0,-3.2441235,7.9920187,0,37,F1
Sample_007_Region,167347-sample_1_lv_0046706_007,20,16.374258,14.699385,0,52,Th
Sample_007_Region,167348-sample_1_lv_0046706_007,28,8.1476755,-7.8668747,0,15,Mono_mac
Sample_007_Region,167349-sample_1_lv_0046706_007,0,-4.0026226,8.772823,0,14,Mono_mac
Sample_007_Region,167350-sample_1_lv_0046706_007,36,-7.260851,6.442647,0,0,Differentiated_KC
Sample_007_Region,167351-sample_1_lv_0046706_007,0,-5.9614134,5.8138185,0,0,Differentiated_KC
Sample_007_Region,167352-sample_1_lv_0046706_007,28,7.99452,-8.002783,0,2,Undifferentiated_KC
Sample_007_Region,167353-sample_1_lv_0046706_007,0,-4.70847,6.2841144,0,0,Differentiated_KC
Sample_007_Region,167354-sample_1_lv_0046706_007,0,-4.4603047,7.698075,0,19,F1
Sample_007_Region,167355-sample_1_lv_0046706_007,15,6.386262,0.79028744,0,28,F3
Sample_007_Region,167356-sample_1_lv_0046706_007,0,-4.107229,8.594886,0,11,Macro_1
Sample_007_Region,167357-sample_1_lv_0046706_007,5,8.293435,3.6683683,0,6,Differentiated_KC
Sample_007_Region,167358-sample_1_lv_0046706_007,0,-4.682461,9.193515,0,25,F3
Sample_007_Region,167359-sample_1_lv_0046706_007,0,-4.679589,9.199239,0,71,F1
Sample_007_Region,167360-sample_1_lv_0046706_007,0,-3.9034665,6.9553676,0,46,Tc
Sample_007_Region,167361-sample_1_lv_0046706_007,0,-3.300422,5.682635,0,0,Differentiated_KC
Sample_007_Region,167362-sample_1_lv_0046706_007,0,-4.7314906,6.1856017,0,14,F1
Sample_007_Region,167363-sample_1_lv_0046706_007,17,1.7344046,8.19131,0,7,F1
Sample_007_Region,167364-sample_1_lv_0046706_007,0,-3.8217223,8.737049,0,1,Treg
Sample_007_Region,167365-sample_1_lv_0046706_007,15,6.197245,3.0042613,0,313,Undifferentiated_KC
Sample_007_Region,167369-sample_1_lv_0046706_007,0,-2.14718,7.2522473,0,1,Differentiated_KC
Sample_007_Region,167415-sample_1_lv_0046706_007,0,-2.6717737,6.485096,0,38,Undifferentiated_KC
Sample_007_Region,167416-sample_1_lv_0046706_007,10,13.364198,11.343048,0,58,Undifferentiated_KC
Sample_007_Region,167417-sample_1_lv_0046706_007,0,-2.1515899,6.3540306,0,60,Th
Sample_007_Region,167418-sample_1_lv_0046706_007,14,11.357748,3.415305,0,49,F2
Sample_007_Region,167419-sample_1_lv_0046706_007,18,18.441671,2.6807566,0,25,F1
Sample_007_Region,167420-sample_1_lv_0046706_007,28,9.284816,-6.873631,0,34,Mono_mac
Sample_007_Region,167421-sample_1_lv_0046706_007,24,9.288639,0.59424895,0,60,F1
Sample_007_Region,167422-sample_1_lv_0046706_007,0,-2.2112148,6.961713,0,5,Th
Sample_007_Region,167423-sample_1_lv_0046706_007,0,-5.145523,7.664558,0,17,F1
Sample_007_Region,167424-sample_1_lv_0046706_007,0,-5.8422046,5.4435563,0,1,Differentiated_KC
Sample_007_Region,167425-sample_1_lv_0046706_007,0,-5.9652853,8.055345,0,39,Pericyte_1
Sample_007_Region,167426-sample_1_lv_0046706_007,0,-2.527884,8.216757,0,37,F1
Sample_007_Region,167427-sample_1_lv_0046706_007,0,-4.6991096,7.407991,0,2,Macro_1
Sample_007_Region,167428-sample_1_lv_0046706_007,0,-6.4692135,6.8636174,0,0,Differentiated_KC
Sample_007_Region,167429-sample_1_lv_0046706_007,0,-4.3198013,4.6482787,0,11,Macro_1
Sample_007_Region,167430-sample_1_lv_0046706_007,0,-2.9982257,6.6744347,0,15,F1
Sample_007_Region,167431-sample_1_lv_0046706_007,0,-3.389627,6.387672,0,1,Differentiated_KC
Sample_007_Region,167432-sample_1_lv_0046706_007,0,-5.779739,4.9578114,0,17,F1
Sample_007_Region,167433-sample_1_lv_0046706_007,0,-4.7953935,5.886989,0,26,Macro_1
Sample_007_Region,167434-sample_1_lv_0046706_007,16,5.240217,8.43503,0,10,F1
Sample_007_Region,167435-sample_1_lv_0046706_007,0,-3.362722,6.959204,0,14,Undifferentiated_KC
Sample_007_Region,167436-sample_1_lv_0046706_007,0,-6.544843,6.8819957,0,3,Undifferentiated_KC
Sample_007_Region,167437-sample_1_lv_0046706_007,0,-4.2321043,5.057909,0,15,F1
Sample_007_Region,167489-sample_1_lv_0046706_007,0,-3.0373363,7.5831323,0,2,Undifferentiated_KC
Sample_007_Region,167490-sample_1_lv_0046706_007,12,16.842272,5.137763,0,40,F2
Sample_007_Region,167491-sample_1_lv_0046706_007,0,-3.4253445,6.5569496,0,7,F1
Sample_007_Region,167492-sample_1_lv_0046706_007,0,-5.0418944,6.384936,0,3,F1
Sample_007_Region,167493-sample_1_lv_0046706_007,38,-3.3100908,9.759063,0,23,F1
Sample_007_Region,167494-sample_1_lv_0046706_007,8,13.819275,0.57710373,0,15,F1
Sample_007_Region,167495-sample_1_lv_0046706_007,0,-6.479987,9.255563,0,5,Th
Sample_007_Region,167496-sample_1_lv_0046706_007,0,-6.703184,6.272251,0,8,F2
Sample_007_Region,167497-sample_1_lv_0046706_007,0,-4.061441,8.548675,0,0,Differentiated_KC
Sample_007_Region,167498-sample_1_lv_0046706_007,0,-4.187798,8.913321,0,4,F1
Sample_007_Region,167499-sample_1_lv_0046706_007,0,-3.1178114,9.270744,0,5,VE1
Sample_007_Region,167500-sample_1_lv_0046706_007,0,-5.5431113,7.5571356,0,0,Differentiated_KC
Sample_007_Region,167501-sample_1_lv_0046706_007,0,-4.7814846,9.147284,0,0,Differentiated_KC
Sample_007_Region,167502-sample_1_lv_0046706_007,0,-6.022596,7.1924987,0,5,F2
Sample_007_Region,167503-sample_1_lv_0046706_007,0,-4.030138,6.2644124,0,1,F2
Sample_007_Region,167504-sample_1_lv_0046706_007,30,20.946,6.23962,0,7,Undifferentiated_KC
Sample_007_Region,167505-sample_1_lv_0046706_007,6,12.077984,12.908741,0,29,LE2
Sample_007_Region,167508-sample_1_lv_0046706_007,0,-2.6431832,8.195647,0,5,F1
Sample_007_Region,167509-sample_1_lv_0046706_007,0,-4.094966,8.167429,0,4,Inf_mac
Sample_007_Region,167510-sample_1_lv_0046706_007,0,-3.0371284,6.9819055,0,0,Differentiated_KC
Sample_007_Region,167511-sample_1_lv_0046706_007,0,-5.8104634,8.327419,0,1,Treg
Sample_007_Region,167512-sample_1_lv_0046706_007,0,-7.10843,7.8493643,0,0,Differentiated_KC
Sample_007_Region,167513-sample_1_lv_0046706_007,0,-3.5378845,6.9241486,0,0,Differentiated_KC
Sample_007_Region,167514-sample_1_lv_0046706_007,0,-4.0975885,6.607687,0,16,F1
Sample_007_Region,167515-sample_1_lv_0046706_007,0,-5.972311,9.236587,0,7,Undifferentiated_KC
Sample_007_Region,167516-sample_1_lv_0046706_007,0,-3.2846603,5.2801175,0,6,F2
Sample_007_Region,167517-sample_1_lv_0046706_007,0,-4.117331,6.862175,0,4,Macro_1
Sample_007_Region,167518-sample_1_lv_0046706_007,0,-3.9486332,5.9211807,0,12,Differentiated_KC
Sample_007_Region,167519-sample_1_lv_0046706_007,37,-2.497102,8.818632,0,3,F1
Sample_007_Region,167520-sample_1_lv_0046706_007,0,-6.49046,7.84565,0,0,Differentiated_KC
Sample_007_Region,167521-sample_1_lv_0046706_007,36,-7.2087297,6.189406,0,3,Macro_1
Sample_007_Region,167522-sample_1_lv_0046706_007,0,-4.523933,6.429391,0,4,F1
Sample_007_Region,167523-sample_1_lv_0046706_007,18,18.517668,2.6721432,0,36,F1
Sample_007_Region,167524-sample_1_lv_0046706_007,0,-5.585631,8.157505,0,15,F1
Sample_007_Region,167525-sample_1_lv_0046706_007,0,-3.453493,7.9645743,0,0,Differentiated_KC
Sample_007_Region,167526-sample_1_lv_0046706_007,0,-5.6973925,8.900906,0,0,Differentiated_KC
Sample_007_Region,167527-sample_1_lv_0046706_007,0,-2.3324468,7.7810473,0,1,F2
Sample_007_Region,167528-sample_1_lv_0046706_007,0,-4.2437687,6.958187,0,1,Differentiated_KC
Sample_007_Region,167529-sample_1_lv_0046706_007,0,-1.993683,7.980266,0,11,Undifferentiated_KC
Sample_007_Region,167530-sample_1_lv_0046706_007,0,-4.690647,9.215391,0,2,F1
Sample_007_Region,167531-sample_1_lv_0046706_007,0,-3.3296766,6.5123744,0,7,Th
Sample_007_Region,167532-sample_1_lv_0046706_007,0,-5.6960354,6.0724607,0,6,F1
Sample_007_Region,167533-sample_1_lv_0046706_007,0,-4.7557564,7.65925,0,7,F1
Sample_007_Region,167534-sample_1_lv_0046706_007,25,9.3114605,22.267826,0,21,moDC
Sample_007_Region,167535-sample_1_lv_0046706_007,1,8.402631,7.22015,0,14,Th
Sample_007_Region,167536-sample_1_lv_0046706_007,0,-6.0321565,9.356985,0,8,Undifferentiated_KC
Sample_007_Region,167537-sample_1_lv_0046706_007,0,-3.0019717,5.459702,0,5,Differentiated_KC
Sample_007_Region,167538-sample_1_lv_0046706_007,0,-4.352066,6.199474,0,6,VE1
Sample_007_Region,167539-sample_1_lv_0046706_007,0,-5.569322,9.11057,0,2,F1
Sample_007_Region,167540-sample_1_lv_0046706_007,30,7.1797285,-1.8404552,0,100,Th
Sample_007_Region,167541-sample_1_lv_0046706_007,0,-4.4955306,5.4453874,0,21,F3
Sample_007_Region,167542-sample_1_lv_0046706_007,0,-3.1004825,5.709539,0,20,F1
Sample_007_Region,167543-sample_1_lv_0046706_007,0,-3.7068627,6.253171,0,21,Macro_1
Sample_007_Region,167544-sample_1_lv_0046706_007,0,-3.2793949,5.304065,0,126,Undifferentiated_KC
Sample_007_Region,167545-sample_1_lv_0046706_007,20,16.769804,14.656269,0,240,F2
Sample_007_Region,167546-sample_1_lv_0046706_007,1,6.941681,11.329079,0,40,F2
Sample_007_Region,167547-sample_1_lv_0046706_007,11,9.8927555,10.439107,0,37,F2
Sample_007_Region,167548-sample_1_lv_0046706_007,3,9.602945,4.5013695,0,46,Mono_mac
Sample_007_Region,167549-sample_1_lv_0046706_007,0,-6.32736,5.717961,0,22,F2
Sample_007_Region,167550-sample_1_lv_0046706_007,14,12.14556,5.109202,0,109,F1
Sample_007_Region,167551-sample_1_lv_0046706_007,0,-2.60842,8.244844,0,0,Differentiated_KC
Sample_007_Region,167552-sample_1_lv_0046706_007,0,-6.3171945,5.651486,0,8,F1
Sample_007_Region,167553-sample_1_lv_0046706_007,0,-5.4520497,6.3611264,0,85,F1
Sample_007_Region,167554-sample_1_lv_0046706_007,0,-2.1076987,6.3706427,0,6,Th
Sample_007_Region,167555-sample_1_lv_0046706_007,0,-5.6535954,8.047991,0,0,Differentiated_KC
Sample_007_Region,167556-sample_1_lv_0046706_007,0,-4.109983,6.387452,0,0,Differentiated_KC
Sample_007_Region,167557-sample_1_lv_0046706_007,0,-2.58976,9.042776,0,2,Differentiated_KC
Sample_007_Region,167558-sample_1_lv_0046706_007,17,1.7396263,8.228263,0,8,F2
Sample_007_Region,167559-sample_1_lv_0046706_007,4,15.167425,7.302324,0,84,Mono_mac
Sample_007_Region,167560-sample_1_lv_0046706_007,0,-2.662102,7.6494975,0,7,F1
Sample_007_Region,167561-sample_1_lv_0046706_007,0,-5.6511083,8.1024,0,35,F1
Sample_007_Region,167562-sample_1_lv_0046706_007,0,-6.054067,8.63946,0,2,Th
Sample_007_Region,167563-sample_1_lv_0046706_007,16,6.5981765,8.147173,0,55,ILC1_3
Sample_007_Region,167564-sample_1_lv_0046706_007,0,-2.3865402,6.845853,0,2,F1
Sample_007_Region,167565-sample_1_lv_0046706_007,0,-3.1105356,5.5631757,0,17,F1
Sample_007_Region,167566-sample_1_lv_0046706_007,3,8.188771,5.9797883,0,48,F1
Sample_007_Region,167567-sample_1_lv_0046706_007,1,7.4547415,7.6420665,0,65,F1
Sample_007_Region,167568-sample_1_lv_0046706_007,0,-4.9719095,9.456755,0,2,F1
Sample_007_Region,167569-sample_1_lv_0046706_007,0,-6.5371943,5.9865685,0,0,Differentiated_KC
Sample_007_Region,167570-sample_1_lv_0046706_007,0,-4.557149,6.2806134,0,0,Differentiated_KC
Sample_007_Region,167571-sample_1_lv_0046706_007,0,-4.417664,6.9346037,0,1,Differentiated_KC
Sample_007_Region,167572-sample_1_lv_0046706_007,3,7.221372,6.1845922,0,54,F1
Sample_007_Region,167573-sample_1_lv_0046706_007,0,-2.5474646,7.122363,0,0,Differentiated_KC
Sample_007_Region,167574-sample_1_lv_0046706_007,0,-3.321022,7.257617,0,0,Differentiated_KC
Sample_007_Region,167575-sample_1_lv_0046706_007,0,-5.405733,6.9621143,0,109,F1
Sample_007_Region,167576-sample_1_lv_0046706_007,11,10.63353,10.062376,0,154,F2
Sample_007_Region,167577-sample_1_lv_0046706_007,0,-2.323756,6.6718235,0,8,F3
Sample_007_Region,167578-sample_1_lv_0046706_007,0,-6.362913,7.1273675,0,29,F3
Sample_007_Region,167579-sample_1_lv_0046706_007,0,-4.473738,8.348066,0,3,Th
Sample_007_Region,167580-sample_1_lv_0046706_007,19,20.366022,14.058733,0,162,F2
Sample_007_Region,167581-sample_1_lv_0046706_007,1,11.458158,11.573934,0,97,Macro_1
Sample_007_Region,167582-sample_1_lv_0046706_007,9,9.5169,14.664545,0,151,F2
Sample_007_Region,167583-sample_1_lv_0046706_007,0,-5.0669107,6.357097,0,54,Melanocyte
Sample_007_Region,167584-sample_1_lv_0046706_007,25,9.416536,22.240564,0,34,F1
Sample_007_Region,167585-sample_1_lv_0046706_007,0,-3.773598,8.109649,0,6,Macro_1
Sample_007_Region,167586-sample_1_lv_0046706_007,11,10.458718,9.13701,0,261,Macro_1
Sample_007_Region,167587-sample_1_lv_0046706_007,15,5.5205426,3.5263844,0,50,F3
Sample_007_Region,167588-sample_1_lv_0046706_007,18,16.260578,3.5766594,0,32,Mono_mac
Sample_007_Region,167589-sample_1_lv_0046706_007,0,-6.8091645,7.01588,0,167,Undifferentiated_KC
Sample_007_Region,167590-sample_1_lv_0046706_007,0,-2.8163154,6.1110406,0,13,Undifferentiated_KC
Sample_007_Region,167591-sample_1_lv_0046706_007,14,12.128095,4.2253385,0,99,F2
Sample_007_Region,167592-sample_1_lv_0046706_007,14,12.592253,5.4584026,0,90,F2
Sample_007_Region,167593-sample_1_lv_0046706_007,14,11.233272,4.1644325,0,23,Th
Sample_007_Region,167594-sample_1_lv_0046706_007,10,14.758372,10.605726,0,130,Th
Sample_007_Region,167595-sample_1_lv_0046706_007,14,10.796263,2.1382716,0,39,F2
Sample_007_Region,167596-sample_1_lv_0046706_007,0,-5.4778438,7.09419,0,2,Undifferentiated_KC
Sample_007_Region,167597-sample_1_lv_0046706_007,1,11.81994,10.824513,0,90,Macro_1
Sample_007_Region,167598-sample_1_lv_0046706_007,38,-2.9876258,9.848575,0,18,Treg
Sample_007_Region,167599-sample_1_lv_0046706_007,13,7.956599,11.649082,0,17,Differentiated_KC
Sample_007_Region,167600-sample_1_lv_0046706_007,10,13.706645,9.812988,0,184,F1
Sample_007_Region,167601-sample_1_lv_0046706_007,2,11.469704,6.2946286,0,53,F1
Sample_007_Region,167602-sample_1_lv_0046706_007,24,8.404424,-1.2127161,0,38,Pericyte_1
Sample_007_Region,167603-sample_1_lv_0046706_007,0,-5.5252633,7.7117248,0,86,F1
Sample_007_Region,167604-sample_1_lv_0046706_007,8,15.086108,-0.557829,0,58,Pericyte_2
Sample_007_Region,167605-sample_1_lv_0046706_007,0,-3.4791336,5.102136,0,41,F1
Sample_007_Region,167606-sample_1_lv_0046706_007,0,-5.245439,7.837847,0,22,F2
Sample_007_Region,167607-sample_1_lv_0046706_007,27,1.3766601,0.37588042,0,64,F3
Sample_007_Region,167608-sample_1_lv_0046706_007,12,14.020711,6.073495,0,137,F3
Sample_007_Region,167609-sample_1_lv_0046706_007,5,12.041747,5.433081,0,45,Macro_1
Sample_007_Region,167610-sample_1_lv_0046706_007,0,-4.6608405,6.4620557,0,48,Mono_mac
Sample_007_Region,167611-sample_1_lv_0046706_007,0,-4.9244614,6.867561,0,45,Pericyte_1
Sample_007_Region,167612-sample_1_lv_0046706_007,28,11.719866,-7.278906,0,71,Th
Sample_007_Region,167613-sample_1_lv_0046706_007,34,3.0814948,17.853245,0,31,F1
Sample_007_Region,167614-sample_1_lv_0046706_007,23,6.5203876,19.485394,0,192,DC2
Sample_007_Region,167615-sample_1_lv_0046706_007,3,6.8482466,5.712247,0,12,Macro_1
Sample_007_Region,167616-sample_1_lv_0046706_007,3,8.348459,6.1378336,0,99,F3
Sample_007_Region,167617-sample_1_lv_0046706_007,0,-3.8785164,6.578865,0,110,Macro_1
Sample_007_Region,167618-sample_1_lv_0046706_007,0,-5.609091,6.1190557,0,32,F1
Sample_007_Region,167619-sample_1_lv_0046706_007,0,-4.796201,7.1528697,0,14,Th
Sample_007_Region,167620-sample_1_lv_0046706_007,0,-6.3989987,6.398278,0,90,Pericyte_1
Sample_007_Region,167621-sample_1_lv_0046706_007,15,6.063,2.3084357,0,190,F1
Sample_007_Region,167622-sample_1_lv_0046706_007,20,15.918352,14.63517,0,88,F1
Sample_007_Region,167623-sample_1_lv_0046706_007,7,15.460601,12.290887,0,86,Undifferentiated_KC
Sample_007_Region,167624-sample_1_lv_0046706_007,21,16.69359,18.030426,0,71,Differentiated_KC
Sample_007_Region,167625-sample_1_lv_0046706_007,0,-3.5365572,7.762712,0,35,Macro_1
Sample_007_Region,167626-sample_1_lv_0046706_007,0,-5.5680957,9.2824955,0,17,F1
Sample_007_Region,167627-sample_1_lv_0046706_007,1,11.546593,9.971524,0,94,Undifferentiated_KC
Sample_007_Region,167628-sample_1_lv_0046706_007,2,10.972827,6.186827,0,212,Undifferentiated_KC
Sample_007_Region,167629-sample_1_lv_0046706_007,37,-2.3132374,9.039942,0,67,Mono_mac
Sample_007_Region,167630-sample_1_lv_0046706_007,0,-4.3613334,9.625491,0,83,Th
Sample_007_Region,167631-sample_1_lv_0046706_007,33,1.6083573,21.22946,0,50,F1
Sample_007_Region,167632-sample_1_lv_0046706_007,0,-5.664768,7.7809544,0,41,F1
Sample_007_Region,167633-sample_1_lv_0046706_007,4,16.294682,6.926531,0,27,Th
Sample_007_Region,167634-sample_1_lv_0046706_007,0,-5.4491286,9.072532,0,63,Undifferentiated_KC
Sample_007_Region,167635-sample_1_lv_0046706_007,2,11.532057,5.7322006,0,6,VE2
Sample_007_Region,167636-sample_1_lv_0046706_007,28,8.847479,-7.2805815,0,30,Mono_mac
Sample_007_Region,167637-sample_1_lv_0046706_007,0,-4.860961,8.867964,0,0,Differentiated_KC
Sample_007_Region,167638-sample_1_lv_0046706_007,0,-4.3588495,5.907982,0,1,F1
Sample_007_Region,167639-sample_1_lv_0046706_007,0,-5.521787,6.1382327,0,15,F1
Sample_007_Region,167640-sample_1_lv_0046706_007,0,-4.1781006,5.072813,0,10,F1
Sample_007_Region,167641-sample_1_lv_0046706_007,0,-2.484513,6.9843493,0,10,F1
Sample_007_Region,167642-sample_1_lv_0046706_007,0,-4.2299757,8.699881,0,1,Differentiated_KC
Sample_007_Region,167643-sample_1_lv_0046706_007,0,-5.659877,9.2105875,0,62,F1
Sample_007_Region,167644-sample_1_lv_0046706_007,0,-3.3056872,9.255318,0,50,F1
Sample_007_Region,167645-sample_1_lv_0046706_007,0,-4.4332933,6.898452,0,32,F1
Sample_007_Region,167646-sample_1_lv_0046706_007,0,-4.8248672,6.242005,0,9,Mono_mac
Sample_007_Region,167647-sample_1_lv_0046706_007,3,9.642695,5.8961787,0,292,F2
Sample_007_Region,167648-sample_1_lv_0046706_007,24,13.225774,-3.9511912,0,45,Th
Sample_007_Region,167652-sample_1_lv_0046706_007,0,-3.8680975,5.233684,0,0,Differentiated_KC
Sample_007_Region,167653-sample_1_lv_0046706_007,0,-4.2250547,8.453634,0,2,Treg
Sample_007_Region,167656-sample_1_lv_0046706_007,0,-4.185312,7.574729,0,4,Macro_2
Sample_007_Region,167657-sample_1_lv_0046706_007,0,-2.6722538,8.181127,0,7,F2
Sample_007_Region,167678-sample_1_lv_0046706_007,0,-4.0541267,9.94681,0,15,F3
Sample_007_Region,167679-sample_1_lv_0046706_007,0,-3.5459101,9.419711,0,27,Macro_1
Sample_007_Region,167680-sample_1_lv_0046706_007,3,7.3713923,6.423224,0,47,F2
Sample_007_Region,167681-sample_1_lv_0046706_007,0,-4.1313586,7.4979124,0,18,Th
Sample_007_Region,167682-sample_1_lv_0046706_007,0,-4.5962396,7.7592387,0,7,Macro_1
Sample_007_Region,167683-sample_1_lv_0046706_007,0,-4.715688,8.668151,0,1,Differentiated_KC
Sample_007_Region,167684-sample_1_lv_0046706_007,15,6.6584005,1.083654,0,84,F2
Sample_007_Region,167685-sample_1_lv_0046706_007,0,-3.6315393,6.330781,0,6,Macro_1
Sample_007_Region,167686-sample_1_lv_0046706_007,0,-3.321812,9.057248,0,12,Mono_mac
Sample_007_Region,167687-sample_1_lv_0046706_007,0,-5.960285,7.493902,0,167,Pericyte_1
Sample_007_Region,167688-sample_1_lv_0046706_007,0,-3.0023012,5.7712183,0,4,Tc
Sample_007_Region,167689-sample_1_lv_0046706_007,36,-7.1063066,6.2305117,0,0,Differentiated_KC
Sample_007_Region,167691-sample_1_lv_0046706_007,3,9.684994,4.9231772,0,44,Th
Sample_007_Region,167692-sample_1_lv_0046706_007,0,-3.2007658,7.714423,0,14,F1
Sample_007_Region,167693-sample_1_lv_0046706_007,0,-3.4696302,6.247479,0,143,F2
Sample_007_Region,167694-sample_1_lv_0046706_007,4,14.782498,6.07015,0,21,LE2
Sample_007_Region,167716-sample_1_lv_0046706_007,0,-4.139857,9.674504,0,11,F1
Sample_007_Region,167717-sample_1_lv_0046706_007,0,-3.508377,8.897355,0,0,Differentiated_KC
Sample_007_Region,167806-sample_1_lv_0046706_007,0,-7.2106543,7.169641,0,6,Th
Sample_007_Region,167807-sample_1_lv_0046706_007,11,9.177967,10.435417,0,5,F1
Sample_007_Region,167808-sample_1_lv_0046706_007,0,-4.3744445,9.141956,0,11,Th
Sample_007_Region,167809-sample_1_lv_0046706_007,34,3.3775225,18.056807,0,10,Treg
Sample_007_Region,167810-sample_1_lv_0046706_007,0,-4.185314,9.462881,0,4,F2
Sample_007_Region,167811-sample_1_lv_0046706_007,0,-4.1965528,6.321445,0,10,Mono_mac
Sample_007_Region,167812-sample_1_lv_0046706_007,3,7.014064,5.789072,0,12,Pericyte_1
Sample_007_Region,167813-sample_1_lv_0046706_007,0,-3.9596055,7.7935076,0,10,VE1
Sample_007_Region,167815-sample_1_lv_0046706_007,0,-2.666423,5.96832,0,0,Differentiated_KC
Sample_007_Region,167816-sample_1_lv_0046706_007,0,-4.0822487,6.700154,0,0,Differentiated_KC
Sample_007_Region,167817-sample_1_lv_0046706_007,34,3.574376,18.233692,0,2,Differentiated_KC
Sample_007_Region,167818-sample_1_lv_0046706_007,0,-7.0871744,7.0931177,0,0,Differentiated_KC
Sample_007_Region,167819-sample_1_lv_0046706_007,0,-5.0701933,5.816532,0,0,Differentiated_KC
Sample_007_Region,167820-sample_1_lv_0046706_007,0,-6.1393147,5.5990815,0,0,Differentiated_KC
Sample_007_Region,167821-sample_1_lv_0046706_007,0,-3.3161256,7.938367,0,0,Differentiated_KC
Sample_007_Region,167822-sample_1_lv_0046706_007,3,9.527041,5.4138823,0,96,DC2
Sample_007_Region,167823-sample_1_lv_0046706_007,0,-5.6231823,6.295472,0,84,Macro_1
Sample_007_Region,167824-sample_1_lv_0046706_007,28,12.2356415,-7.005927,0,132,F2
Sample_007_Region,167825-sample_1_lv_0046706_007,0,-5.3742375,4.8607183,0,8,Undifferentiated_KC
Sample_007_Region,167826-sample_1_lv_0046706_007,0,-2.737969,8.002503,0,9,Undifferentiated_KC
Sample_007_Region,167898-sample_1_lv_0046706_007,9,9.146226,13.986479,0,173,F2
Sample_007_Region,167899-sample_1_lv_0046706_007,0,-6.3054104,7.6425,0,31,Th
Sample_007_Region,167900-sample_1_lv_0046706_007,11,11.166823,9.257319,0,97,F3
Sample_007_Region,167901-sample_1_lv_0046706_007,0,-3.7675688,8.605595,0,135,F2
Sample_007_Region,167902-sample_1_lv_0046706_007,0,-4.528635,7.7715383,0,15,F2
Sample_007_Region,167903-sample_1_lv_0046706_007,34,3.09451,17.88396,0,29,Th
Sample_007_Region,167904-sample_1_lv_0046706_007,0,-4.775945,5.3455424,0,21,F2
Sample_007_Region,167905-sample_1_lv_0046706_007,0,-3.2844162,6.510285,0,2,Differentiated_KC
Sample_007_Region,167906-sample_1_lv_0046706_007,0,-5.672595,9.027073,0,1,Undifferentiated_KC
Sample_007_Region,167907-sample_1_lv_0046706_007,15,5.965203,0.5716283,0,5,Undifferentiated_KC
Sample_007_Region,167908-sample_1_lv_0046706_007,15,7.093087,1.2791709,0,93,F1
Sample_007_Region,167910-sample_1_lv_0046706_007,4,14.866571,6.212004,0,57,Macro_1
Sample_007_Region,167911-sample_1_lv_0046706_007,15,6.335185,0.8051571,0,48,Macro_1
Sample_007_Region,167912-sample_1_lv_0046706_007,15,6.79208,1.2212317,0,29,F1
Sample_007_Region,167913-sample_1_lv_0046706_007,0,-4.370951,5.0568,0,33,F2
Sample_007_Region,167914-sample_1_lv_0046706_007,0,-3.6021872,8.1490345,0,18,F2
Sample_007_Region,167915-sample_1_lv_0046706_007,15,4.9840593,12.512712,0,21,F1
Sample_007_Region,167916-sample_1_lv_0046706_007,0,-6.6591825,6.1903586,0,51,Th
Sample_007_Region,167917-sample_1_lv_0046706_007,0,-5.698449,6.102314,0,44,F3
Sample_007_Region,167918-sample_1_lv_0046706_007,1,7.238269,8.337953,0,216,F3
Sample_007_Region,167919-sample_1_lv_0046706_007,3,9.292316,4.4636283,0,26,Mono_mac
Sample_007_Region,167920-sample_1_lv_0046706_007,17,2.9604492,14.300572,0,104,F2
Sample_007_Region,167921-sample_1_lv_0046706_007,13,9.840548,4.5339804,0,171,F2
Sample_007_Region,167922-sample_1_lv_0046706_007,0,-3.6727035,6.824501,0,135,F1
Sample_007_Region,167923-sample_1_lv_0046706_007,0,-6.3256874,6.593729,0,44,F1
Sample_007_Region,167924-sample_1_lv_0046706_007,1,6.8699903,11.381897,0,21,Macro_1
Sample_007_Region,167925-sample_1_lv_0046706_007,0,-2.8318388,8.682824,0,36,F2
Sample_007_Region,167926-sample_1_lv_0046706_007,0,-5.848349,6.9039736,0,104,Pericyte_1
Sample_007_Region,167931-sample_1_lv_0046706_007,14,12.099556,4.8301454,0,408,F2
Sample_007_Region,167940-sample_1_lv_0046706_007,0,-6.6649113,7.231231,0,2,Differentiated_KC
Sample_007_Region,167941-sample_1_lv_0046706_007,0,-6.304922,6.829727,0,60,Th
Sample_007_Region,167942-sample_1_lv_0046706_007,5,12.252646,5.3280325,0,70,VE3
Sample_007_Region,167943-sample_1_lv_0046706_007,5,8.937319,1.9998672,0,47,LE2
Sample_007_Region,167944-sample_1_lv_0046706_007,1,7.6873517,7.734721,0,54,Tc
Sample_007_Region,167945-sample_1_lv_0046706_007,0,-6.0622315,7.3531175,0,23,F1
Sample_007_Region,167946-sample_1_lv_0046706_007,0,-3.876628,4.803814,0,6,Undifferentiated_KC
Sample_007_Region,167947-sample_1_lv_0046706_007,0,-4.230887,8.307573,0,7,Macro_1
Sample_007_Region,167948-sample_1_lv_0046706_007,30,20.97463,6.2697854,0,3,F1
Sample_007_Region,167949-sample_1_lv_0046706_007,0,-6.4375796,8.1301365,0,20,Mono_mac
Sample_007_Region,167950-sample_1_lv_0046706_007,0,-4.2967668,7.3854127,0,0,Differentiated_KC
Sample_007_Region,167951-sample_1_lv_0046706_007,2,10.388167,7.546133,0,756,LE2
Sample_007_Region,167952-sample_1_lv_0046706_007,5,13.609241,5.4994392,0,402,LE2
Sample_007_Region,167953-sample_1_lv_0046706_007,0,-5.3981986,7.22707,0,52,Mono_mac
Sample_007_Region,167954-sample_1_lv_0046706_007,0,-5.5229106,9.092462,0,29,Th
Sample_007_Region,167955-sample_1_lv_0046706_007,0,-4.984025,6.200722,0,16,F1
Sample_007_Region,167956-sample_1_lv_0046706_007,0,-3.546498,8.505337,0,46,F1
Sample_007_Region,167957-sample_1_lv_0046706_007,0,-6.612377,8.157031,0,18,F2
Sample_007_Region,167958-sample_1_lv_0046706_007,0,-6.777709,6.684765,0,1,Differentiated_KC
Sample_007_Region,169576-sample_1_lv_0046706_007,15,5.0575867,12.731103,0,10,Pericyte_1
Sample_007_Region,169577-sample_1_lv_0046706_007,4,15.118921,7.6875286,0,137,Undifferentiated_KC
Sample_007_Region,169578-sample_1_lv_0046706_007,0,-5.709006,6.7582974,0,13,Undifferentiated_KC
Sample_007_Region,169579-sample_1_lv_0046706_007,14,10.795464,3.904478,0,166,Undifferentiated_KC
Sample_007_Region,169580-sample_1_lv_0046706_007,0,-5.483295,7.2599015,0,0,Differentiated_KC
Sample_007_Region,169581-sample_1_lv_0046706_007,0,-5.748888,8.326872,0,0,Differentiated_KC
Sample_007_Region,169582-sample_1_lv_0046706_007,0,-5.111912,10.123575,0,0,Differentiated_KC
Sample_007_Region,169583-sample_1_lv_0046706_007,0,-2.55713,5.8766103,0,4,Differentiated_KC
Sample_007_Region,169584-sample_1_lv_0046706_007,0,-6.182746,6.8445406,0,12,Undifferentiated_KC
Sample_007_Region,169585-sample_1_lv_0046706_007,0,-3.739948,6.4459066,0,0,Differentiated_KC
Sample_007_Region,169586-sample_1_lv_0046706_007,0,-4.993615,5.4083095,0,7,Differentiated_KC
Sample_007_Region,169589-sample_1_lv_0046706_007,0,-4.604501,8.491346,0,16,Th
Sample_007_Region,169590-sample_1_lv_0046706_007,6,12.289433,12.87226,0,13,Undifferentiated_KC
Sample_007_Region,169591-sample_1_lv_0046706_007,0,-5.3946443,6.490681,0,30,Undifferentiated_KC
Sample_007_Region,169592-sample_1_lv_0046706_007,0,-5.1252646,9.146706,0,89,Undifferentiated_KC
Sample_007_Region,169593-sample_1_lv_0046706_007,6,12.181178,12.921282,0,39,Undifferentiated_KC
Sample_007_Region,169594-sample_1_lv_0046706_007,0,-4.399291,8.412847,0,6,Th
Sample_007_Region,169595-sample_1_lv_0046706_007,27,1.4492946,4.96791,0,112,F1
Sample_007_Region,169596-sample_1_lv_0046706_007,0,-5.0676837,5.9448233,0,13,F1
Sample_007_Region,169597-sample_1_lv_0046706_007,0,-5.554541,5.5220294,0,11,VE2
Sample_007_Region,169598-sample_1_lv_0046706_007,1,8.43666,8.746326,0,38,Th
Sample_007_Region,169599-sample_1_lv_0046706_007,0,-4.2264833,7.4292946,0,15,F1
Sample_007_Region,169600-sample_1_lv_0046706_007,12,13.13608,7.4841585,0,42,F1
Sample_007_Region,169601-sample_1_lv_0046706_007,0,-5.114635,5.4367137,0,1,Differentiated_KC
Sample_007_Region,169602-sample_1_lv_0046706_007,0,-5.1587644,6.416279,0,26,F1
Sample_007_Region,169603-sample_1_lv_0046706_007,0,-2.8643188,8.916673,0,19,F2
Sample_007_Region,169604-sample_1_lv_0046706_007,1,8.759389,9.532997,0,57,F1
Sample_007_Region,169605-sample_1_lv_0046706_007,0,-4.7138624,5.809046,0,0,Differentiated_KC
Sample_007_Region,169606-sample_1_lv_0046706_007,0,-4.171211,9.771961,0,0,Differentiated_KC
Sample_007_Region,169607-sample_1_lv_0046706_007,0,-3.9016008,8.401804,0,0,Differentiated_KC
Sample_007_Region,169608-sample_1_lv_0046706_007,0,-3.3128576,5.3333735,0,0,Differentiated_KC
Sample_007_Region,169609-sample_1_lv_0046706_007,0,-2.004667,7.4462147,0,0,Differentiated_KC
Sample_007_Region,169610-sample_1_lv_0046706_007,0,-4.3853807,6.4660964,0,0,Differentiated_KC
Sample_007_Region,169611-sample_1_lv_0046706_007,0,-5.9844995,6.0394664,0,0,Differentiated_KC
Sample_007_Region,169612-sample_1_lv_0046706_007,0,-3.9266303,9.311044,0,0,Differentiated_KC
Sample_007_Region,169613-sample_1_lv_0046706_007,0,-4.2389417,5.4120793,0,0,Differentiated_KC
Sample_007_Region,169614-sample_1_lv_0046706_007,0,-3.8726292,8.83533,0,0,Differentiated_KC
Sample_007_Region,169615-sample_1_lv_0046706_007,0,-3.6081607,5.691663,0,0,Differentiated_KC
Sample_007_Region,169616-sample_1_lv_0046706_007,0,-4.362292,7.8774376,0,0,Differentiated_KC
Sample_007_Region,169617-sample_1_lv_0046706_007,0,-5.952175,7.6714983,0,1,VE1
Sample_007_Region,169618-sample_1_lv_0046706_007,0,-6.7666254,6.7399,0,0,Differentiated_KC
Sample_007_Region,169619-sample_1_lv_0046706_007,0,-3.252642,8.145999,0,2,Differentiated_KC
Sample_007_Region,169620-sample_1_lv_0046706_007,0,-3.2773747,5.8952966,0,17,Differentiated_KC
Sample_007_Region,169621-sample_1_lv_0046706_007,0,-6.2357397,5.650689,0,0,Differentiated_KC
Sample_007_Region,169622-sample_1_lv_0046706_007,0,-5.339038,9.346037,0,0,Differentiated_KC
Sample_007_Region,169624-sample_1_lv_0046706_007,0,-4.6636524,9.472185,0,0,Differentiated_KC
Sample_007_Region,169625-sample_1_lv_0046706_007,0,-3.5981028,9.090333,0,0,Differentiated_KC
Sample_007_Region,169626-sample_1_lv_0046706_007,0,-5.919802,6.6582947,0,0,Differentiated_KC
Sample_007_Region,169627-sample_1_lv_0046706_007,0,-5.234305,7.8269587,0,0,Differentiated_KC
Sample_007_Region,169629-sample_1_lv_0046706_007,0,-2.948271,5.6042614,0,9,Differentiated_KC
Sample_007_Region,169630-sample_1_lv_0046706_007,0,-5.9712667,5.805654,0,0,Differentiated_KC
Sample_007_Region,169631-sample_1_lv_0046706_007,0,-3.9628925,5.664028,0,0,Differentiated_KC
Sample_007_Region,169632-sample_1_lv_0046706_007,0,-6.1192536,9.273499,0,0,Differentiated_KC
Sample_007_Region,169633-sample_1_lv_0046706_007,0,-4.49,7.239967,0,1,Differentiated_KC
Sample_007_Region,169634-sample_1_lv_0046706_007,16,6.636019,8.064589,0,58,F3
Sample_007_Region,169635-sample_1_lv_0046706_007,0,-6.4047737,7.4364843,0,5,Undifferentiated_KC
Sample_007_Region,169636-sample_1_lv_0046706_007,0,-3.436313,7.67973,0,12,Differentiated_KC
Sample_007_Region,169637-sample_1_lv_0046706_007,0,-4.7847447,4.828283,0,19,Differentiated_KC
Sample_007_Region,169638-sample_1_lv_0046706_007,1,8.039699,7.6806636,0,299,F1
Sample_007_Region,169639-sample_1_lv_0046706_007,12,17.157166,5.1957283,0,26,Macro_1
Sample_007_Region,169640-sample_1_lv_0046706_007,3,5.869416,5.6616163,0,55,Mono_mac
Sample_007_Region,169641-sample_1_lv_0046706_007,12,12.873299,7.915006,0,79,F2
Sample_007_Region,169642-sample_1_lv_0046706_007,1,9.399926,7.752967,0,189,F1
Sample_007_Region,169643-sample_1_lv_0046706_007,0,-5.478479,6.2067547,0,10,F1
Sample_007_Region,169644-sample_1_lv_0046706_007,36,-7.1813126,6.343174,0,25,F1
Sample_007_Region,169645-sample_1_lv_0046706_007,32,1.3119259,10.137619,0,28,Mono_mac
Sample_007_Region,169646-sample_1_lv_0046706_007,17,3.7894442,13.982837,0,47,Th
Sample_007_Region,169647-sample_1_lv_0046706_007,0,-6.66149,7.823419,0,5,Th
Sample_007_Region,169648-sample_1_lv_0046706_007,4,16.18722,9.649723,0,65,VE2
Sample_007_Region,169652-sample_1_lv_0046706_007,12,13.52283,6.3742003,0,52,Th
Sample_007_Region,169653-sample_1_lv_0046706_007,27,1.5047815,0.92078084,0,51,Mono_mac
Sample_007_Region,169658-sample_1_lv_0046706_007,28,12.276963,-6.9988713,0,144,Pericyte_1
Sample_007_Region,169659-sample_1_lv_0046706_007,12,16.379772,4.6977735,0,51,Th
Sample_007_Region,169660-sample_1_lv_0046706_007,0,-4.2974334,5.785768,0,21,F1
Sample_007_Region,169661-sample_1_lv_0046706_007,0,-4.235877,9.4761505,0,7,Macro_1
Sample_007_Region,169662-sample_1_lv_0046706_007,0,-7.258174,7.1062446,0,44,Mono_mac
Sample_007_Region,169663-sample_1_lv_0046706_007,16,5.4674025,8.188297,0,21,F2
Sample_007_Region,169664-sample_1_lv_0046706_007,0,-5.019924,6.738447,0,17,Th
Sample_007_Region,169665-sample_1_lv_0046706_007,0,-3.6215293,7.0086193,0,51,Tc
Sample_007_Region,169666-sample_1_lv_0046706_007,1,10.675363,8.27319,0,188,Mono_mac
Sample_007_Region,169667-sample_1_lv_0046706_007,12,14.584933,4.953103,0,7,Th
Sample_007_Region,169668-sample_1_lv_0046706_007,0,-5.810415,8.511389,0,19,Mono_mac
Sample_007_Region,169669-sample_1_lv_0046706_007,12,14.31834,5.7679486,0,40,F3
Sample_007_Region,169670-sample_1_lv_0046706_007,0,-5.996994,5.5758033,0,26,Th
Sample_007_Region,169671-sample_1_lv_0046706_007,0,-5.292535,6.300275,0,52,F2
Sample_007_Region,169672-sample_1_lv_0046706_007,1,12.159412,10.293711,0,41,Mono_mac
Sample_007_Region,169673-sample_1_lv_0046706_007,0,-4.7452626,9.565701,0,25,F2
Sample_007_Region,169674-sample_1_lv_0046706_007,0,-3.031658,5.5159116,0,24,F1
Sample_007_Region,169675-sample_1_lv_0046706_007,12,13.4673815,7.369066,0,132,ILC1_3
Sample_007_Region,169676-sample_1_lv_0046706_007,0,-7.3250685,7.845432,0,117,Macro_1
Sample_007_Region,169677-sample_1_lv_0046706_007,0,-5.569542,7.1192203,0,8,F2
Sample_007_Region,169678-sample_1_lv_0046706_007,17,3.817299,14.161673,0,84,F2
Sample_007_Region,169679-sample_1_lv_0046706_007,0,-4.8920655,8.390349,0,48,F1
Sample_007_Region,169680-sample_1_lv_0046706_007,0,-5.349479,6.215669,0,230,F1
Sample_007_Region,169681-sample_1_lv_0046706_007,1,8.076815,8.958766,0,193,F3
Sample_007_Region,169682-sample_1_lv_0046706_007,3,9.444609,4.5182056,0,48,F2
Sample_007_Region,169683-sample_1_lv_0046706_007,0,-4.0557632,8.172405,0,22,Macro_1
Sample_007_Region,169684-sample_1_lv_0046706_007,0,-6.2032247,7.5983534,0,135,Mono_mac
Sample_007_Region,169685-sample_1_lv_0046706_007,0,-6.8719225,7.576236,0,275,F1
Sample_007_Region,169686-sample_1_lv_0046706_007,10,13.558279,11.681995,0,7,F1
Sample_007_Region,169687-sample_1_lv_0046706_007,24,11.807484,-2.4388444,0,116,Mono_mac
Sample_007_Region,169688-sample_1_lv_0046706_007,14,11.929004,2.6390786,0,108,F3
Sample_007_Region,169689-sample_1_lv_0046706_007,0,-2.6795704,5.551594,0,17,Th
Sample_007_Region,169690-sample_1_lv_0046706_007,0,-4.968302,7.9122677,0,39,Th
Sample_007_Region,169691-sample_1_lv_0046706_007,0,-4.7592125,8.531453,0,56,F1
Sample_007_Region,169692-sample_1_lv_0046706_007,3,7.2598906,6.2306724,0,39,F3
Sample_007_Region,169693-sample_1_lv_0046706_007,0,-5.8714285,6.7919326,0,0,Differentiated_KC
Sample_007_Region,169694-sample_1_lv_0046706_007,29,3.8008518,3.913861,0,39,VE1
Sample_007_Region,169695-sample_1_lv_0046706_007,0,-5.428162,9.153991,0,36,F1
Sample_007_Region,169696-sample_1_lv_0046706_007,0,-4.2997007,6.26905,0,10,F1
Sample_007_Region,169697-sample_1_lv_0046706_007,1,7.8363075,6.285467,0,139,Mono_mac
Sample_007_Region,169698-sample_1_lv_0046706_007,0,-3.6159241,6.114433,0,10,F1
Sample_007_Region,169699-sample_1_lv_0046706_007,0,-3.581856,6.9296823,0,7,F1
Sample_007_Region,169700-sample_1_lv_0046706_007,25,8.981629,21.762838,0,75,moDC
Sample_007_Region,169701-sample_1_lv_0046706_007,0,-4.303208,9.139901,0,8,F3
Sample_007_Region,169702-sample_1_lv_0046706_007,0,-5.754729,8.0309,0,24,F1
Sample_007_Region,169703-sample_1_lv_0046706_007,24,8.498398,-1.0804474,0,10,Mono_mac
Sample_007_Region,169704-sample_1_lv_0046706_007,0,-6.870734,8.720651,0,0,Differentiated_KC
Sample_007_Region,169705-sample_1_lv_0046706_007,30,20.975721,6.2586584,0,1,MigDC
Sample_007_Region,169706-sample_1_lv_0046706_007,3,7.381365,5.8898735,0,56,F3
Sample_007_Region,169707-sample_1_lv_0046706_007,0,-4.363228,7.6294665,0,29,Th
Sample_007_Region,169708-sample_1_lv_0046706_007,15,4.7767296,11.560882,0,38,Th
Sample_007_Region,169709-sample_1_lv_0046706_007,20,16.3053,14.283332,0,19,Macro_1
Sample_007_Region,169710-sample_1_lv_0046706_007,1,7.000209,11.247569,0,27,F2
Sample_007_Region,169711-sample_1_lv_0046706_007,1,10.524999,8.309929,0,60,F3
Sample_007_Region,169712-sample_1_lv_0046706_007,27,-0.39058948,0.7983878,0,95,Macro_1
Sample_007_Region,169713-sample_1_lv_0046706_007,3,8.094121,6.119398,0,66,Mono_mac
Sample_007_Region,169714-sample_1_lv_0046706_007,12,13.081122,6.712656,0,63,ILC1_3
Sample_007_Region,169715-sample_1_lv_0046706_007,3,6.2206535,4.84982,0,39,DC2
Sample_007_Region,169716-sample_1_lv_0046706_007,16,5.9773655,7.398031,0,24,F1
Sample_007_Region,169717-sample_1_lv_0046706_007,0,-2.2689373,6.9194145,0,1,Differentiated_KC
Sample_007_Region,169718-sample_1_lv_0046706_007,0,-5.097348,9.329449,0,3,Th
Sample_007_Region,169719-sample_1_lv_0046706_007,0,-2.9043567,7.774692,0,14,Th
Sample_007_Region,169720-sample_1_lv_0046706_007,0,-5.752009,7.3158183,0,6,F2
Sample_007_Region,169721-sample_1_lv_0046706_007,0,-3.4831607,8.611761,0,0,Differentiated_KC
Sample_007_Region,169722-sample_1_lv_0046706_007,0,-5.313645,5.8150363,0,42,F1
Sample_007_Region,169723-sample_1_lv_0046706_007,17,3.8242223,12.95636,0,45,F2
Sample_007_Region,169724-sample_1_lv_0046706_007,27,1.4100832,1.18052,0,41,Th
Sample_007_Region,169725-sample_1_lv_0046706_007,1,11.370526,8.528624,0,113,LE2
Sample_007_Region,169726-sample_1_lv_0046706_007,12,12.828596,8.020139,0,127,F3
Sample_007_Region,169727-sample_1_lv_0046706_007,3,4.3189244,6.1356263,0,127,LE2
Sample_007_Region,169728-sample_1_lv_0046706_007,0,-2.186578,8.177441,0,25,Macro_1
Sample_007_Region,169729-sample_1_lv_0046706_007,0,-5.8266587,6.945334,0,36,F1
Sample_007_Region,169730-sample_1_lv_0046706_007,24,8.698628,-0.864529,0,46,Mono_mac
Sample_007_Region,169731-sample_1_lv_0046706_007,33,1.0000439,21.001497,0,132,Macro_1
Sample_007_Region,169732-sample_1_lv_0046706_007,15,4.8575644,2.6215787,0,115,DC2
Sample_007_Region,169733-sample_1_lv_0046706_007,1,9.391233,8.4781065,0,73,Mono_mac
Sample_007_Region,169734-sample_1_lv_0046706_007,12,12.852668,7.81843,0,81,F3
Sample_007_Region,169735-sample_1_lv_0046706_007,0,-6.1608825,7.6445694,0,3,Differentiated_KC
Sample_007_Region,169736-sample_1_lv_0046706_007,0,-3.2867212,6.9390106,0,29,ILC1_3
Sample_007_Region,169737-sample_1_lv_0046706_007,0,-5.645344,7.263381,0,26,Undifferentiated_KC
Sample_007_Region,169738-sample_1_lv_0046706_007,21,16.60193,17.570784,0,44,Undifferentiated_KC
Sample_007_Region,169739-sample_1_lv_0046706_007,21,17.180962,17.982319,0,78,Undifferentiated_KC
Sample_007_Region,169740-sample_1_lv_0046706_007,21,16.620134,20.18382,0,161,F1
Sample_007_Region,169741-sample_1_lv_0046706_007,3,6.9934845,5.4799604,0,35,Mono_mac
Sample_007_Region,169742-sample_1_lv_0046706_007,1,11.174255,8.650747,0,86,DC2
Sample_007_Region,169743-sample_1_lv_0046706_007,0,-6.463025,6.6433096,0,93,F1
Sample_007_Region,169744-sample_1_lv_0046706_007,9,9.114662,14.144228,0,64,Mono_mac
Sample_007_Region,169745-sample_1_lv_0046706_007,0,-2.4807503,5.729795,0,0,Differentiated_KC
Sample_007_Region,169746-sample_1_lv_0046706_007,0,-4.4781246,9.091809,0,24,Macro_1
Sample_007_Region,169747-sample_1_lv_0046706_007,0,-6.8654733,8.369913,0,47,Macro_1
Sample_007_Region,169751-sample_1_lv_0046706_007,1,12.501185,11.237838,0,65,Differentiated_KC
Sample_007_Region,169752-sample_1_lv_0046706_007,1,12.410416,11.671457,0,23,F1
Sample_007_Region,169753-sample_1_lv_0046706_007,0,-5.460839,6.602757,0,10,Undifferentiated_KC
Sample_007_Region,169754-sample_1_lv_0046706_007,29,3.4050434,4.7708697,0,35,Undifferentiated_KC
Sample_007_Region,169755-sample_1_lv_0046706_007,0,-3.244034,7.9943376,0,0,Differentiated_KC
Sample_007_Region,169756-sample_1_lv_0046706_007,0,-6.093181,9.183755,0,41,Undifferentiated_KC
Sample_007_Region,169757-sample_1_lv_0046706_007,0,-6.259015,7.1185327,0,3,Undifferentiated_KC
Sample_007_Region,169758-sample_1_lv_0046706_007,0,-4.8501244,7.932137,0,10,Undifferentiated_KC
Sample_007_Region,169759-sample_1_lv_0046706_007,0,-3.9238636,8.773591,0,12,Undifferentiated_KC
Sample_007_Region,169760-sample_1_lv_0046706_007,0,-4.350452,8.985443,0,79,Undifferentiated_KC
Sample_007_Region,169761-sample_1_lv_0046706_007,0,-3.4997106,7.580348,0,0,Differentiated_KC
Sample_007_Region,169762-sample_1_lv_0046706_007,6,12.223737,12.763873,0,1,Differentiated_KC
Sample_007_Region,169763-sample_1_lv_0046706_007,1,8.218418,9.730532,0,115,LC
Sample_007_Region,169764-sample_1_lv_0046706_007,1,8.492624,9.427158,0,84,F1
Sample_007_Region,169765-sample_1_lv_0046706_007,0,-5.7567024,7.1440926,0,61,Differentiated_KC
Sample_007_Region,169767-sample_1_lv_0046706_007,0,-3.00154,6.151575,0,0,Differentiated_KC
Sample_007_Region,169768-sample_1_lv_0046706_007,0,-3.3530042,7.3832316,0,0,Differentiated_KC
Sample_007_Region,169769-sample_1_lv_0046706_007,0,-3.4161344,5.7441826,0,0,Differentiated_KC
Sample_007_Region,169770-sample_1_lv_0046706_007,0,-2.337873,6.6326723,0,1,Differentiated_KC
Sample_007_Region,169771-sample_1_lv_0046706_007,0,-2.9699929,6.771644,0,0,Differentiated_KC
Sample_007_Region,169772-sample_1_lv_0046706_007,0,-4.8513675,7.3665714,0,0,Differentiated_KC
Sample_007_Region,169773-sample_1_lv_0046706_007,0,-4.544187,9.140159,0,0,Differentiated_KC
Sample_007_Region,169774-sample_1_lv_0046706_007,0,-3.5791552,4.9649024,0,0,Differentiated_KC
Sample_007_Region,169775-sample_1_lv_0046706_007,0,-6.2665167,6.6123147,0,0,Differentiated_KC
Sample_007_Region,169776-sample_1_lv_0046706_007,0,-5.2289762,7.6527696,0,0,Differentiated_KC
Sample_007_Region,169777-sample_1_lv_0046706_007,0,-5.9220963,6.263847,0,1,Differentiated_KC
Sample_007_Region,169778-sample_1_lv_0046706_007,0,-3.0620394,7.2740583,0,0,Differentiated_KC
Sample_007_Region,169779-sample_1_lv_0046706_007,0,-4.66943,7.2976766,0,0,Differentiated_KC
Sample_007_Region,169780-sample_1_lv_0046706_007,0,-6.0378575,5.777163,0,0,Differentiated_KC
Sample_007_Region,169781-sample_1_lv_0046706_007,1,11.941693,10.980917,0,8,Undifferentiated_KC
Sample_007_Region,169782-sample_1_lv_0046706_007,0,-4.222283,8.45591,0,1,Undifferentiated_KC
Sample_007_Region,169783-sample_1_lv_0046706_007,0,-2.49365,5.9780936,0,1,Differentiated_KC
Sample_007_Region,169784-sample_1_lv_0046706_007,35,11.127167,16.581526,0,15,Macro_1
Sample_007_Region,169785-sample_1_lv_0046706_007,0,-5.3015637,7.7551227,0,13,Undifferentiated_KC
Sample_007_Region,169786-sample_1_lv_0046706_007,0,-3.34888,8.349704,0,2,Undifferentiated_KC
Sample_007_Region,169787-sample_1_lv_0046706_007,0,-6.34622,8.788848,0,8,Undifferentiated_KC
Sample_007_Region,169788-sample_1_lv_0046706_007,0,-5.158545,7.2126956,0,0,Differentiated_KC
Sample_007_Region,169789-sample_1_lv_0046706_007,0,-4.917521,6.8698287,0,0,Differentiated_KC
Sample_007_Region,169790-sample_1_lv_0046706_007,15,6.0367575,0.6326364,0,5,Undifferentiated_KC
Sample_007_Region,169791-sample_1_lv_0046706_007,0,-4.8666873,6.603967,0,3,Th
Sample_007_Region,169792-sample_1_lv_0046706_007,0,-3.9266267,7.9076924,0,0,Differentiated_KC
Sample_007_Region,169793-sample_1_lv_0046706_007,0,-5.1433992,10.133174,0,2,Undifferentiated_KC
Sample_007_Region,169794-sample_1_lv_0046706_007,15,6.01699,0.63900054,0,4,Undifferentiated_KC
Sample_007_Region,169795-sample_1_lv_0046706_007,0,-2.1707864,7.04262,0,1,Undifferentiated_KC
Sample_007_Region,169796-sample_1_lv_0046706_007,0,-3.6844597,8.385369,0,8,Th
Sample_007_Region,169797-sample_1_lv_0046706_007,0,-4.614115,7.1083913,0,239,F1
Sample_007_Region,169798-sample_1_lv_0046706_007,24,11.771178,-2.9844682,0,59,Mono_mac
Sample_007_Region,169799-sample_1_lv_0046706_007,0,-3.7119477,5.8836823,0,98,Undifferentiated_KC
Sample_007_Region,169800-sample_1_lv_0046706_007,0,-5.7956886,7.2358384,0,20,Th
Sample_007_Region,169801-sample_1_lv_0046706_007,0,-4.576248,5.5857005,0,12,F1
Sample_007_Region,169802-sample_1_lv_0046706_007,12,12.571673,6.5582395,0,128,F3
Sample_007_Region,169803-sample_1_lv_0046706_007,35,10.704909,16.609997,0,23,Mono_mac
Sample_007_Region,169804-sample_1_lv_0046706_007,19,20.183512,13.899679,0,712,F3
Sample_007_Region,169805-sample_1_lv_0046706_007,3,8.50732,4.785983,0,217,F3
Sample_007_Region,169806-sample_1_lv_0046706_007,0,-6.5166283,9.251707,0,7,Th
Sample_007_Region,169807-sample_1_lv_0046706_007,0,-3.4904096,6.4822927,0,21,F2
Sample_007_Region,169808-sample_1_lv_0046706_007,29,3.6781623,3.5692859,0,115,Undifferentiated_KC
Sample_007_Region,169809-sample_1_lv_0046706_007,0,-4.855635,7.0682077,0,7,F1
Sample_007_Region,169810-sample_1_lv_0046706_007,0,-3.2202544,5.399154,0,2,F1
Sample_007_Region,169811-sample_1_lv_0046706_007,3,6.053344,5.715079,0,33,DC2
Sample_007_Region,169812-sample_1_lv_0046706_007,18,16.429932,3.3490987,0,363,Mono_mac
Sample_007_Region,169813-sample_1_lv_0046706_007,19,19.699825,13.520643,0,60,Th
Sample_007_Region,169814-sample_1_lv_0046706_007,3,8.426577,5.86571,0,126,F1
Sample_007_Region,169815-sample_1_lv_0046706_007,15,4.918929,12.329506,0,24,F2
Sample_007_Region,169816-sample_1_lv_0046706_007,15,3.748594,6.77098,0,131,F1
Sample_007_Region,169817-sample_1_lv_0046706_007,18,14.49813,3.5245152,0,132,Pericyte_2
Sample_007_Region,169818-sample_1_lv_0046706_007,3,7.581128,4.3739767,0,142,ILC1_3
Sample_007_Region,169819-sample_1_lv_0046706_007,1,8.768783,9.026392,0,90,F1
Sample_007_Region,169820-sample_1_lv_0046706_007,27,1.2520463,1.3879224,0,29,Th
Sample_007_Region,169821-sample_1_lv_0046706_007,26,8.673605,-4.684383,0,41,F3
Sample_007_Region,169822-sample_1_lv_0046706_007,0,-6.7973914,7.6514063,0,59,F1
Sample_007_Region,169823-sample_1_lv_0046706_007,5,9.009403,2.7349977,0,116,LE2
Sample_007_Region,169824-sample_1_lv_0046706_007,1,6.841794,11.422485,0,18,Th
Sample_007_Region,169825-sample_1_lv_0046706_007,0,-4.076073,5.847254,0,1,F1
Sample_007_Region,169828-sample_1_lv_0046706_007,0,-4.9215584,6.101902,0,6,F1
Sample_007_Region,169829-sample_1_lv_0046706_007,0,-5.7881265,8.464128,0,3,Th
Sample_007_Region,169830-sample_1_lv_0046706_007,0,-5.0015535,8.954679,0,4,F2
Sample_007_Region,169834-sample_1_lv_0046706_007,0,-6.12785,6.836993,0,0,Differentiated_KC
Sample_007_Region,169835-sample_1_lv_0046706_007,0,-3.5887568,7.4827647,0,1,Treg
Sample_007_Region,169836-sample_1_lv_0046706_007,0,-3.9189422,5.0139,0,1,Undifferentiated_KC
Sample_007_Region,169837-sample_1_lv_0046706_007,0,-3.9269238,5.023172,0,3,Th
Sample_007_Region,169838-sample_1_lv_0046706_007,0,-4.5434747,6.7941823,0,0,Differentiated_KC
Sample_007_Region,169839-sample_1_lv_0046706_007,0,-2.7081115,7.979584,0,0,Differentiated_KC
Sample_007_Region,169840-sample_1_lv_0046706_007,0,-3.5390196,6.7461276,0,3,Differentiated_KC
Sample_007_Region,169841-sample_1_lv_0046706_007,0,-3.2897444,5.9918227,0,1,Differentiated_KC
Sample_007_Region,169842-sample_1_lv_0046706_007,0,-5.2669563,9.023879,0,4,Undifferentiated_KC
Sample_007_Region,169843-sample_1_lv_0046706_007,0,-5.097441,7.4070497,0,0,Differentiated_KC
Sample_007_Region,169844-sample_1_lv_0046706_007,0,-2.527447,7.821977,0,0,Differentiated_KC
Sample_007_Region,169845-sample_1_lv_0046706_007,0,-3.3785021,6.043116,0,0,Differentiated_KC
Sample_007_Region,169846-sample_1_lv_0046706_007,0,-2.5077643,7.245388,0,0,Differentiated_KC
Sample_007_Region,169847-sample_1_lv_0046706_007,0,-6.779532,7.7701783,0,0,Differentiated_KC
Sample_007_Region,169848-sample_1_lv_0046706_007,0,-6.0592017,8.749826,0,0,Differentiated_KC
Sample_007_Region,169849-sample_1_lv_0046706_007,0,-3.9038043,8.526011,0,0,Differentiated_KC
Sample_007_Region,169850-sample_1_lv_0046706_007,0,-3.490837,9.346483,0,1,Differentiated_KC
Sample_007_Region,169851-sample_1_lv_0046706_007,0,-4.601393,5.899136,0,0,Differentiated_KC
Sample_007_Region,169852-sample_1_lv_0046706_007,0,-3.6588762,9.384108,0,0,Differentiated_KC
Sample_007_Region,169853-sample_1_lv_0046706_007,0,-3.2605574,8.270003,0,1,Differentiated_KC
Sample_007_Region,169854-sample_1_lv_0046706_007,0,-4.769105,6.995317,0,0,Differentiated_KC
Sample_007_Region,169855-sample_1_lv_0046706_007,0,-6.0083385,8.332464,0,0,Differentiated_KC
Sample_007_Region,169856-sample_1_lv_0046706_007,0,-2.817886,5.263846,0,0,Differentiated_KC
Sample_007_Region,169857-sample_1_lv_0046706_007,0,-2.531892,6.1074295,0,0,Differentiated_KC
Sample_007_Region,169858-sample_1_lv_0046706_007,0,-4.478003,7.86512,0,0,Differentiated_KC
Sample_007_Region,169859-sample_1_lv_0046706_007,0,-6.6029177,8.0426855,0,0,Differentiated_KC
Sample_007_Region,169860-sample_1_lv_0046706_007,0,-2.3919606,7.522206,0,4,Treg
Sample_007_Region,169861-sample_1_lv_0046706_007,0,-5.6252446,8.940537,0,0,Differentiated_KC
Sample_007_Region,169862-sample_1_lv_0046706_007,3,6.8486905,5.7201495,0,2,Differentiated_KC
Sample_007_Region,169863-sample_1_lv_0046706_007,3,6.7760544,5.816906,0,9,VE1
Sample_007_Region,169864-sample_1_lv_0046706_007,0,-5.0651617,6.4456544,0,8,Undifferentiated_KC
Sample_007_Region,169865-sample_1_lv_0046706_007,0,-4.845184,6.718016,0,50,F2
Sample_007_Region,169866-sample_1_lv_0046706_007,0,-3.8965094,7.613103,0,0,Differentiated_KC
Sample_007_Region,169867-sample_1_lv_0046706_007,0,-3.37891,6.589267,0,0,Differentiated_KC
Sample_007_Region,169868-sample_1_lv_0046706_007,0,-4.1235795,9.029307,0,0,Differentiated_KC
Sample_007_Region,169869-sample_1_lv_0046706_007,0,-3.8690667,6.2008696,0,0,Differentiated_KC
Sample_007_Region,169870-sample_1_lv_0046706_007,0,-4.4908657,9.281397,0,0,Differentiated_KC
Sample_007_Region,169871-sample_1_lv_0046706_007,0,-2.4247668,7.6628027,0,0,Differentiated_KC
Sample_007_Region,169872-sample_1_lv_0046706_007,0,-5.0652757,4.9281464,0,0,Differentiated_KC
Sample_007_Region,169873-sample_1_lv_0046706_007,0,-4.4274573,8.3754225,0,0,Differentiated_KC
Sample_007_Region,169874-sample_1_lv_0046706_007,0,-5.2286305,5.745395,0,0,Differentiated_KC
Sample_007_Region,169875-sample_1_lv_0046706_007,0,-4.0681343,8.405435,0,0,Differentiated_KC
Sample_007_Region,169877-sample_1_lv_0046706_007,35,10.545433,16.568686,0,41,F1
Sample_007_Region,169878-sample_1_lv_0046706_007,35,10.938001,16.633982,0,34,F2
Sample_007_Region,169888-sample_1_lv_0046706_007,0,-5.1555157,5.5280557,0,0,Differentiated_KC
Sample_007_Region,169889-sample_1_lv_0046706_007,0,-2.3043306,7.256226,0,0,Differentiated_KC
Sample_007_Region,169890-sample_1_lv_0046706_007,1,7.045588,7.9795227,0,33,Differentiated_KC
Sample_007_Region,169891-sample_1_lv_0046706_007,15,4.8343,2.0836165,0,26,F2
Sample_007_Region,169892-sample_1_lv_0046706_007,21,16.04789,17.256546,0,157,Mono_mac
Sample_007_Region,169893-sample_1_lv_0046706_007,27,-0.31399098,1.0861679,0,203,Pericyte_2
Sample_007_Region,169894-sample_1_lv_0046706_007,0,-4.3050647,8.784217,0,0,Differentiated_KC
Sample_007_Region,169895-sample_1_lv_0046706_007,35,10.478499,16.48341,0,30,Mono_mac
Sample_007_Region,169896-sample_1_lv_0046706_007,5,8.174808,3.3856857,0,30,ILC2
Sample_007_Region,169897-sample_1_lv_0046706_007,18,18.274576,2.128752,0,67,F2
Sample_007_Region,169898-sample_1_lv_0046706_007,3,9.976223,5.91253,0,84,F1
Sample_007_Region,169899-sample_1_lv_0046706_007,2,11.5617,6.1459637,0,34,Th
Sample_007_Region,169900-sample_1_lv_0046706_007,18,15.67986,2.9850974,0,81,Th
Sample_007_Region,169901-sample_1_lv_0046706_007,1,6.0002255,10.984612,0,45,F1
Sample_007_Region,169902-sample_1_lv_0046706_007,0,-2.9923694,5.4241824,0,6,Differentiated_KC
Sample_007_Region,169903-sample_1_lv_0046706_007,0,-5.5651946,5.924524,0,4,Treg
Sample_007_Region,169904-sample_1_lv_0046706_007,0,-3.2924478,6.9148602,0,33,Macro_1
Sample_007_Region,169905-sample_1_lv_0046706_007,18,16.040825,2.4023604,0,11,Undifferentiated_KC
Sample_007_Region,169906-sample_1_lv_0046706_007,0,-5.1411705,7.8395486,0,3,Differentiated_KC
Sample_007_Region,169907-sample_1_lv_0046706_007,0,-2.6329076,7.5862017,0,1,Differentiated_KC
Sample_007_Region,169908-sample_1_lv_0046706_007,9,9.7550125,14.459901,0,51,Mono_mac
Sample_007_Region,169909-sample_1_lv_0046706_007,0,-4.7186427,7.3832693,0,0,Differentiated_KC
Sample_007_Region,169910-sample_1_lv_0046706_007,0,-4.877606,7.0692925,0,1,Treg
Sample_007_Region,169911-sample_1_lv_0046706_007,0,-4.0310507,7.6107025,0,0,Differentiated_KC
Sample_007_Region,169912-sample_1_lv_0046706_007,0,-6.2248783,7.1102667,0,0,Differentiated_KC
Sample_007_Region,169913-sample_1_lv_0046706_007,34,3.4868917,18.15583,0,3,Differentiated_KC
Sample_007_Region,169914-sample_1_lv_0046706_007,0,-4.503279,9.061685,0,0,Differentiated_KC
Sample_007_Region,169915-sample_1_lv_0046706_007,0,-6.9463725,8.547038,0,2,Differentiated_KC
Sample_007_Region,169916-sample_1_lv_0046706_007,0,-5.8774114,7.066647,0,0,Differentiated_KC
Sample_007_Region,169917-sample_1_lv_0046706_007,15,6.0290585,0.59563637,0,7,Undifferentiated_KC
Sample_007_Region,169918-sample_1_lv_0046706_007,0,-3.7938204,6.295066,0,2,Treg
Sample_007_Region,169919-sample_1_lv_0046706_007,0,-6.056197,5.4207926,0,0,Differentiated_KC
Sample_007_Region,169920-sample_1_lv_0046706_007,0,-5.9258943,5.402945,0,0,Differentiated_KC
Sample_007_Region,169921-sample_1_lv_0046706_007,0,-7.0943284,7.4390287,0,0,Differentiated_KC
Sample_007_Region,169922-sample_1_lv_0046706_007,0,-3.5363474,7.5826116,0,0,Differentiated_KC
Sample_007_Region,169923-sample_1_lv_0046706_007,0,-3.5016305,6.5775585,0,0,Differentiated_KC
Sample_007_Region,169924-sample_1_lv_0046706_007,0,-5.8743343,6.304659,0,0,Differentiated_KC
Sample_007_Region,169925-sample_1_lv_0046706_007,0,-2.9536257,8.821918,0,0,Differentiated_KC
Sample_007_Region,169926-sample_1_lv_0046706_007,0,-3.1036928,9.072768,0,0,Differentiated_KC
Sample_007_Region,169927-sample_1_lv_0046706_007,0,-5.4895062,7.847564,0,0,Differentiated_KC
Sample_007_Region,170004-sample_1_lv_0046706_007,0,-5.746918,6.781408,0,3,F1
Sample_007_Region,170007-sample_1_lv_0046706_007,20,16.707502,14.878274,0,239,F2
Sample_007_Region,170024-sample_1_lv_0046706_007,0,-3.454097,7.095775,0,13,Differentiated_KC
Sample_007_Region,170025-sample_1_lv_0046706_007,0,-3.9862487,6.4208245,0,8,Differentiated_KC
Sample_007_Region,170026-sample_1_lv_0046706_007,2,11.374573,7.18444,0,92,F2
Sample_007_Region,170027-sample_1_lv_0046706_007,0,-4.411026,7.8691697,0,29,F2
Sample_007_Region,170028-sample_1_lv_0046706_007,14,11.08145,3.243115,0,43,F2
Sample_007_Region,170029-sample_1_lv_0046706_007,0,-2.723575,6.293876,0,0,Differentiated_KC
Sample_007_Region,170030-sample_1_lv_0046706_007,0,-6.245395,6.1831384,0,63,Macro_1
Sample_007_Region,170031-sample_1_lv_0046706_007,1,10.471657,8.634812,0,18,VE1
Sample_007_Region,170032-sample_1_lv_0046706_007,30,16.78766,0.010062643,0,154,F2
Sample_007_Region,170033-sample_1_lv_0046706_007,0,-4.440103,7.6409755,0,74,Macro_1
Sample_007_Region,170034-sample_1_lv_0046706_007,35,11.078692,16.633291,0,10,F1
Sample_007_Region,170035-sample_1_lv_0046706_007,0,-6.141267,8.971249,0,0,Differentiated_KC
Sample_007_Region,170036-sample_1_lv_0046706_007,0,-3.7209845,8.479553,0,4,F2
Sample_007_Region,170037-sample_1_lv_0046706_007,0,-6.2603064,8.820095,0,0,Differentiated_KC
Sample_007_Region,170038-sample_1_lv_0046706_007,0,-4.2833114,5.535165,0,0,Differentiated_KC
Sample_007_Region,170039-sample_1_lv_0046706_007,0,-4.4759145,5.2628584,0,3,Differentiated_KC
Sample_007_Region,170040-sample_1_lv_0046706_007,0,-1.8463582,7.5506144,0,0,Differentiated_KC
Sample_007_Region,170041-sample_1_lv_0046706_007,0,-3.660405,6.4017296,0,0,Differentiated_KC
Sample_007_Region,170042-sample_1_lv_0046706_007,0,-4.6228547,7.7583685,0,0,Differentiated_KC
Sample_007_Region,170043-sample_1_lv_0046706_007,0,-5.5998955,6.848328,0,1,Differentiated_KC
Sample_007_Region,170044-sample_1_lv_0046706_007,0,-5.456308,7.9549165,0,0,Differentiated_KC
Sample_007_Region,170045-sample_1_lv_0046706_007,0,-6.3990574,8.432949,0,3,Treg
Sample_007_Region,170046-sample_1_lv_0046706_007,1,6.7855053,11.467015,0,2,Differentiated_KC
Sample_007_Region,170047-sample_1_lv_0046706_007,0,-5.642106,5.5759206,0,0,Differentiated_KC
Sample_007_Region,170048-sample_1_lv_0046706_007,0,-5.4562645,7.322395,0,4,Differentiated_KC
Sample_007_Region,170050-sample_1_lv_0046706_007,0,-5.556159,7.009028,0,0,Differentiated_KC
Sample_007_Region,170051-sample_1_lv_0046706_007,0,-4.687641,7.872331,0,0,Differentiated_KC
Sample_007_Region,170052-sample_1_lv_0046706_007,0,-5.860269,5.8281837,0,0,Differentiated_KC
Sample_007_Region,170053-sample_1_lv_0046706_007,0,-4.28146,9.33087,0,0,Differentiated_KC
Sample_007_Region,170054-sample_1_lv_0046706_007,0,-4.2548575,9.173977,0,0,Differentiated_KC
Sample_007_Region,170055-sample_1_lv_0046706_007,0,-4.4078107,8.119168,0,0,Differentiated_KC
Sample_007_Region,170056-sample_1_lv_0046706_007,0,-6.220996,8.160081,0,1,Undifferentiated_KC
Sample_007_Region,170057-sample_1_lv_0046706_007,0,-2.541491,8.248382,0,0,Differentiated_KC
Sample_007_Region,170058-sample_1_lv_0046706_007,0,-3.724568,8.832392,0,0,Differentiated_KC
Sample_007_Region,170059-sample_1_lv_0046706_007,0,-5.6115947,8.271309,0,0,Differentiated_KC
Sample_007_Region,170060-sample_1_lv_0046706_007,0,-4.0328884,4.798081,0,0,Differentiated_KC
Sample_007_Region,170061-sample_1_lv_0046706_007,0,-6.2874055,5.512223,0,0,Differentiated_KC
Sample_007_Region,170062-sample_1_lv_0046706_007,0,-5.5800915,8.101473,0,3,Differentiated_KC
Sample_007_Region,170063-sample_1_lv_0046706_007,0,-6.981889,6.557421,0,0,Differentiated_KC
Sample_007_Region,170064-sample_1_lv_0046706_007,0,-4.5936785,7.723271,0,2,Differentiated_KC
Sample_007_Region,170065-sample_1_lv_0046706_007,9,9.558771,15.114645,0,3,F2
Sample_007_Region,170066-sample_1_lv_0046706_007,3,7.660974,4.7068233,0,18,Differentiated_KC
Sample_007_Region,170067-sample_1_lv_0046706_007,33,1.1577274,20.95211,0,72,Mono_mac
Sample_007_Region,170068-sample_1_lv_0046706_007,3,6.221975,4.8539596,0,33,F1
Sample_007_Region,170069-sample_1_lv_0046706_007,0,-6.818171,7.2011986,0,0,Differentiated_KC
Sample_007_Region,170070-sample_1_lv_0046706_007,0,-3.6883678,8.199292,0,0,Differentiated_KC
Sample_007_Region,170071-sample_1_lv_0046706_007,0,-4.224482,7.402644,0,0,Differentiated_KC
Sample_007_Region,170072-sample_1_lv_0046706_007,30,20.949257,5.9526777,0,20,Undifferentiated_KC
Sample_007_Region,170073-sample_1_lv_0046706_007,0,-3.8403645,8.56655,0,0,Differentiated_KC
Sample_007_Region,170074-sample_1_lv_0046706_007,0,-4.666679,7.618897,0,2,Differentiated_KC
Sample_007_Region,170075-sample_1_lv_0046706_007,0,-5.4932976,8.495928,0,0,Differentiated_KC
Sample_007_Region,170076-sample_1_lv_0046706_007,0,-4.5283513,5.752273,0,0,Differentiated_KC
Sample_007_Region,170077-sample_1_lv_0046706_007,0,-2.4444654,8.28559,0,0,Differentiated_KC
Sample_007_Region,170078-sample_1_lv_0046706_007,0,-5.1483736,8.570528,0,0,Differentiated_KC
Sample_007_Region,170079-sample_1_lv_0046706_007,0,-6.3811407,7.8009124,0,0,Differentiated_KC
Sample_007_Region,170080-sample_1_lv_0046706_007,0,-6.3031816,5.782288,0,7,Differentiated_KC
Sample_007_Region,170081-sample_1_lv_0046706_007,0,-5.5226583,8.665471,0,0,Differentiated_KC
Sample_007_Region,170082-sample_1_lv_0046706_007,7,4.23189,8.272122,0,7,Differentiated_KC
Sample_007_Region,171195-sample_1_lv_0046706_007,0,-4.3965464,8.130568,0,22,Undifferentiated_KC
Sample_007_Region,171206-sample_1_lv_0046706_007,7,3.7247458,6.6353726,0,15,Undifferentiated_KC
Sample_007_Region,171231-sample_1_lv_0046706_007,0,-4.5157323,7.2680593,0,31,F3
Sample_007_Region,171232-sample_1_lv_0046706_007,0,-2.8703592,7.007488,0,53,Macro_1
Sample_007_Region,171233-sample_1_lv_0046706_007,0,-7.0707574,6.4418864,0,0,Differentiated_KC
Sample_007_Region,171234-sample_1_lv_0046706_007,33,1.0775979,20.988016,0,117,F1
Sample_007_Region,171235-sample_1_lv_0046706_007,0,-5.1233773,8.852794,0,141,Pericyte_1
Sample_007_Region,171236-sample_1_lv_0046706_007,0,-3.0084267,6.9639273,0,61,Pericyte_1
Sample_007_Region,171237-sample_1_lv_0046706_007,0,-5.7796764,7.889051,0,38,F1
Sample_007_Region,171238-sample_1_lv_0046706_007,32,1.3063623,10.127623,0,11,Macro_1
Sample_007_Region,171239-sample_1_lv_0046706_007,0,-5.7635946,6.528227,0,23,F1
Sample_007_Region,171240-sample_1_lv_0046706_007,13,6.5696726,13.737678,0,114,Pericyte_1
Sample_007_Region,171241-sample_1_lv_0046706_007,0,-4.0949693,7.2001987,0,4,F2
Sample_007_Region,171282-sample_1_lv_0046706_007,16,5.034366,8.8848505,0,5,Macro_1
Sample_007_Region,171288-sample_1_lv_0046706_007,0,-4.0137177,5.023436,0,7,Th
Sample_007_Region,171289-sample_1_lv_0046706_007,4,15.510318,9.254944,0,22,F3
Sample_007_Region,171290-sample_1_lv_0046706_007,13,7.6519194,12.053874,0,82,F1
Sample_007_Region,171291-sample_1_lv_0046706_007,16,5.360894,8.986497,0,10,Undifferentiated_KC
Sample_007_Region,171302-sample_1_lv_0046706_007,0,-4.4689193,8.430361,0,0,Differentiated_KC
Sample_007_Region,171303-sample_1_lv_0046706_007,0,-5.70939,5.8719254,0,0,Differentiated_KC
Sample_007_Region,171304-sample_1_lv_0046706_007,0,-4.8770957,7.666316,0,1,Differentiated_KC
Sample_007_Region,171305-sample_1_lv_0046706_007,0,-5.833537,5.48759,0,0,Differentiated_KC
Sample_007_Region,171306-sample_1_lv_0046706_007,0,-5.628483,8.080291,0,0,Differentiated_KC
Sample_007_Region,171312-sample_1_lv_0046706_007,11,11.557501,10.4135,0,20,F1
Sample_007_Region,171313-sample_1_lv_0046706_007,12,13.126333,6.7193737,0,75,F3
Sample_007_Region,171336-sample_1_lv_0046706_007,23,6.2721763,18.292542,0,72,F3
Sample_007_Region,171337-sample_1_lv_0046706_007,0,-3.905017,6.708714,0,18,Treg
Sample_007_Region,171338-sample_1_lv_0046706_007,0,-2.7837145,8.481052,0,82,Mono_mac
Sample_007_Region,171339-sample_1_lv_0046706_007,0,-4.0518904,9.026202,0,1,Differentiated_KC
Sample_007_Region,171340-sample_1_lv_0046706_007,0,-4.6875744,5.0399666,0,1,Differentiated_KC
Sample_007_Region,171341-sample_1_lv_0046706_007,7,14.0876665,12.159001,0,184,F1
Sample_007_Region,171342-sample_1_lv_0046706_007,0,-4.230545,8.375059,0,49,Pericyte_1
Sample_007_Region,171343-sample_1_lv_0046706_007,0,-4.9253426,7.616491,0,78,Pericyte_1
Sample_007_Region,171344-sample_1_lv_0046706_007,1,7.863197,9.534774,0,160,F1
Sample_007_Region,171345-sample_1_lv_0046706_007,0,-4.2184243,6.6151304,0,0,Differentiated_KC
Sample_007_Region,171346-sample_1_lv_0046706_007,3,7.121945,3.911644,0,132,F1
Sample_007_Region,171347-sample_1_lv_0046706_007,3,6.8103323,5.840874,0,9,Tc
Sample_007_Region,171348-sample_1_lv_0046706_007,3,6.9809494,3.8981228,0,37,Tc
Sample_007_Region,171349-sample_1_lv_0046706_007,2,11.3361025,6.6387944,0,48,F1
Sample_007_Region,171350-sample_1_lv_0046706_007,1,7.034884,8.089031,0,22,Tc
Sample_007_Region,171351-sample_1_lv_0046706_007,0,-3.0826104,8.853833,0,48,F1
Sample_007_Region,171352-sample_1_lv_0046706_007,1,8.431479,7.964727,0,61,F1
Sample_007_Region,171353-sample_1_lv_0046706_007,1,8.291873,7.6303086,0,91,Th
Sample_007_Region,171354-sample_1_lv_0046706_007,0,-6.6673503,9.321409,0,36,Pericyte_1
Sample_007_Region,171359-sample_1_lv_0046706_007,27,1.3973031,1.1956158,0,41,F3
Sample_007_Region,171360-sample_1_lv_0046706_007,26,8.564749,-4.4045634,0,48,Mono_mac
Sample_007_Region,171361-sample_1_lv_0046706_007,0,-5.2533507,8.837406,0,13,Pericyte_1
Sample_007_Region,171362-sample_1_lv_0046706_007,0,-4.9209385,7.838894,0,3,F1
Sample_007_Region,171363-sample_1_lv_0046706_007,0,-3.9711826,8.261022,0,59,F1
Sample_007_Region,171364-sample_1_lv_0046706_007,0,-5.8095064,9.294303,0,32,Pericyte_1
Sample_007_Region,171365-sample_1_lv_0046706_007,0,-4.6505523,5.070643,0,0,Differentiated_KC
Sample_007_Region,171366-sample_1_lv_0046706_007,0,-4.61572,6.281816,0,2,Undifferentiated_KC
Sample_007_Region,171371-sample_1_lv_0046706_007,0,-6.608053,7.680852,0,0,Differentiated_KC
Sample_007_Region,171372-sample_1_lv_0046706_007,0,-3.2359788,8.682753,0,1,F1
Sample_007_Region,171373-sample_1_lv_0046706_007,0,-5.67093,8.534853,0,0,Differentiated_KC
Sample_007_Region,171374-sample_1_lv_0046706_007,0,-2.2703452,6.530618,0,1,Differentiated_KC
Sample_007_Region,171375-sample_1_lv_0046706_007,0,-6.235053,8.914654,0,0,Differentiated_KC
Sample_007_Region,171376-sample_1_lv_0046706_007,0,-2.7625637,8.838268,0,1,F1
Sample_007_Region,171377-sample_1_lv_0046706_007,0,-3.9062788,7.2486544,0,1,F1
Sample_007_Region,171380-sample_1_lv_0046706_007,0,-2.9774845,7.385646,0,0,Differentiated_KC
Sample_007_Region,171381-sample_1_lv_0046706_007,0,-4.0955276,4.686388,0,0,Differentiated_KC
Sample_007_Region,171382-sample_1_lv_0046706_007,0,-4.9311056,8.6573515,0,0,Differentiated_KC
Sample_007_Region,171383-sample_1_lv_0046706_007,35,11.220575,16.512495,0,3,Macro_1
Sample_007_Region,171384-sample_1_lv_0046706_007,0,-6.476675,7.900473,0,0,Differentiated_KC
Sample_007_Region,171385-sample_1_lv_0046706_007,0,-5.005652,5.237178,0,2,Differentiated_KC
Sample_007_Region,171386-sample_1_lv_0046706_007,0,-4.5129766,6.012171,0,2,F2
Sample_007_Region,171387-sample_1_lv_0046706_007,0,-6.0414715,8.850062,0,4,F2
Sample_007_Region,171388-sample_1_lv_0046706_007,0,-3.089777,7.4076796,0,8,F1
Sample_007_Region,171389-sample_1_lv_0046706_007,35,10.736502,16.579872,0,70,F1
Sample_007_Region,171390-sample_1_lv_0046706_007,0,-6.4622707,7.2045135,0,0,Differentiated_KC
Sample_007_Region,171391-sample_1_lv_0046706_007,0,-5.5758457,8.802342,0,3,Th
Sample_007_Region,171392-sample_1_lv_0046706_007,0,-2.688752,8.31387,0,2,VE1
Sample_007_Region,171393-sample_1_lv_0046706_007,0,-7.3170304,8.0430975,0,25,Mono_mac
Sample_007_Region,171394-sample_1_lv_0046706_007,0,-5.239524,9.362692,0,23,Mono_mac
Sample_007_Region,171395-sample_1_lv_0046706_007,0,-4.7233934,8.415768,0,9,F1
Sample_007_Region,171396-sample_1_lv_0046706_007,0,-4.586221,8.11191,0,1,F1
Sample_007_Region,171397-sample_1_lv_0046706_007,0,-5.787015,7.078449,0,4,F1
Sample_007_Region,171398-sample_1_lv_0046706_007,0,-2.1663086,7.473197,0,0,Differentiated_KC
Sample_007_Region,171399-sample_1_lv_0046706_007,28,9.851199,-6.0378866,0,58,F1
Sample_007_Region,171400-sample_1_lv_0046706_007,0,-4.1127477,6.581622,0,24,F2
Sample_007_Region,171401-sample_1_lv_0046706_007,3,7.2019525,6.2815857,0,50,F3
Sample_007_Region,171402-sample_1_lv_0046706_007,28,9.433144,-6.5951343,0,43,F2
Sample_007_Region,171403-sample_1_lv_0046706_007,0,-4.948157,7.451255,0,4,F1
Sample_007_Region,171404-sample_1_lv_0046706_007,0,-5.7043138,6.398174,0,2,F1
Sample_007_Region,171405-sample_1_lv_0046706_007,0,-5.92381,7.2603564,0,6,F2
Sample_007_Region,171406-sample_1_lv_0046706_007,0,-6.2004824,9.388877,0,4,Differentiated_KC
Sample_007_Region,171410-sample_1_lv_0046706_007,37,-2.3102705,8.672473,0,0,Differentiated_KC
Sample_007_Region,171436-sample_1_lv_0046706_007,0,-6.747179,8.223516,0,21,Pericyte_1
Sample_007_Region,171437-sample_1_lv_0046706_007,10,13.432762,11.176115,0,26,ILC2
Sample_007_Region,171438-sample_1_lv_0046706_007,0,-5.174973,5.8572,0,39,LC
Sample_007_Region,171439-sample_1_lv_0046706_007,27,0.54718673,2.2663496,0,18,Macro_1
Sample_007_Region,171440-sample_1_lv_0046706_007,0,-5.9494615,6.778955,0,24,F1
Sample_007_Region,171441-sample_1_lv_0046706_007,0,-5.875214,8.376819,0,266,Mono_mac
Sample_007_Region,171442-sample_1_lv_0046706_007,0,-6.023157,8.4141865,0,13,Macro_1
Sample_007_Region,171443-sample_1_lv_0046706_007,0,-4.3459888,8.85085,0,17,Tc
Sample_007_Region,171444-sample_1_lv_0046706_007,3,6.266466,4.9930267,0,90,Mono_mac
Sample_007_Region,171445-sample_1_lv_0046706_007,4,16.012043,6.8636155,0,46,Mono_mac
Sample_007_Region,171446-sample_1_lv_0046706_007,9,10.401727,14.002568,0,122,Pericyte_2
Sample_007_Region,171447-sample_1_lv_0046706_007,0,-4.7270117,6.812593,0,18,F1
Sample_007_Region,171448-sample_1_lv_0046706_007,0,-5.072665,8.144891,0,55,Mono_mac
Sample_007_Region,171449-sample_1_lv_0046706_007,0,-3.9267035,8.240553,0,14,F2
Sample_007_Region,171450-sample_1_lv_0046706_007,3,8.239861,6.120455,0,88,F1
Sample_007_Region,171451-sample_1_lv_0046706_007,0,-5.485425,9.097194,0,8,Macro_1
Sample_007_Region,171452-sample_1_lv_0046706_007,10,14.177228,10.242929,0,259,Mono_mac
Sample_007_Region,171453-sample_1_lv_0046706_007,18,18.104673,1.8557042,0,52,Pericyte_2
Sample_007_Region,171454-sample_1_lv_0046706_007,0,-3.2231472,7.4113865,0,61,F1
Sample_007_Region,171455-sample_1_lv_0046706_007,0,-4.9028873,6.071526,0,28,Mono_mac
Sample_007_Region,171456-sample_1_lv_0046706_007,0,-4.705855,8.373435,0,2,migLC
Sample_007_Region,171457-sample_1_lv_0046706_007,0,-6.1265197,9.187958,0,31,Macro_1
Sample_007_Region,171460-sample_1_lv_0046706_007,12,13.603045,6.416818,0,15,Th
Sample_007_Region,171461-sample_1_lv_0046706_007,0,-4.519155,8.558717,0,62,F1
Sample_007_Region,171462-sample_1_lv_0046706_007,0,-2.5555005,5.5406046,0,16,Undifferentiated_KC
Sample_007_Region,171463-sample_1_lv_0046706_007,0,-5.6486506,9.30999,0,33,Pericyte_1
Sample_007_Region,171464-sample_1_lv_0046706_007,0,-5.267994,9.443337,0,19,F1
Sample_007_Region,171465-sample_1_lv_0046706_007,0,-4.836951,7.020628,0,111,Pericyte_1
Sample_007_Region,171466-sample_1_lv_0046706_007,17,3.7658997,14.146305,0,83,F1
Sample_007_Region,171467-sample_1_lv_0046706_007,0,-6.1001954,6.111156,0,7,F1
Sample_007_Region,171468-sample_1_lv_0046706_007,0,-3.990359,8.398047,0,20,F1
Sample_007_Region,171469-sample_1_lv_0046706_007,0,-4.3751473,8.573175,0,5,Differentiated_KC
Sample_007_Region,171470-sample_1_lv_0046706_007,0,-4.9134974,5.8101087,0,75,F2
Sample_007_Region,171471-sample_1_lv_0046706_007,0,-5.9095435,7.250285,0,0,Differentiated_KC
Sample_007_Region,171472-sample_1_lv_0046706_007,0,-6.389554,8.560061,0,16,Macro_1
Sample_007_Region,171493-sample_1_lv_0046706_007,3,9.281058,4.3516827,0,39,Mono_mac
Sample_007_Region,171494-sample_1_lv_0046706_007,3,9.417962,5.61292,0,120,F2
Sample_007_Region,171495-sample_1_lv_0046706_007,15,4.737824,10.939337,0,55,Pericyte_2
Sample_007_Region,171496-sample_1_lv_0046706_007,13,9.028764,10.920635,0,276,F2
Sample_007_Region,171497-sample_1_lv_0046706_007,11,13.05087,8.971476,0,216,F3
Sample_007_Region,171498-sample_1_lv_0046706_007,5,9.436697,3.2298486,0,367,F2
Sample_007_Region,171499-sample_1_lv_0046706_007,0,-4.3265114,7.4809947,0,33,F1
Sample_007_Region,171500-sample_1_lv_0046706_007,20,17.235094,14.26656,0,346,F3
Sample_007_Region,171501-sample_1_lv_0046706_007,1,11.739874,9.422432,0,48,Mono_mac
Sample_007_Region,171502-sample_1_lv_0046706_007,9,9.66303,14.752171,0,87,F2
Sample_007_Region,171503-sample_1_lv_0046706_007,0,-4.9002876,6.027774,0,77,Mono_mac
Sample_007_Region,171504-sample_1_lv_0046706_007,0,-5.952144,6.3600173,0,15,Mono_mac
Sample_007_Region,171505-sample_1_lv_0046706_007,8,13.374838,1.1612946,0,110,Th
Sample_007_Region,171506-sample_1_lv_0046706_007,28,8.393312,-7.6934605,0,23,F1
Sample_007_Region,171560-sample_1_lv_0046706_007,0,-4.325713,6.758053,0,3,Undifferentiated_KC
Sample_007_Region,171562-sample_1_lv_0046706_007,0,-5.023999,9.839067,0,0,Differentiated_KC
Sample_007_Region,171563-sample_1_lv_0046706_007,0,-3.4140258,6.0581465,0,14,Macro_1
Sample_007_Region,171564-sample_1_lv_0046706_007,0,-4.016647,8.593683,0,3,F1
Sample_007_Region,171565-sample_1_lv_0046706_007,0,-3.086506,8.090736,0,16,Macro_1
Sample_007_Region,171566-sample_1_lv_0046706_007,0,-4.243114,7.544971,0,21,Undifferentiated_KC
Sample_007_Region,171567-sample_1_lv_0046706_007,0,-2.8222237,6.3503704,0,3,Undifferentiated_KC
Sample_007_Region,171568-sample_1_lv_0046706_007,16,6.136744,8.713073,0,29,Macro_1
Sample_007_Region,171569-sample_1_lv_0046706_007,10,16.432209,8.914594,0,127,F1
Sample_007_Region,171570-sample_1_lv_0046706_007,2,11.643958,5.8660817,0,9,Mono_mac
Sample_007_Region,171571-sample_1_lv_0046706_007,0,-2.471853,6.6670446,0,1,Treg
Sample_007_Region,171572-sample_1_lv_0046706_007,0,-2.690612,7.064283,0,5,F1
Sample_007_Region,171573-sample_1_lv_0046706_007,13,7.7533355,12.502679,0,97,F1
Sample_007_Region,171574-sample_1_lv_0046706_007,0,-2.8478205,8.855146,0,4,F2
Sample_007_Region,171575-sample_1_lv_0046706_007,0,-5.204417,8.351385,0,3,F2
Sample_007_Region,171576-sample_1_lv_0046706_007,0,-5.9788594,6.8998075,0,91,DC2
Sample_007_Region,171577-sample_1_lv_0046706_007,12,2.5617342,6.317245,0,13,Macro_1
Sample_007_Region,171578-sample_1_lv_0046706_007,0,-5.097223,5.6865377,0,16,Mono_mac
Sample_007_Region,171579-sample_1_lv_0046706_007,3,6.326273,4.9433246,0,65,Mono_mac
Sample_007_Region,171580-sample_1_lv_0046706_007,1,10.599839,8.716633,0,34,Th
Sample_007_Region,171581-sample_1_lv_0046706_007,10,14.743311,10.681993,0,155,F1
Sample_007_Region,171582-sample_1_lv_0046706_007,2,11.491618,5.8133783,0,5,F2
Sample_007_Region,171585-sample_1_lv_0046706_007,0,-7.1886187,7.307455,0,1,Differentiated_KC
Sample_007_Region,171587-sample_1_lv_0046706_007,0,-4.599054,6.0940948,0,8,F1
Sample_007_Region,171588-sample_1_lv_0046706_007,0,-6.7057614,7.1859035,0,15,F1
Sample_007_Region,171589-sample_1_lv_0046706_007,0,-5.350257,9.089241,0,0,Differentiated_KC
Sample_007_Region,171590-sample_1_lv_0046706_007,0,-3.1960511,8.560965,0,6,Pericyte_1
Sample_007_Region,171591-sample_1_lv_0046706_007,0,-6.0355597,6.897103,0,11,F1
Sample_007_Region,171592-sample_1_lv_0046706_007,27,0.7954879,0.044963993,0,84,F1
Sample_007_Region,171594-sample_1_lv_0046706_007,0,-3.8420413,7.0099854,0,8,F1
Sample_007_Region,171595-sample_1_lv_0046706_007,0,-5.9885836,6.8674583,0,14,F1
Sample_007_Region,171596-sample_1_lv_0046706_007,0,-3.24119,7.448379,0,2,F1
Sample_007_Region,171597-sample_1_lv_0046706_007,10,14.312317,10.9129305,0,167,F2
Sample_007_Region,171598-sample_1_lv_0046706_007,0,-6.4852686,6.889697,0,7,Undifferentiated_KC
Sample_007_Region,171599-sample_1_lv_0046706_007,11,10.575191,9.279735,0,65,ILC1_3
Sample_007_Region,171600-sample_1_lv_0046706_007,0,-4.4569364,6.4927287,0,17,F2
Sample_007_Region,171601-sample_1_lv_0046706_007,0,-3.6039824,6.567946,0,33,F1
Sample_007_Region,171602-sample_1_lv_0046706_007,0,-5.183132,5.485672,0,7,Mono_mac
Sample_007_Region,171603-sample_1_lv_0046706_007,30,19.457745,3.4834995,0,137,F1
Sample_007_Region,171604-sample_1_lv_0046706_007,0,-6.7727633,7.312883,0,62,F2
Sample_007_Region,171605-sample_1_lv_0046706_007,0,-5.738588,6.0289435,0,45,F2
Sample_007_Region,171606-sample_1_lv_0046706_007,0,-3.578836,6.0765934,0,34,Mono_mac
Sample_007_Region,171607-sample_1_lv_0046706_007,2,11.2749605,6.740122,0,126,F1
Sample_007_Region,171608-sample_1_lv_0046706_007,4,16.824163,6.695691,0,2,Differentiated_KC
Sample_007_Region,171609-sample_1_lv_0046706_007,0,-3.1496964,7.636438,0,0,Differentiated_KC
Sample_007_Region,171610-sample_1_lv_0046706_007,0,-4.7906713,7.9487786,0,0,Differentiated_KC
Sample_007_Region,171611-sample_1_lv_0046706_007,0,-3.9401512,7.82092,0,137,Macro_1
Sample_007_Region,171612-sample_1_lv_0046706_007,0,-4.112319,4.866523,0,12,F1
Sample_007_Region,171613-sample_1_lv_0046706_007,0,-5.569933,6.9721775,0,2,Tc
Sample_007_Region,171614-sample_1_lv_0046706_007,10,13.702567,11.685445,0,4,DC2
Sample_007_Region,171615-sample_1_lv_0046706_007,3,6.448664,4.9247994,0,106,F1
Sample_007_Region,171616-sample_1_lv_0046706_007,16,5.986845,8.877995,0,26,Macro_1
Sample_007_Region,171617-sample_1_lv_0046706_007,0,-5.2793202,5.668819,0,67,Pericyte_2
Sample_007_Region,171618-sample_1_lv_0046706_007,0,-4.587005,7.4956546,0,8,F1
Sample_007_Region,171619-sample_1_lv_0046706_007,0,-2.5408318,8.450129,0,17,Macro_1
Sample_007_Region,171620-sample_1_lv_0046706_007,0,-3.4882321,9.142044,0,32,Tc
Sample_007_Region,171622-sample_1_lv_0046706_007,0,-6.895184,6.85561,0,7,VE1
Sample_007_Region,171623-sample_1_lv_0046706_007,0,-4.0809317,8.098565,0,24,Th
Sample_007_Region,171624-sample_1_lv_0046706_007,14,10.51388,0.9212208,0,8,Undifferentiated_KC
Sample_007_Region,171625-sample_1_lv_0046706_007,0,-4.766916,7.460425,0,1,F1
Sample_007_Region,171626-sample_1_lv_0046706_007,0,-6.6814427,6.61287,0,20,VE1
Sample_007_Region,171627-sample_1_lv_0046706_007,30,21.068684,5.910277,0,13,F1
Sample_007_Region,171628-sample_1_lv_0046706_007,0,-2.3062325,7.329025,0,9,Macro_1
Sample_007_Region,171629-sample_1_lv_0046706_007,0,-5.581322,4.741694,0,0,Differentiated_KC
Sample_007_Region,171630-sample_1_lv_0046706_007,0,-6.881758,7.543388,0,0,Differentiated_KC
Sample_007_Region,171689-sample_1_lv_0046706_007,0,-5.079158,8.670064,0,9,Mono_mac
Sample_007_Region,171690-sample_1_lv_0046706_007,0,-5.4371905,4.7162004,0,2,F2
Sample_007_Region,171728-sample_1_lv_0046706_007,0,-5.048172,5.7795877,0,25,Undifferentiated_KC
Sample_007_Region,171749-sample_1_lv_0046706_007,0,-6.2485285,9.089766,0,0,Differentiated_KC
Sample_007_Region,171750-sample_1_lv_0046706_007,0,-5.9681716,7.593999,0,0,Differentiated_KC
Sample_007_Region,171753-sample_1_lv_0046706_007,0,-3.479253,7.425572,0,7,F1
Sample_007_Region,171782-sample_1_lv_0046706_007,4,15.368798,7.2628016,0,134,F1
Sample_007_Region,171783-sample_1_lv_0046706_007,16,5.382322,7.9981356,0,45,F1
Sample_007_Region,171788-sample_1_lv_0046706_007,0,-3.6417131,7.6255693,0,83,Mono_mac
Sample_007_Region,171789-sample_1_lv_0046706_007,0,-4.6329556,7.0935755,0,8,Tc
Sample_007_Region,171790-sample_1_lv_0046706_007,11,11.981351,9.160333,0,161,LE2
Sample_007_Region,171791-sample_1_lv_0046706_007,35,4.206911,2.54324,0,99,Mono_mac
Sample_007_Region,171792-sample_1_lv_0046706_007,11,9.972497,10.436659,0,54,F3
Sample_007_Region,171793-sample_1_lv_0046706_007,36,-7.4503274,6.2024064,0,27,F1
Sample_007_Region,171794-sample_1_lv_0046706_007,0,-2.8822894,6.5450735,0,31,ILC1_3
Sample_007_Region,171795-sample_1_lv_0046706_007,34,2.167905,16.686186,0,48,Mono_mac
Sample_007_Region,171796-sample_1_lv_0046706_007,15,4.8971457,12.045191,0,29,F1
Sample_007_Region,171797-sample_1_lv_0046706_007,34,2.4943473,17.42441,0,40,F1
Sample_007_Region,171798-sample_1_lv_0046706_007,0,-3.7857842,8.0259695,0,35,F2
Sample_007_Region,171799-sample_1_lv_0046706_007,15,4.8160143,11.348696,0,41,F3
Sample_007_Region,171800-sample_1_lv_0046706_007,0,-5.831646,4.758741,0,1,Differentiated_KC
Sample_007_Region,171801-sample_1_lv_0046706_007,0,-5.8688984,5.9215355,0,1,F1
Sample_007_Region,171802-sample_1_lv_0046706_007,0,-3.5081513,7.085099,0,0,Differentiated_KC
Sample_007_Region,171803-sample_1_lv_0046706_007,3,10.152495,5.314849,0,48,Mono_mac
Sample_007_Region,171810-sample_1_lv_0046706_007,32,1.4302855,11.668996,0,135,DC2
Sample_007_Region,171811-sample_1_lv_0046706_007,0,-4.652676,8.295163,0,47,F2
Sample_007_Region,171812-sample_1_lv_0046706_007,27,0.7416584,2.2166965,0,17,F2
Sample_007_Region,171815-sample_1_lv_0046706_007,0,-1.8235945,7.3871956,0,35,VE1
Sample_007_Region,171816-sample_1_lv_0046706_007,0,-4.541324,6.1172442,0,64,F2
Sample_007_Region,171817-sample_1_lv_0046706_007,27,0.25428653,2.3228605,0,24,DC2
Sample_007_Region,172166-sample_1_lv_0046706_007,0,-4.9129157,7.8463817,0,41,Mono_mac
Sample_007_Region,172167-sample_1_lv_0046706_007,18,17.17567,1.6994789,0,134,Mono_mac
Sample_007_Region,172168-sample_1_lv_0046706_007,0,-4.9918633,8.937733,0,35,Pericyte_2
Sample_007_Region,172169-sample_1_lv_0046706_007,12,14.2122135,5.809965,0,33,F1
Sample_007_Region,172170-sample_1_lv_0046706_007,0,-5.4421268,6.5959167,0,9,Macro_1
Sample_007_Region,172171-sample_1_lv_0046706_007,0,-5.5644083,5.217611,0,110,F2
Sample_007_Region,172172-sample_1_lv_0046706_007,0,-3.7865038,4.8841166,0,19,F1
Sample_007_Region,172173-sample_1_lv_0046706_007,0,-2.0051703,6.467468,0,1,Differentiated_KC
Sample_007_Region,172174-sample_1_lv_0046706_007,0,-2.8548305,6.002452,0,1,Treg
Sample_007_Region,172175-sample_1_lv_0046706_007,0,-4.769964,7.8042297,0,21,F1
Sample_007_Region,172176-sample_1_lv_0046706_007,0,-4.089162,5.530056,0,13,Mono_mac
Sample_007_Region,172177-sample_1_lv_0046706_007,28,9.923846,-6.1214128,0,48,Mono_mac
Sample_007_Region,172178-sample_1_lv_0046706_007,0,-4.586277,8.109199,0,0,Differentiated_KC
Sample_007_Region,172179-sample_1_lv_0046706_007,1,12.432038,11.37598,0,52,F1
Sample_007_Region,172180-sample_1_lv_0046706_007,28,8.015435,-7.985584,0,10,VE2
Sample_007_Region,172181-sample_1_lv_0046706_007,0,-4.126335,5.441904,0,0,Differentiated_KC
Sample_007_Region,172182-sample_1_lv_0046706_007,0,-3.9876401,8.945623,0,4,F1
Sample_007_Region,172183-sample_1_lv_0046706_007,33,1.0393015,20.860939,0,517,F3
Sample_007_Region,172184-sample_1_lv_0046706_007,0,-4.3455434,5.5866394,0,0,Differentiated_KC
Sample_007_Region,172185-sample_1_lv_0046706_007,0,-4.549515,6.966184,0,47,Macro_1
Sample_007_Region,172186-sample_1_lv_0046706_007,5,10.037508,2.5122547,0,84,F1
Sample_007_Region,172187-sample_1_lv_0046706_007,0,-4.861363,6.8751884,0,27,Mono_mac
Sample_007_Region,172191-sample_1_lv_0046706_007,0,-5.714665,5.9692717,0,13,F2
Sample_007_Region,172193-sample_1_lv_0046706_007,4,14.837155,6.2740703,0,189,F1
Sample_007_Region,172395-sample_1_lv_0046706_007,0,-4.0663457,6.7552385,0,25,Mono_mac
Sample_007_Region,172396-sample_1_lv_0046706_007,0,-3.8545775,6.314833,0,8,Undifferentiated_KC
Sample_007_Region,172397-sample_1_lv_0046706_007,0,-3.3350887,7.4062467,0,0,Differentiated_KC
Sample_007_Region,172398-sample_1_lv_0046706_007,0,-2.4183688,6.923011,0,2,F2
Sample_007_Region,172399-sample_1_lv_0046706_007,0,-3.3492637,6.002143,0,21,Macro_1
Sample_007_Region,172400-sample_1_lv_0046706_007,0,-4.084944,5.488867,0,35,Pericyte_1
Sample_007_Region,172401-sample_1_lv_0046706_007,31,9.344411,-2.7459195,0,31,Mono_mac
Sample_007_Region,172402-sample_1_lv_0046706_007,17,2.551839,9.84592,0,31,Th
Sample_007_Region,172403-sample_1_lv_0046706_007,0,-2.9830794,9.05491,0,1,Treg
Sample_007_Region,172404-sample_1_lv_0046706_007,0,-5.3514056,6.1790423,0,0,Differentiated_KC
Sample_007_Region,172405-sample_1_lv_0046706_007,0,-4.036821,6.99027,0,1,Undifferentiated_KC
Sample_007_Region,172406-sample_1_lv_0046706_007,0,-3.0827053,7.021075,0,41,F2
Sample_007_Region,172407-sample_1_lv_0046706_007,0,-3.8805726,5.169754,0,17,F1
Sample_007_Region,172408-sample_1_lv_0046706_007,0,-5.2332945,8.885636,0,47,F3
Sample_007_Region,172409-sample_1_lv_0046706_007,0,-4.556535,6.8103843,0,1,Treg
Sample_007_Region,172410-sample_1_lv_0046706_007,17,1.7538984,8.203671,0,2,Differentiated_KC
Sample_007_Region,172411-sample_1_lv_0046706_007,0,-6.4643006,6.7912054,0,15,Undifferentiated_KC
Sample_007_Region,172412-sample_1_lv_0046706_007,0,-4.050732,8.585159,0,1,Differentiated_KC
Sample_007_Region,172413-sample_1_lv_0046706_007,0,-3.8017135,7.5356207,0,17,Th
Sample_007_Region,172414-sample_1_lv_0046706_007,31,10.543827,-2.7041013,0,98,Undifferentiated_KC
Sample_007_Region,172415-sample_1_lv_0046706_007,0,-5.473492,5.268512,0,7,F1
Sample_007_Region,172416-sample_1_lv_0046706_007,1,12.494339,11.645157,0,21,Inf_mac
Sample_007_Region,172417-sample_1_lv_0046706_007,0,-2.7650492,6.9978685,0,14,Mono_mac
Sample_007_Region,172418-sample_1_lv_0046706_007,0,-3.9198062,4.7214127,0,9,Th
Sample_007_Region,172419-sample_1_lv_0046706_007,34,3.5004375,18.164774,0,6,F2
Sample_007_Region,172420-sample_1_lv_0046706_007,1,11.590875,11.176146,0,149,F1
Sample_007_Region,172421-sample_1_lv_0046706_007,0,-5.546322,5.2654204,0,75,Undifferentiated_KC
Sample_007_Region,172422-sample_1_lv_0046706_007,0,-4.338535,6.007986,0,28,Undifferentiated_KC
Sample_007_Region,172423-sample_1_lv_0046706_007,0,-5.0117693,9.850123,0,9,Undifferentiated_KC
Sample_007_Region,172424-sample_1_lv_0046706_007,17,1.7616588,8.264504,0,8,Inf_mac
Sample_007_Region,172425-sample_1_lv_0046706_007,29,3.4198008,4.4780436,0,36,Th
Sample_007_Region,172426-sample_1_lv_0046706_007,0,-3.4555006,7.0601716,0,0,Differentiated_KC
Sample_007_Region,172427-sample_1_lv_0046706_007,29,3.8230157,3.9680176,0,48,Macro_1
Sample_007_Region,172428-sample_1_lv_0046706_007,0,-4.640013,8.578505,0,17,F1
Sample_007_Region,172429-sample_1_lv_0046706_007,0,-5.95813,6.0477715,0,8,Mono_mac
Sample_007_Region,172430-sample_1_lv_0046706_007,16,5.2228208,8.441776,0,19,Inf_mac
Sample_007_Region,172431-sample_1_lv_0046706_007,11,9.907839,10.354537,0,64,Undifferentiated_KC
Sample_007_Region,172432-sample_1_lv_0046706_007,10,13.618731,11.3582,0,23,F1
Sample_007_Region,172433-sample_1_lv_0046706_007,0,-5.235491,4.7280245,0,12,Undifferentiated_KC
Sample_007_Region,172434-sample_1_lv_0046706_007,31,9.180815,-2.8445046,0,2,Differentiated_KC
Sample_007_Region,172435-sample_1_lv_0046706_007,0,-4.596707,7.9109697,0,1,Differentiated_KC
Sample_007_Region,172436-sample_1_lv_0046706_007,0,-2.330571,6.5990963,0,17,Pericyte_1
Sample_007_Region,172437-sample_1_lv_0046706_007,0,-5.5505123,5.8790946,0,29,Undifferentiated_KC
Sample_007_Region,172438-sample_1_lv_0046706_007,0,-4.755087,8.906867,0,23,F1
Sample_007_Region,172439-sample_1_lv_0046706_007,0,-4.115466,6.2352314,0,0,Differentiated_KC
Sample_007_Region,172440-sample_1_lv_0046706_007,17,1.9852989,8.6381035,0,17,Undifferentiated_KC
Sample_007_Region,172441-sample_1_lv_0046706_007,19,20.319693,13.723098,0,82,Undifferentiated_KC
Sample_007_Region,172442-sample_1_lv_0046706_007,0,-5.292325,7.91967,0,21,Undifferentiated_KC
Sample_007_Region,172443-sample_1_lv_0046706_007,0,-4.1933136,6.4133983,0,142,Undifferentiated_KC
Sample_007_Region,172444-sample_1_lv_0046706_007,0,-5.749528,6.2912083,0,30,Th
Sample_007_Region,172445-sample_1_lv_0046706_007,0,-6.170847,8.180839,0,1,Treg
Sample_007_Region,172446-sample_1_lv_0046706_007,3,9.167539,4.305061,0,7,Mono_mac
Sample_007_Region,172447-sample_1_lv_0046706_007,17,2.0373166,8.659787,0,14,Undifferentiated_KC
Sample_007_Region,172448-sample_1_lv_0046706_007,17,1.8682661,8.469292,0,14,F1
Sample_007_Region,172449-sample_1_lv_0046706_007,0,-5.5498385,6.429301,0,12,Undifferentiated_KC
Sample_007_Region,172450-sample_1_lv_0046706_007,0,-4.78288,8.621852,0,3,Differentiated_KC
Sample_007_Region,172451-sample_1_lv_0046706_007,0,-4.7409387,7.8644986,0,18,Undifferentiated_KC
Sample_007_Region,172452-sample_1_lv_0046706_007,0,-2.72476,8.789373,0,7,Inf_mac
Sample_007_Region,172453-sample_1_lv_0046706_007,17,2.145577,8.86691,0,16,F1
Sample_007_Region,172454-sample_1_lv_0046706_007,0,-4.1745396,5.2968082,0,25,Undifferentiated_KC
Sample_007_Region,172455-sample_1_lv_0046706_007,25,9.301399,22.07404,0,31,Undifferentiated_KC
Sample_007_Region,172456-sample_1_lv_0046706_007,7,14.232886,13.038415,0,56,Undifferentiated_KC
Sample_007_Region,172457-sample_1_lv_0046706_007,0,-4.615126,6.645201,0,0,Differentiated_KC
Sample_007_Region,172458-sample_1_lv_0046706_007,29,3.4358816,4.448315,0,46,Undifferentiated_KC
Sample_007_Region,172459-sample_1_lv_0046706_007,0,-6.6320395,9.327074,0,16,Undifferentiated_KC
Sample_007_Region,172460-sample_1_lv_0046706_007,16,5.846479,8.390283,0,260,Undifferentiated_KC
Sample_007_Region,172461-sample_1_lv_0046706_007,0,-3.0476866,6.6774945,0,17,Undifferentiated_KC
Sample_007_Region,172462-sample_1_lv_0046706_007,0,-3.1280925,5.7498555,0,4,Th
Sample_007_Region,172463-sample_1_lv_0046706_007,16,5.006578,8.943673,0,5,F2
Sample_007_Region,172464-sample_1_lv_0046706_007,0,-5.6486,6.155789,0,22,Undifferentiated_KC
Sample_007_Region,172465-sample_1_lv_0046706_007,0,-4.986445,7.9816008,0,18,F1
Sample_007_Region,172466-sample_1_lv_0046706_007,0,-6.6620064,8.007281,0,0,Differentiated_KC
Sample_007_Region,172467-sample_1_lv_0046706_007,0,-2.501644,8.5732765,0,4,F2
Sample_007_Region,172468-sample_1_lv_0046706_007,0,-6.8430824,6.9764094,0,6,Undifferentiated_KC
Sample_007_Region,172469-sample_1_lv_0046706_007,6,12.391499,15.36705,0,14,Treg
Sample_007_Region,172470-sample_1_lv_0046706_007,0,-7.0240264,6.1501293,0,2,F1
Sample_007_Region,172471-sample_1_lv_0046706_007,0,-5.903958,6.162615,0,45,F1
Sample_007_Region,172472-sample_1_lv_0046706_007,10,13.65724,11.694255,0,2,Undifferentiated_KC
Sample_007_Region,172473-sample_1_lv_0046706_007,0,-4.6763988,6.9510202,0,5,Mono_mac
Sample_007_Region,172474-sample_1_lv_0046706_007,0,-5.386082,8.392985,0,3,F2
Sample_007_Region,172475-sample_1_lv_0046706_007,0,-3.8611407,5.9312415,0,1,Differentiated_KC
Sample_007_Region,172476-sample_1_lv_0046706_007,4,16.282635,6.869087,0,13,Undifferentiated_KC
Sample_007_Region,172477-sample_1_lv_0046706_007,0,-4.5186505,7.0280066,0,0,Differentiated_KC
Sample_007_Region,172478-sample_1_lv_0046706_007,0,-4.641621,6.700519,0,4,Th
Sample_007_Region,172479-sample_1_lv_0046706_007,0,-4.74766,4.796581,0,1,Treg
Sample_007_Region,172480-sample_1_lv_0046706_007,0,-5.516302,9.042318,0,2,Th
Sample_007_Region,172481-sample_1_lv_0046706_007,0,-5.7621264,7.2714596,0,1,F1
Sample_007_Region,172482-sample_1_lv_0046706_007,3,9.071568,4.312747,0,3,F2
Sample_007_Region,172483-sample_1_lv_0046706_007,0,-2.9068673,5.236256,0,0,Differentiated_KC
Sample_007_Region,172484-sample_1_lv_0046706_007,0,-1.9232755,8.007037,0,14,F1
Sample_007_Region,172485-sample_1_lv_0046706_007,0,-4.4472356,5.6306744,0,6,Th
Sample_007_Region,172486-sample_1_lv_0046706_007,17,2.359827,9.3912525,0,29,F1
Sample_007_Region,172487-sample_1_lv_0046706_007,0,-5.606906,8.711367,0,6,Th
Sample_007_Region,172488-sample_1_lv_0046706_007,0,-3.9256678,6.753075,0,9,F1
Sample_007_Region,172489-sample_1_lv_0046706_007,0,-3.0093691,8.553373,0,10,Pericyte_1
Sample_007_Region,172490-sample_1_lv_0046706_007,17,2.4851332,9.68864,0,31,Undifferentiated_KC
Sample_007_Region,172491-sample_1_lv_0046706_007,0,-3.9943864,7.3779306,0,14,Undifferentiated_KC
Sample_007_Region,172492-sample_1_lv_0046706_007,4,16.702639,6.7103457,0,9,Undifferentiated_KC
Sample_007_Region,172493-sample_1_lv_0046706_007,17,2.4516537,9.615602,0,27,Undifferentiated_KC
Sample_007_Region,172494-sample_1_lv_0046706_007,7,3.4848876,6.300141,0,21,Inf_mac
Sample_007_Region,172495-sample_1_lv_0046706_007,17,1.8885587,8.44983,0,13,F1
Sample_007_Region,172496-sample_1_lv_0046706_007,6,12.921038,16.02291,0,6,Differentiated_KC
Sample_007_Region,172498-sample_1_lv_0046706_007,0,-3.7885227,7.0323668,0,18,Macro_1
Sample_007_Region,172499-sample_1_lv_0046706_007,0,-3.8010395,5.880042,0,23,Undifferentiated_KC
Sample_007_Region,172501-sample_1_lv_0046706_007,17,3.7329075,12.763456,0,27,Undifferentiated_KC
Sample_007_Region,172502-sample_1_lv_0046706_007,3,9.07883,4.3090377,0,7,Undifferentiated_KC
Sample_007_Region,172503-sample_1_lv_0046706_007,11,9.243904,10.303659,0,7,Undifferentiated_KC
Sample_007_Region,172504-sample_1_lv_0046706_007,17,3.7996397,13.0240345,0,52,F3
Sample_007_Region,172505-sample_1_lv_0046706_007,0,-4.292629,7.688279,0,27,F1
Sample_007_Region,172506-sample_1_lv_0046706_007,0,-4.903824,7.0548625,0,2,Tc
Sample_007_Region,172507-sample_1_lv_0046706_007,34,2.5489018,17.455702,0,36,Undifferentiated_KC
Sample_007_Region,172508-sample_1_lv_0046706_007,17,3.5239317,11.100338,0,71,Undifferentiated_KC
Sample_007_Region,172530-sample_1_lv_0046706_007,0,-3.8886125,4.75705,0,20,F3
Sample_007_Region,172531-sample_1_lv_0046706_007,6,13.020311,16.589727,0,72,Undifferentiated_KC
Sample_007_Region,172532-sample_1_lv_0046706_007,0,-4.397925,5.3957653,0,7,Macro_1
Sample_007_Region,172533-sample_1_lv_0046706_007,0,-5.7010283,8.019931,0,5,Mono_mac
Sample_007_Region,172534-sample_1_lv_0046706_007,17,3.5521314,11.118734,0,24,Undifferentiated_KC
Sample_007_Region,172535-sample_1_lv_0046706_007,17,3.833084,10.892388,0,125,Undifferentiated_KC
Sample_007_Region,172536-sample_1_lv_0046706_007,0,-5.3611407,6.710294,0,12,Undifferentiated_KC
Sample_007_Region,172537-sample_1_lv_0046706_007,17,2.055535,8.74899,0,42,F1
Sample_007_Region,172538-sample_1_lv_0046706_007,0,-4.304226,9.228701,0,8,VE1
Sample_007_Region,172539-sample_1_lv_0046706_007,0,-4.5388384,8.75396,0,5,Undifferentiated_KC
Sample_007_Region,172540-sample_1_lv_0046706_007,0,-3.9135609,6.614565,0,25,Undifferentiated_KC
Sample_007_Region,172541-sample_1_lv_0046706_007,0,-3.9376903,6.3782544,0,109,F3
Sample_007_Region,172542-sample_1_lv_0046706_007,0,-5.8160863,8.690646,0,139,Undifferentiated_KC
Sample_007_Region,172543-sample_1_lv_0046706_007,0,-4.289788,8.886027,0,121,F1
Sample_007_Region,172544-sample_1_lv_0046706_007,0,-3.3335478,6.82479,0,50,F1
Sample_007_Region,172545-sample_1_lv_0046706_007,0,-3.3111117,8.221692,0,6,Macro_1
Sample_007_Region,172546-sample_1_lv_0046706_007,0,-6.357702,6.599546,0,10,F2
Sample_007_Region,172547-sample_1_lv_0046706_007,10,13.266447,11.480799,0,60,Undifferentiated_KC
Sample_007_Region,172548-sample_1_lv_0046706_007,0,-4.760605,6.167797,0,0,Differentiated_KC
Sample_007_Region,172549-sample_1_lv_0046706_007,24,12.797123,-3.767922,0,32,F1
Sample_007_Region,172550-sample_1_lv_0046706_007,0,-5.230442,7.0008636,0,39,Mono_mac
Sample_007_Region,172551-sample_1_lv_0046706_007,0,-5.4982557,6.9663653,0,53,F1
Sample_007_Region,172552-sample_1_lv_0046706_007,0,-2.065183,7.279571,0,16,F1
Sample_007_Region,172553-sample_1_lv_0046706_007,31,10.077242,-2.8177497,0,96,F1
Sample_007_Region,172554-sample_1_lv_0046706_007,17,2.394684,9.492129,0,31,F1
Sample_007_Region,172555-sample_1_lv_0046706_007,8,13.9741535,0.00035292405,0,175,Undifferentiated_KC
Sample_007_Region,172556-sample_1_lv_0046706_007,0,-4.480403,9.52116,0,4,F1
Sample_007_Region,172557-sample_1_lv_0046706_007,0,-4.90953,7.896669,0,0,Differentiated_KC
Sample_007_Region,172558-sample_1_lv_0046706_007,26,8.858881,-5.1490407,0,35,LC
Sample_007_Region,172559-sample_1_lv_0046706_007,0,-5.105746,8.313915,0,0,Differentiated_KC
Sample_007_Region,172560-sample_1_lv_0046706_007,0,-5.096221,5.400504,0,6,Undifferentiated_KC
Sample_007_Region,172561-sample_1_lv_0046706_007,0,-5.5771346,5.374414,0,2,Th
Sample_007_Region,172562-sample_1_lv_0046706_007,16,5.0586753,8.921162,0,4,Differentiated_KC
Sample_007_Region,172563-sample_1_lv_0046706_007,0,-5.0147247,7.702833,0,54,F1
Sample_007_Region,172576-sample_1_lv_0046706_007,0,-5.347459,7.950842,0,8,Undifferentiated_KC
Sample_007_Region,172580-sample_1_lv_0046706_007,0,-4.261934,7.457218,0,33,Undifferentiated_KC
Sample_007_Region,172584-sample_1_lv_0046706_007,0,-5.8256927,7.219774,0,46,F1
Sample_007_Region,172585-sample_1_lv_0046706_007,0,-6.1390305,6.1585207,0,52,Th
Sample_007_Region,172586-sample_1_lv_0046706_007,0,-5.535943,7.0578046,0,19,Th
Sample_007_Region,172587-sample_1_lv_0046706_007,0,-3.9098337,5.5147343,0,32,Undifferentiated_KC
Sample_007_Region,172588-sample_1_lv_0046706_007,17,3.752222,10.986203,0,104,Undifferentiated_KC
Sample_007_Region,172589-sample_1_lv_0046706_007,17,3.842867,14.077143,0,71,Undifferentiated_KC
Sample_007_Region,172590-sample_1_lv_0046706_007,0,-6.37427,6.090587,0,116,F1
Sample_007_Region,172591-sample_1_lv_0046706_007,13,7.204019,13.439491,0,200,Undifferentiated_KC
Sample_007_Region,172592-sample_1_lv_0046706_007,0,-4.135789,8.26782,0,71,Undifferentiated_KC
Sample_007_Region,172593-sample_1_lv_0046706_007,0,-6.3282266,7.313033,0,32,Undifferentiated_KC
Sample_007_Region,172594-sample_1_lv_0046706_007,17,3.9790199,10.682343,0,113,Undifferentiated_KC
Sample_007_Region,172595-sample_1_lv_0046706_007,0,-3.6505117,6.837829,0,65,Th
Sample_007_Region,172596-sample_1_lv_0046706_007,6,13.107079,16.755695,0,188,Undifferentiated_KC
Sample_007_Region,172597-sample_1_lv_0046706_007,1,6.453982,10.22883,0,164,Undifferentiated_KC
Sample_007_Region,172598-sample_1_lv_0046706_007,17,3.7051888,14.171301,0,132,Undifferentiated_KC
Sample_007_Region,172599-sample_1_lv_0046706_007,3,9.073524,4.9227433,0,284,Undifferentiated_KC
Sample_007_Region,172600-sample_1_lv_0046706_007,0,-5.309664,8.706792,0,18,Pericyte_1
Sample_007_Region,172601-sample_1_lv_0046706_007,16,5.040092,8.81331,0,6,Undifferentiated_KC
Sample_007_Region,172602-sample_1_lv_0046706_007,0,-7.2397966,7.947257,0,11,F2
Sample_007_Region,172603-sample_1_lv_0046706_007,2,11.538197,6.312823,0,74,Undifferentiated_KC
Sample_007_Region,172604-sample_1_lv_0046706_007,0,-4.182579,7.8906384,0,11,Undifferentiated_KC
Sample_007_Region,172605-sample_1_lv_0046706_007,17,2.0946915,8.829394,0,19,Mono_mac
Sample_007_Region,172606-sample_1_lv_0046706_007,0,-4.5745673,6.7988753,0,12,Th
Sample_007_Region,172607-sample_1_lv_0046706_007,0,-4.3172507,6.1474533,0,22,Macro_1
Sample_007_Region,172608-sample_1_lv_0046706_007,0,-3.7875721,8.009573,0,2,F1
Sample_007_Region,172609-sample_1_lv_0046706_007,0,-5.986526,9.188801,0,7,Mono_mac
Sample_007_Region,172610-sample_1_lv_0046706_007,0,-2.758565,7.726462,0,7,Macro_1
Sample_007_Region,172875-sample_1_lv_0046706_007,0,-4.244807,6.611233,0,6,F1
Sample_007_Region,172876-sample_1_lv_0046706_007,3,7.463335,6.2162733,0,43,F1
Sample_007_Region,172877-sample_1_lv_0046706_007,4,16.333881,6.899875,0,10,F2
Sample_007_Region,172878-sample_1_lv_0046706_007,24,14.091941,-4.256507,0,12,Th
Sample_007_Region,172879-sample_1_lv_0046706_007,0,-6.0762415,8.094652,0,7,F2
Sample_007_Region,172880-sample_1_lv_0046706_007,0,-2.3893723,6.9778013,0,5,Th
Sample_007_Region,172889-sample_1_lv_0046706_007,23,6.3489394,18.23056,0,152,Pericyte_2
Sample_007_Region,172890-sample_1_lv_0046706_007,0,-2.7073612,7.861935,0,37,F1
Sample_007_Region,172891-sample_1_lv_0046706_007,0,-2.7554207,7.6318054,0,8,VE1
Sample_007_Region,172892-sample_1_lv_0046706_007,0,-6.029021,7.1984596,0,1,Differentiated_KC
Sample_007_Region,172893-sample_1_lv_0046706_007,0,-2.4925358,8.156099,0,0,Differentiated_KC
Sample_007_Region,172894-sample_1_lv_0046706_007,0,-4.097681,7.5828547,0,23,F1
Sample_007_Region,172895-sample_1_lv_0046706_007,10,13.366769,11.462305,0,59,F1
Sample_007_Region,172896-sample_1_lv_0046706_007,0,-2.4344983,7.1062155,0,11,F1
Sample_007_Region,172897-sample_1_lv_0046706_007,0,-7.301089,7.627855,0,128,F1
Sample_007_Region,172898-sample_1_lv_0046706_007,17,2.5532799,9.836107,0,24,Macro_1
Sample_007_Region,172899-sample_1_lv_0046706_007,0,-5.405305,7.9061127,0,8,Macro_1
Sample_007_Region,172900-sample_1_lv_0046706_007,0,-4.4364605,8.847552,0,40,F1
Sample_007_Region,172901-sample_1_lv_0046706_007,11,9.266584,10.475148,0,17,F1
Sample_007_Region,172902-sample_1_lv_0046706_007,4,8.302225,9.47228,0,53,Mono_mac
Sample_007_Region,172903-sample_1_lv_0046706_007,0,-4.8472095,7.1765733,0,1,F1
Sample_007_Region,172904-sample_1_lv_0046706_007,0,-4.0134487,9.131172,0,1,F2
Sample_007_Region,172905-sample_1_lv_0046706_007,0,-2.6706157,7.480172,0,10,F1
Sample_007_Region,172907-sample_1_lv_0046706_007,0,-6.188475,7.7137213,0,30,F1
Sample_007_Region,172908-sample_1_lv_0046706_007,0,-5.8302484,8.50109,0,32,F1
Sample_007_Region,172913-sample_1_lv_0046706_007,0,-4.266897,6.5666904,0,84,F1
Sample_007_Region,172914-sample_1_lv_0046706_007,0,-4.2359304,5.721504,0,6,Th
Sample_007_Region,172928-sample_1_lv_0046706_007,0,-3.5274105,4.944268,0,6,Macro_1
Sample_007_Region,172929-sample_1_lv_0046706_007,13,11.971499,14.831759,0,55,F2
Sample_007_Region,172931-sample_1_lv_0046706_007,0,-5.969854,5.8052793,0,0,Differentiated_KC
Sample_007_Region,172932-sample_1_lv_0046706_007,0,-2.6852202,7.8408594,0,15,Th
Sample_007_Region,172933-sample_1_lv_0046706_007,0,-4.550129,6.759878,0,217,F1
Sample_007_Region,172934-sample_1_lv_0046706_007,0,-2.053918,8.127875,0,1,Differentiated_KC
Sample_007_Region,172935-sample_1_lv_0046706_007,0,-4.4022436,8.381641,0,7,Macro_1
Sample_007_Region,172936-sample_1_lv_0046706_007,0,-3.3797042,9.057052,0,9,Th
Sample_007_Region,172937-sample_1_lv_0046706_007,0,-4.947726,9.73908,0,0,Differentiated_KC
Sample_007_Region,172938-sample_1_lv_0046706_007,16,6.148013,8.927167,0,13,F1
Sample_007_Region,172939-sample_1_lv_0046706_007,10,13.663181,9.541562,0,50,Mono_mac
Sample_007_Region,172940-sample_1_lv_0046706_007,0,-4.164973,5.317041,0,33,Macro_1
Sample_007_Region,172941-sample_1_lv_0046706_007,0,-5.2032495,6.110924,0,0,Differentiated_KC
Sample_007_Region,172942-sample_1_lv_0046706_007,0,-2.643998,8.374043,0,1,VE1
Sample_007_Region,172943-sample_1_lv_0046706_007,0,-4.9492536,8.083482,0,4,Differentiated_KC
Sample_007_Region,172944-sample_1_lv_0046706_007,0,-6.0070257,5.6686153,0,5,Differentiated_KC
Sample_007_Region,172945-sample_1_lv_0046706_007,0,-4.493669,7.8353534,0,4,F1
Sample_007_Region,172946-sample_1_lv_0046706_007,0,-5.6269884,7.980629,0,1,Undifferentiated_KC
Sample_007_Region,172947-sample_1_lv_0046706_007,0,-2.8097801,6.501177,0,12,F1
Sample_007_Region,172948-sample_1_lv_0046706_007,0,-6.0207553,5.7449856,0,0,Differentiated_KC
Sample_007_Region,172949-sample_1_lv_0046706_007,0,-7.019301,6.072795,0,61,F1
Sample_007_Region,172950-sample_1_lv_0046706_007,24,13.969348,-4.228582,0,11,Th
Sample_007_Region,172951-sample_1_lv_0046706_007,10,13.815639,10.243566,0,29,Th
Sample_007_Region,172952-sample_1_lv_0046706_007,0,-6.32831,7.6856995,0,10,Differentiated_KC
Sample_007_Region,172953-sample_1_lv_0046706_007,0,-4.1420293,7.761888,0,2,Macro_1
Sample_007_Region,172954-sample_1_lv_0046706_007,0,-3.5821638,6.9083786,0,10,Macro_1
Sample_007_Region,172955-sample_1_lv_0046706_007,0,-3.439936,8.882384,0,12,moDC
Sample_007_Region,172956-sample_1_lv_0046706_007,0,-2.4851155,6.102781,0,0,Differentiated_KC
Sample_007_Region,172957-sample_1_lv_0046706_007,0,-4.4589167,5.5421143,0,1,Differentiated_KC
Sample_007_Region,172958-sample_1_lv_0046706_007,0,-2.593111,7.519263,0,1,Differentiated_KC
Sample_007_Region,172959-sample_1_lv_0046706_007,27,0.062033523,2.3860435,0,4,Differentiated_KC
Sample_007_Region,172960-sample_1_lv_0046706_007,0,-4.311572,5.867239,0,1,Differentiated_KC
Sample_007_Region,172961-sample_1_lv_0046706_007,0,-5.455269,7.45559,0,0,Differentiated_KC
Sample_007_Region,172962-sample_1_lv_0046706_007,0,-4.8997226,7.3511333,0,0,Differentiated_KC
Sample_007_Region,172963-sample_1_lv_0046706_007,0,-3.6033266,8.537256,0,2,F2
Sample_007_Region,172964-sample_1_lv_0046706_007,0,-5.443029,6.90086,0,0,Differentiated_KC
Sample_007_Region,172965-sample_1_lv_0046706_007,0,-3.5576017,8.117084,0,5,Th
Sample_007_Region,172966-sample_1_lv_0046706_007,0,-6.1569896,7.175414,0,20,F3
Sample_007_Region,172967-sample_1_lv_0046706_007,33,0.8945457,20.951725,0,53,F1
Sample_007_Region,172968-sample_1_lv_0046706_007,0,-5.070425,6.359885,0,5,Differentiated_KC
Sample_007_Region,172969-sample_1_lv_0046706_007,0,-3.2702458,8.127992,0,4,F1
Sample_007_Region,172970-sample_1_lv_0046706_007,0,-2.9039013,6.5807953,0,37,F2
Sample_007_Region,172971-sample_1_lv_0046706_007,0,-3.8128915,5.3002844,0,9,F1
Sample_007_Region,172972-sample_1_lv_0046706_007,0,-2.0030494,6.407433,0,0,Differentiated_KC
Sample_007_Region,172973-sample_1_lv_0046706_007,24,12.839798,-3.7630286,0,43,Th
Sample_007_Region,172974-sample_1_lv_0046706_007,38,-3.4384472,9.877132,0,1,Differentiated_KC
Sample_007_Region,172975-sample_1_lv_0046706_007,0,-2.8008082,6.690386,0,2,Inf_mac
Sample_007_Region,172976-sample_1_lv_0046706_007,0,-5.2888904,9.597942,0,1,Differentiated_KC
Sample_007_Region,172977-sample_1_lv_0046706_007,0,-3.341901,9.057084,0,5,F1
Sample_007_Region,172978-sample_1_lv_0046706_007,0,-3.3702579,7.1507893,0,1,Differentiated_KC
Sample_007_Region,172979-sample_1_lv_0046706_007,0,-5.674538,9.237551,0,1,Differentiated_KC
Sample_007_Region,172980-sample_1_lv_0046706_007,0,-6.3096313,7.1280384,0,38,F1
Sample_007_Region,172981-sample_1_lv_0046706_007,5,8.994274,2.123659,0,50,Mono_mac
Sample_007_Region,172982-sample_1_lv_0046706_007,0,-5.1523924,5.2508082,0,1,Differentiated_KC
Sample_007_Region,172983-sample_1_lv_0046706_007,0,-4.7545223,8.69132,0,1,Differentiated_KC
Sample_007_Region,172984-sample_1_lv_0046706_007,0,-5.8331127,6.1984844,0,0,Differentiated_KC
Sample_007_Region,172985-sample_1_lv_0046706_007,0,-2.5792725,7.3567142,0,6,F2
Sample_007_Region,172986-sample_1_lv_0046706_007,0,-7.0577826,7.1156993,0,26,Th
Sample_007_Region,172987-sample_1_lv_0046706_007,0,-2.7020292,7.7186193,0,3,Differentiated_KC
Sample_007_Region,172988-sample_1_lv_0046706_007,0,-2.7807724,6.889122,0,10,Th
Sample_007_Region,172989-sample_1_lv_0046706_007,10,13.550018,11.59273,0,11,Th
Sample_007_Region,172990-sample_1_lv_0046706_007,0,-2.5431206,5.7435355,0,17,Macro_1
Sample_007_Region,172991-sample_1_lv_0046706_007,0,-2.3328981,7.361721,0,22,F2
Sample_007_Region,172992-sample_1_lv_0046706_007,10,13.696963,11.228556,0,28,F1
Sample_007_Region,172993-sample_1_lv_0046706_007,0,-5.374024,6.0933604,0,11,VE1
Sample_007_Region,172994-sample_1_lv_0046706_007,0,-5.146629,8.294437,0,24,F1
Sample_007_Region,172995-sample_1_lv_0046706_007,0,-2.0989566,6.484514,0,7,F1
Sample_007_Region,172996-sample_1_lv_0046706_007,0,-2.192616,7.4057446,0,28,F1
Sample_007_Region,172997-sample_1_lv_0046706_007,0,-4.0086527,9.447069,0,0,Differentiated_KC
Sample_007_Region,172998-sample_1_lv_0046706_007,0,-5.3529387,5.8834076,0,6,F1
Sample_007_Region,172999-sample_1_lv_0046706_007,0,-3.9967077,8.073136,0,2,Treg
Sample_007_Region,173000-sample_1_lv_0046706_007,0,-3.8696446,6.0906787,0,2,F1
Sample_007_Region,173001-sample_1_lv_0046706_007,0,-3.761767,7.201036,0,1,Differentiated_KC
Sample_007_Region,173002-sample_1_lv_0046706_007,0,-3.3954165,7.9753957,0,3,Th
Sample_007_Region,173003-sample_1_lv_0046706_007,33,0.8696928,20.926476,0,15,F1
Sample_007_Region,173004-sample_1_lv_0046706_007,0,-4.207464,5.111508,0,0,Differentiated_KC
Sample_007_Region,173005-sample_1_lv_0046706_007,0,-6.730827,9.311832,0,5,Differentiated_KC
Sample_007_Region,173006-sample_1_lv_0046706_007,0,-5.27965,8.0676985,0,4,F1
Sample_007_Region,173007-sample_1_lv_0046706_007,0,-4.817658,6.3191676,0,6,Undifferentiated_KC
Sample_007_Region,173008-sample_1_lv_0046706_007,0,-3.8793628,6.9711695,0,20,F1
Sample_007_Region,173009-sample_1_lv_0046706_007,0,-3.634694,8.671353,0,6,Macro_1
Sample_007_Region,173010-sample_1_lv_0046706_007,0,-3.4874659,8.597547,0,4,F1
Sample_007_Region,173011-sample_1_lv_0046706_007,2,10.112596,6.106098,0,33,Tc
Sample_007_Region,173012-sample_1_lv_0046706_007,0,-5.438839,8.70216,0,27,F3
Sample_007_Region,173013-sample_1_lv_0046706_007,0,-2.7569833,7.6004376,0,17,F3
Sample_007_Region,173014-sample_1_lv_0046706_007,0,-5.9690003,9.191958,0,12,Th
Sample_007_Region,173015-sample_1_lv_0046706_007,0,-5.282408,6.4111547,0,1,Differentiated_KC
Sample_007_Region,173016-sample_1_lv_0046706_007,0,-2.671719,7.4811215,0,0,Differentiated_KC
Sample_007_Region,173017-sample_1_lv_0046706_007,0,-5.9341946,8.0139475,0,0,Differentiated_KC
Sample_007_Region,173018-sample_1_lv_0046706_007,4,15.662553,9.495063,0,155,Macro_1
Sample_007_Region,173019-sample_1_lv_0046706_007,31,9.25927,-2.7472847,0,36,Undifferentiated_KC
Sample_007_Region,173020-sample_1_lv_0046706_007,0,-5.061291,5.456635,0,22,F1
Sample_007_Region,173021-sample_1_lv_0046706_007,32,1.2712566,10.143421,0,23,F3
Sample_007_Region,173022-sample_1_lv_0046706_007,0,-5.6476,5.300884,0,44,F1
Sample_007_Region,173023-sample_1_lv_0046706_007,0,-4.1507063,9.723927,0,7,Th
Sample_007_Region,173025-sample_1_lv_0046706_007,0,-3.5870757,6.7429094,0,3,F1
Sample_007_Region,173026-sample_1_lv_0046706_007,0,-3.5398848,5.694773,0,9,Inf_mac
Sample_007_Region,173027-sample_1_lv_0046706_007,1,6.9777126,7.8651447,0,12,F3
Sample_007_Region,173028-sample_1_lv_0046706_007,0,-5.1445956,9.451366,0,0,Differentiated_KC
Sample_007_Region,173029-sample_1_lv_0046706_007,23,6.242197,18.320248,0,6,Th
Sample_007_Region,173030-sample_1_lv_0046706_007,0,-4.175049,7.0063443,0,0,Differentiated_KC
Sample_007_Region,173031-sample_1_lv_0046706_007,0,-4.5386186,8.182656,0,3,Differentiated_KC
Sample_007_Region,173032-sample_1_lv_0046706_007,16,5.54949,7.9889193,0,48,F1
Sample_007_Region,173033-sample_1_lv_0046706_007,1,8.34977,7.6264615,0,20,Tc
Sample_007_Region,173034-sample_1_lv_0046706_007,0,-5.5749445,7.0979233,0,10,Treg
Sample_007_Region,173035-sample_1_lv_0046706_007,2,9.486539,7.5610766,0,27,F3
Sample_007_Region,173036-sample_1_lv_0046706_007,0,-5.6947417,6.1913357,0,13,F3
Sample_007_Region,173037-sample_1_lv_0046706_007,0,-2.837471,6.522036,0,15,F1
Sample_007_Region,173038-sample_1_lv_0046706_007,0,-5.4627333,6.936168,0,77,F1
Sample_007_Region,173039-sample_1_lv_0046706_007,0,-4.4909277,9.348749,0,59,F1
Sample_007_Region,173040-sample_1_lv_0046706_007,0,-3.5524879,5.148662,0,25,Th
Sample_007_Region,173041-sample_1_lv_0046706_007,0,-3.6947742,7.2396793,0,4,F1
Sample_007_Region,173042-sample_1_lv_0046706_007,23,6.629282,19.504639,0,341,F3
Sample_007_Region,173043-sample_1_lv_0046706_007,27,0.6251855,-0.02789028,0,59,Mono_mac
Sample_007_Region,173047-sample_1_lv_0046706_007,0,-5.6696553,9.323606,0,8,Macro_1
Sample_007_Region,173048-sample_1_lv_0046706_007,8,14.849441,-0.12124966,0,46,Macro_1
Sample_007_Region,173049-sample_1_lv_0046706_007,18,18.485798,2.6995444,0,22,Differentiated_KC
Sample_007_Region,173050-sample_1_lv_0046706_007,9,9.766882,13.884845,0,172,F1
Border_Region,25962-sample_1_lv_0046706_007,1,0.40813076,-9.341441,0,6,Th
Border_Region,25963-sample_1_lv_0046706_007,1,-2.944006,-8.144594,0,2,Differentiated_KC
Border_Region,25964-sample_1_lv_0046706_007,1,-2.4284084,-7.815193,0,6,Undifferentiated_KC
Border_Region,25965-sample_1_lv_0046706_007,1,2.255689,-7.4388013,0,11,Macro_1
Border_Region,25966-sample_1_lv_0046706_007,1,3.0448823,-8.703285,0,2,Treg
Border_Region,25967-sample_1_lv_0046706_007,1,0.46758312,-8.101627,0,0,Differentiated_KC
Border_Region,25968-sample_1_lv_0046706_007,1,0.41488218,-7.8580647,0,2,Th
Border_Region,25969-sample_1_lv_0046706_007,1,-2.627195,-7.9358487,0,1,Differentiated_KC
Border_Region,25970-sample_1_lv_0046706_007,1,-2.6929896,-7.8755054,0,1,Undifferentiated_KC
Border_Region,25971-sample_1_lv_0046706_007,1,2.2212696,-6.619847,0,11,Pericyte_1
Border_Region,25972-sample_1_lv_0046706_007,1,1.3185889,-9.050101,0,3,Undifferentiated_KC
Border_Region,25973-sample_1_lv_0046706_007,1,0.1127177,-8.796189,0,16,Macro_1
Border_Region,25979-sample_1_lv_0046706_007,1,0.12413329,-9.453368,0,6,Undifferentiated_KC
Border_Region,25980-sample_1_lv_0046706_007,1,1.7503155,-8.581914,0,4,F2
Border_Region,26012-sample_1_lv_0046706_007,1,2.0728452,-8.374185,0,0,Differentiated_KC
Border_Region,101404-sample_1_lv_0046706_007,1,2.4759867,-9.425554,0,22,Undifferentiated_KC
Border_Region,101405-sample_1_lv_0046706_007,1,0.29662278,-8.6055355,0,4,Differentiated_KC
Border_Region,101406-sample_1_lv_0046706_007,1,2.070384,-9.079349,0,19,F1
Border_Region,101407-sample_1_lv_0046706_007,1,2.4164605,-7.193806,0,2,Differentiated_KC
Border_Region,101408-sample_1_lv_0046706_007,1,2.0486114,-9.041396,0,11,Th
Border_Region,101409-sample_1_lv_0046706_007,1,1.4947665,-9.739206,0,9,Undifferentiated_KC
Border_Region,101410-sample_1_lv_0046706_007,1,1.7716933,-9.829486,0,9,Undifferentiated_KC
Border_Region,101411-sample_1_lv_0046706_007,1,1.7806368,-10.075893,0,2,Differentiated_KC
Border_Region,101412-sample_1_lv_0046706_007,1,-2.165918,-8.260242,0,1,Undifferentiated_KC
Border_Region,101413-sample_1_lv_0046706_007,1,1.1905698,-9.357572,0,7,Differentiated_KC
Border_Region,101414-sample_1_lv_0046706_007,1,1.2657622,-8.540452,0,6,F1
Border_Region,101415-sample_1_lv_0046706_007,1,1.5040295,-6.321095,0,3,F1
Border_Region,101416-sample_1_lv_0046706_007,1,2.8670342,-8.314775,0,3,DC2
Border_Region,101431-sample_1_lv_0046706_007,1,2.602139,-9.400557,0,16,VE2
Border_Region,101433-sample_1_lv_0046706_007,1,3.0686479,-9.102282,0,2,Differentiated_KC
Border_Region,101448-sample_1_lv_0046706_007,1,1.5827206,-8.239053,0,20,Mono_mac
Border_Region,101449-sample_1_lv_0046706_007,1,1.2152767,-6.441127,0,46,Undifferentiated_KC
Border_Region,101450-sample_1_lv_0046706_007,1,2.4981651,-9.127889,0,10,Differentiated_KC
Border_Region,101451-sample_1_lv_0046706_007,1,2.5289667,-7.87317,0,2,F1
Border_Region,101452-sample_1_lv_0046706_007,1,1.4762999,-8.828654,0,1,Differentiated_KC
Border_Region,101453-sample_1_lv_0046706_007,1,2.1980612,-9.649275,0,9,F1
Border_Region,101454-sample_1_lv_0046706_007,1,1.6562841,-9.305045,0,14,Undifferentiated_KC
Border_Region,101455-sample_1_lv_0046706_007,1,2.6257634,-9.403913,0,4,Th
Border_Region,101456-sample_1_lv_0046706_007,1,2.234103,-8.797699,0,4,VE2
Border_Region,101457-sample_1_lv_0046706_007,1,0.55456555,-8.973557,0,8,Undifferentiated_KC
Border_Region,101458-sample_1_lv_0046706_007,1,1.3153278,-7.3488455,0,44,Macro_1
Border_Region,101459-sample_1_lv_0046706_007,1,1.940238,-8.020198,0,39,VE2
Border_Region,101460-sample_1_lv_0046706_007,1,0.90820926,-8.855629,0,19,F1
Border_Region,101461-sample_1_lv_0046706_007,1,2.909249,-8.333935,0,12,Th
Border_Region,101462-sample_1_lv_0046706_007,1,1.7793616,-7.725973,0,14,Undifferentiated_KC
Border_Region,101463-sample_1_lv_0046706_007,1,1.8732742,-7.6674337,0,5,Th
Border_Region,101464-sample_1_lv_0046706_007,1,2.5939453,-8.457443,0,1,Undifferentiated_KC
Border_Region,101465-sample_1_lv_0046706_007,1,1.7489791,-7.792185,0,11,F1
Border_Region,101466-sample_1_lv_0046706_007,1,0.9593002,-8.672098,0,3,Undifferentiated_KC
Border_Region,101467-sample_1_lv_0046706_007,1,1.6079894,-9.22725,0,0,Differentiated_KC
Border_Region,101468-sample_1_lv_0046706_007,0,-3.6847332,-8.673379,0,8,Undifferentiated_KC
Border_Region,101469-sample_1_lv_0046706_007,0,-3.7921708,-8.029427,0,0,Differentiated_KC
Border_Region,101470-sample_1_lv_0046706_007,0,-3.3218846,-8.521801,0,1,Differentiated_KC
Border_Region,101471-sample_1_lv_0046706_007,0,-3.571698,-8.703824,0,0,Differentiated_KC
Border_Region,101478-sample_1_lv_0046706_007,0,-3.4733613,-8.620815,0,2,Differentiated_KC
Border_Region,101479-sample_1_lv_0046706_007,0,-3.5966885,-8.749827,0,8,Th
Border_Region,101487-sample_1_lv_0046706_007,0,-3.720468,-8.846127,0,16,F1
Border_Region,101488-sample_1_lv_0046706_007,0,-3.3990684,-8.444209,0,5,VE2
Border_Region,101489-sample_1_lv_0046706_007,0,-3.5770514,-8.743459,0,2,Differentiated_KC
Border_Region,101490-sample_1_lv_0046706_007,0,-3.4569678,-8.813196,0,23,Undifferentiated_KC
Border_Region,101491-sample_1_lv_0046706_007,1,-0.022136847,-8.5291815,0,10,F1
Border_Region,101492-sample_1_lv_0046706_007,0,-3.672345,-7.575552,0,6,Undifferentiated_KC
Border_Region,101493-sample_1_lv_0046706_007,1,2.6928105,-9.545349,0,20,F1
Border_Region,101494-sample_1_lv_0046706_007,1,2.232223,-7.267456,0,33,F1
Border_Region,101495-sample_1_lv_0046706_007,0,-1.744076,-9.6637335,0,9,Undifferentiated_KC
Border_Region,101496-sample_1_lv_0046706_007,0,-3.7404928,-8.506647,0,1,Undifferentiated_KC
Border_Region,101497-sample_1_lv_0046706_007,0,-5.082178,-7.8360405,0,3,Macro_1
Border_Region,101498-sample_1_lv_0046706_007,0,-3.5058475,-7.3613987,0,1,Treg
Border_Region,101499-sample_1_lv_0046706_007,0,-5.7132497,-7.5221186,0,2,Differentiated_KC
Border_Region,101500-sample_1_lv_0046706_007,0,-5.061264,-7.540764,0,2,Differentiated_KC
Border_Region,101501-sample_1_lv_0046706_007,0,-3.9043334,-7.5007324,0,8,Undifferentiated_KC
Border_Region,101502-sample_1_lv_0046706_007,0,-2.1308177,-10.696178,0,5,Undifferentiated_KC
Border_Region,101503-sample_1_lv_0046706_007,0,-5.1075454,-7.6286917,0,2,Differentiated_KC
Border_Region,101504-sample_1_lv_0046706_007,0,-3.5347826,-8.378024,0,7,Undifferentiated_KC
Border_Region,101505-sample_1_lv_0046706_007,0,-5.385554,-7.8502717,0,2,Differentiated_KC
Border_Region,101506-sample_1_lv_0046706_007,0,-4.1746483,-7.595157,0,19,Undifferentiated_KC
Border_Region,101507-sample_1_lv_0046706_007,0,-5.931657,-9.809469,0,1,Differentiated_KC
Border_Region,101508-sample_1_lv_0046706_007,0,-4.471573,-7.6828804,0,9,F1
Border_Region,101509-sample_1_lv_0046706_007,0,-4.757553,-7.403077,0,1,Differentiated_KC
Border_Region,101510-sample_1_lv_0046706_007,0,-3.647579,-7.6525545,0,2,Undifferentiated_KC
Border_Region,101511-sample_1_lv_0046706_007,0,-3.356454,-7.846382,0,4,Differentiated_KC
Border_Region,101512-sample_1_lv_0046706_007,0,-4.2701488,-7.6348305,0,0,Differentiated_KC
Border_Region,101513-sample_1_lv_0046706_007,0,-5.709723,-8.283184,0,2,Differentiated_KC
Border_Region,101514-sample_1_lv_0046706_007,0,-4.6098275,-7.375529,0,2,Undifferentiated_KC
Border_Region,101515-sample_1_lv_0046706_007,0,-5.673055,-8.305377,0,2,F1
Border_Region,101516-sample_1_lv_0046706_007,0,-3.461743,-8.180482,0,2,Differentiated_KC
Border_Region,101517-sample_1_lv_0046706_007,0,-4.656191,-7.6680727,0,6,F1
Border_Region,101518-sample_1_lv_0046706_007,0,-5.4424405,-8.195148,0,7,Undifferentiated_KC
Border_Region,101519-sample_1_lv_0046706_007,0,-3.7284591,-7.670068,0,8,F1
Border_Region,101520-sample_1_lv_0046706_007,0,-5.332929,-8.593646,0,12,F1
Border_Region,101521-sample_1_lv_0046706_007,0,-5.3002834,-8.050563,0,2,Differentiated_KC
Border_Region,101522-sample_1_lv_0046706_007,0,-2.084766,-9.892623,0,0,Differentiated_KC
Border_Region,101523-sample_1_lv_0046706_007,0,-4.358213,-7.824762,0,1,Differentiated_KC
Border_Region,101524-sample_1_lv_0046706_007,0,-4.011583,-8.161495,0,2,Undifferentiated_KC
Border_Region,101525-sample_1_lv_0046706_007,1,1.4363626,-6.2353263,0,9,Undifferentiated_KC
Border_Region,101526-sample_1_lv_0046706_007,1,1.0707443,-9.612946,0,16,Macro_1
Border_Region,101527-sample_1_lv_0046706_007,0,-4.348514,-7.786103,0,8,Differentiated_KC
Border_Region,101528-sample_1_lv_0046706_007,0,-5.8403788,-8.956918,0,3,Differentiated_KC
Border_Region,101529-sample_1_lv_0046706_007,0,-4.9740086,-8.204947,0,1,Treg
Border_Region,101530-sample_1_lv_0046706_007,0,-4.5744,-7.786631,0,2,Differentiated_KC
Border_Region,101531-sample_1_lv_0046706_007,0,-3.90473,-7.5619235,0,7,Undifferentiated_KC
Border_Region,101532-sample_1_lv_0046706_007,0,-2.9797285,-11.090053,0,8,Th
Border_Region,101533-sample_1_lv_0046706_007,0,-4.333084,-7.460978,0,0,Differentiated_KC
Border_Region,101534-sample_1_lv_0046706_007,0,-4.1310315,-7.8031454,0,6,Differentiated_KC
Border_Region,101535-sample_1_lv_0046706_007,0,-4.0339427,-8.021661,0,4,Differentiated_KC
Border_Region,101536-sample_1_lv_0046706_007,0,-5.469725,-8.635789,0,0,Differentiated_KC
Border_Region,101537-sample_1_lv_0046706_007,0,-5.419433,-10.348871,0,2,F1
Border_Region,101538-sample_1_lv_0046706_007,0,-5.421019,-10.514409,0,4,Undifferentiated_KC
Border_Region,101539-sample_1_lv_0046706_007,0,-3.834281,-11.220512,0,5,Undifferentiated_KC
Border_Region,101540-sample_1_lv_0046706_007,1,1.3424191,-8.290185,0,9,F1
Border_Region,101541-sample_1_lv_0046706_007,0,-4.0866284,-8.149632,0,24,Undifferentiated_KC
Border_Region,101542-sample_1_lv_0046706_007,0,-3.8831177,-7.9818053,0,7,Undifferentiated_KC
Border_Region,101543-sample_1_lv_0046706_007,0,-4.9268017,-8.090438,0,18,Undifferentiated_KC
Border_Region,101544-sample_1_lv_0046706_007,0,-5.8544397,-9.343003,0,24,Undifferentiated_KC
Border_Region,101545-sample_1_lv_0046706_007,1,3.6968734,-7.654115,0,2,Differentiated_KC
Border_Region,101546-sample_1_lv_0046706_007,0,-5.6268272,-8.53663,0,2,Differentiated_KC
Border_Region,101547-sample_1_lv_0046706_007,0,-3.8298266,-8.077472,0,8,Th
Border_Region,101548-sample_1_lv_0046706_007,0,-4.460305,-8.131939,0,2,Differentiated_KC
Border_Region,101549-sample_1_lv_0046706_007,0,-4.0732036,-8.260632,0,4,Differentiated_KC
Border_Region,101550-sample_1_lv_0046706_007,0,-4.410747,-11.245082,0,2,Th
Border_Region,101551-sample_1_lv_0046706_007,0,-2.9219587,-11.115682,0,18,F2
Border_Region,101552-sample_1_lv_0046706_007,0,-3.6169627,-11.290564,0,46,Undifferentiated_KC
Border_Region,101553-sample_1_lv_0046706_007,1,2.478164,-8.447945,0,28,F1
Border_Region,101554-sample_1_lv_0046706_007,0,-4.7856293,-10.936761,0,4,Differentiated_KC
Border_Region,101555-sample_1_lv_0046706_007,0,-3.7165806,-7.948791,0,8,F1
Border_Region,101556-sample_1_lv_0046706_007,1,2.3187647,-6.652354,0,8,Differentiated_KC
Border_Region,101557-sample_1_lv_0046706_007,0,-4.1596546,-7.9412093,0,5,Differentiated_KC
Border_Region,101558-sample_1_lv_0046706_007,0,-5.611048,-8.115566,0,0,Differentiated_KC
Border_Region,101559-sample_1_lv_0046706_007,0,-5.535506,-8.620525,0,13,F1
Border_Region,101560-sample_1_lv_0046706_007,0,-3.8424838,-8.383705,0,1,Undifferentiated_KC
Border_Region,101561-sample_1_lv_0046706_007,0,-4.088327,-8.131602,0,1,Undifferentiated_KC
Border_Region,101562-sample_1_lv_0046706_007,1,1.3983301,-7.819613,0,4,Th
Border_Region,101563-sample_1_lv_0046706_007,0,-4.158701,-7.920935,0,7,Undifferentiated_KC
Border_Region,101564-sample_1_lv_0046706_007,0,-4.1774883,-8.224112,0,10,Mono_mac
Border_Region,101565-sample_1_lv_0046706_007,0,-5.173501,-8.044287,0,11,Undifferentiated_KC
Border_Region,101566-sample_1_lv_0046706_007,1,1.7035496,-8.607324,0,13,Mono_mac
Border_Region,101567-sample_1_lv_0046706_007,0,-5.581064,-9.319716,0,7,F1
Border_Region,101568-sample_1_lv_0046706_007,0,-4.8793526,-8.017996,0,1,Differentiated_KC
Border_Region,101569-sample_1_lv_0046706_007,0,-4.525393,-7.877503,0,0,Differentiated_KC
Border_Region,101570-sample_1_lv_0046706_007,0,-5.6259065,-9.198203,0,13,Undifferentiated_KC
Border_Region,101571-sample_1_lv_0046706_007,0,-4.9161253,-8.6158495,0,4,F1
Border_Region,101572-sample_1_lv_0046706_007,0,-4.9163976,-8.008967,0,8,F1
Border_Region,101577-sample_1_lv_0046706_007,0,-3.9122367,-8.193491,0,7,Undifferentiated_KC
Border_Region,101578-sample_1_lv_0046706_007,0,-5.0400286,-9.428234,0,8,Undifferentiated_KC
Border_Region,101579-sample_1_lv_0046706_007,1,0.24502145,-7.681791,0,11,F1
Border_Region,101580-sample_1_lv_0046706_007,0,-3.6995478,-8.394971,0,57,Mono_mac
Border_Region,101581-sample_1_lv_0046706_007,0,-4.934206,-9.557326,0,5,Th
Border_Region,101582-sample_1_lv_0046706_007,1,1.5779274,-7.1257496,0,3,Th
Border_Region,101583-sample_1_lv_0046706_007,1,2.2973998,-8.550537,0,4,Tc
Border_Region,101584-sample_1_lv_0046706_007,0,-4.8154144,-8.241441,0,7,F1
Border_Region,101585-sample_1_lv_0046706_007,0,-5.125843,-8.817826,0,3,Th
Border_Region,101586-sample_1_lv_0046706_007,1,1.0582697,-7.577686,0,11,F1
Border_Region,101587-sample_1_lv_0046706_007,1,1.9911996,-9.43585,0,5,Undifferentiated_KC
Border_Region,101588-sample_1_lv_0046706_007,0,-5.1468697,-8.176322,0,3,Differentiated_KC
Border_Region,101589-sample_1_lv_0046706_007,0,-4.9680033,-10.360508,0,4,Undifferentiated_KC
Border_Region,101590-sample_1_lv_0046706_007,0,-4.6580534,-8.317248,0,2,VE2
Border_Region,101591-sample_1_lv_0046706_007,0,-5.113871,-8.689305,0,0,Differentiated_KC
Border_Region,101592-sample_1_lv_0046706_007,0,-3.7602143,-8.308311,0,6,F2
Border_Region,101593-sample_1_lv_0046706_007,0,-4.4080944,-8.455893,0,11,Undifferentiated_KC
Border_Region,101594-sample_1_lv_0046706_007,0,-4.6249485,-8.337805,0,6,F2
Border_Region,101595-sample_1_lv_0046706_007,0,-4.0420413,-8.5519705,0,3,F1
Border_Region,101596-sample_1_lv_0046706_007,0,-4.4907146,-8.492276,0,1,F2
Border_Region,101597-sample_1_lv_0046706_007,0,-4.1147914,-11.14845,0,2,Differentiated_KC
Border_Region,101598-sample_1_lv_0046706_007,0,-4.191591,-8.302388,0,1,Undifferentiated_KC
Border_Region,101599-sample_1_lv_0046706_007,0,-4.2437468,-8.420626,0,1,Differentiated_KC
Border_Region,101600-sample_1_lv_0046706_007,1,-0.11137398,-8.233024,0,5,F1
Border_Region,101601-sample_1_lv_0046706_007,0,-5.3788896,-8.746166,0,3,Differentiated_KC
Border_Region,101602-sample_1_lv_0046706_007,0,-5.145719,-9.657747,0,6,Undifferentiated_KC
Border_Region,101603-sample_1_lv_0046706_007,0,-5.605672,-10.007874,0,15,F1
Border_Region,101604-sample_1_lv_0046706_007,0,-4.482941,-9.611196,0,14,F1
Border_Region,101605-sample_1_lv_0046706_007,0,-4.507378,-8.609741,0,23,F1
Border_Region,101606-sample_1_lv_0046706_007,0,-4.843586,-8.682375,0,6,Macro_1
Border_Region,101607-sample_1_lv_0046706_007,0,-3.8751493,-8.456003,0,1,Differentiated_KC
Border_Region,101608-sample_1_lv_0046706_007,0,-4.305487,-9.157101,0,2,Th
Border_Region,101609-sample_1_lv_0046706_007,0,-4.6688356,-8.606667,0,1,Differentiated_KC
Border_Region,101610-sample_1_lv_0046706_007,0,-3.8302858,-10.342665,0,1,Undifferentiated_KC
Border_Region,101611-sample_1_lv_0046706_007,0,-4.631013,-8.538868,0,5,Undifferentiated_KC
Border_Region,101612-sample_1_lv_0046706_007,0,-4.7310534,-10.838182,0,3,Differentiated_KC
Border_Region,101613-sample_1_lv_0046706_007,1,2.4047365,-9.907967,0,2,Differentiated_KC
Border_Region,101614-sample_1_lv_0046706_007,1,0.34229216,-7.9616337,0,1,Differentiated_KC
Border_Region,101615-sample_1_lv_0046706_007,0,-3.2026417,-11.0134735,0,2,Differentiated_KC
Border_Region,101616-sample_1_lv_0046706_007,0,-5.2342277,-9.930117,0,8,Undifferentiated_KC
Border_Region,101617-sample_1_lv_0046706_007,0,-4.330814,-8.380203,0,7,F1
Border_Region,101618-sample_1_lv_0046706_007,1,3.759539,-7.6448426,0,4,Macro_1
Border_Region,101619-sample_1_lv_0046706_007,1,1.2304829,-8.025023,0,11,Undifferentiated_KC
Border_Region,101620-sample_1_lv_0046706_007,0,-5.0027723,-8.646698,0,1,Treg
Border_Region,101621-sample_1_lv_0046706_007,0,-5.240343,-8.995637,0,12,Undifferentiated_KC
Border_Region,101622-sample_1_lv_0046706_007,0,-4.2163506,-8.277919,0,9,F3
Border_Region,101623-sample_1_lv_0046706_007,0,-4.7363896,-8.854594,0,5,Undifferentiated_KC
Border_Region,101624-sample_1_lv_0046706_007,0,-5.335894,-9.129053,0,5,Th
Border_Region,101625-sample_1_lv_0046706_007,0,-5.1526847,-9.200737,0,2,Differentiated_KC
Border_Region,101626-sample_1_lv_0046706_007,1,-0.13506593,-8.843917,0,6,Undifferentiated_KC
Border_Region,101627-sample_1_lv_0046706_007,0,-4.677197,-8.963295,0,2,Th
Border_Region,101628-sample_1_lv_0046706_007,1,3.15254,-7.8414564,0,3,Differentiated_KC
Border_Region,101629-sample_1_lv_0046706_007,1,0.6720197,-8.694852,0,1,Th
Border_Region,101630-sample_1_lv_0046706_007,0,-5.422154,-9.800832,0,7,Undifferentiated_KC
Border_Region,101758-sample_1_lv_0046706_007,0,-5.2714987,-8.366719,0,7,Undifferentiated_KC
Border_Region,101759-sample_1_lv_0046706_007,0,-4.304003,-8.530208,0,9,Undifferentiated_KC
Border_Region,101760-sample_1_lv_0046706_007,0,-4.87165,-8.973148,0,18,migLC
Border_Region,101761-sample_1_lv_0046706_007,0,-5.447358,-9.717567,0,15,F1
Border_Region,101762-sample_1_lv_0046706_007,0,-4.6202865,-8.590804,0,17,Th
Border_Region,101763-sample_1_lv_0046706_007,1,-0.00020450527,-8.522528,0,17,Macro_1
Border_Region,101764-sample_1_lv_0046706_007,0,-3.9660397,-8.862199,0,13,Th
Border_Region,101765-sample_1_lv_0046706_007,1,3.8186462,-7.1126885,0,41,F1
Border_Region,101766-sample_1_lv_0046706_007,0,-5.4276342,-8.873969,0,7,F1
Border_Region,101767-sample_1_lv_0046706_007,0,-4.1181946,-8.43231,0,12,MigDC
Border_Region,101768-sample_1_lv_0046706_007,0,-4.590518,-10.697503,0,1,Undifferentiated_KC
Border_Region,101769-sample_1_lv_0046706_007,0,-5.435014,-9.628724,0,9,Undifferentiated_KC
Border_Region,101770-sample_1_lv_0046706_007,1,1.2945418,-8.090031,0,49,moDC
Border_Region,101771-sample_1_lv_0046706_007,0,-4.8011036,-9.163866,0,5,Treg
Border_Region,101772-sample_1_lv_0046706_007,0,-4.602681,-9.01136,0,5,F1
Border_Region,101773-sample_1_lv_0046706_007,1,1.5342102,-7.6525564,0,45,F1
Border_Region,101774-sample_1_lv_0046706_007,1,2.6404426,-8.88536,0,2,Differentiated_KC
Border_Region,101775-sample_1_lv_0046706_007,1,1.0603819,-9.313116,0,27,Pericyte_1
Border_Region,101776-sample_1_lv_0046706_007,0,-4.6187024,-9.870033,0,22,F1
Border_Region,101777-sample_1_lv_0046706_007,0,-5.0264087,-9.562794,0,2,F1
Border_Region,101778-sample_1_lv_0046706_007,1,-0.08503794,-8.1749325,0,9,Macro_1
Border_Region,101779-sample_1_lv_0046706_007,0,-4.739559,-8.6601095,0,8,Macro_1
Border_Region,101780-sample_1_lv_0046706_007,1,2.0011098,-9.919361,0,13,Undifferentiated_KC
Border_Region,101781-sample_1_lv_0046706_007,0,-4.9377403,-10.1194315,0,9,Macro_1
Border_Region,101782-sample_1_lv_0046706_007,0,-4.27108,-10.7471695,0,2,Differentiated_KC
Border_Region,101783-sample_1_lv_0046706_007,0,-4.9149866,-9.300953,0,11,F1
Border_Region,101784-sample_1_lv_0046706_007,0,-5.69722,-9.808298,0,4,Differentiated_KC
Border_Region,101785-sample_1_lv_0046706_007,0,-4.8232636,-9.631269,0,13,Macro_1
Border_Region,101786-sample_1_lv_0046706_007,0,-4.90437,-8.941394,0,1,F2
Border_Region,101787-sample_1_lv_0046706_007,0,-4.7036924,-8.381695,0,6,Undifferentiated_KC
Border_Region,101788-sample_1_lv_0046706_007,1,1.0780692,-9.735557,0,4,Th
Border_Region,101789-sample_1_lv_0046706_007,1,1.6324598,-8.284309,0,31,Macro_1
Border_Region,101790-sample_1_lv_0046706_007,0,-3.8543944,-9.495381,0,5,Undifferentiated_KC
Border_Region,101791-sample_1_lv_0046706_007,1,2.473772,-10.05446,0,10,Mono_mac
Border_Region,101792-sample_1_lv_0046706_007,0,-4.366704,-10.051018,0,1,Undifferentiated_KC
Border_Region,101793-sample_1_lv_0046706_007,0,-4.6261773,-10.514274,0,11,F1
Border_Region,101794-sample_1_lv_0046706_007,0,-4.5841923,-9.805449,0,9,F1
Border_Region,101795-sample_1_lv_0046706_007,0,-5.155627,-9.569166,0,4,Inf_mac
Border_Region,101796-sample_1_lv_0046706_007,0,-4.6225758,-9.134156,0,8,Differentiated_KC
Border_Region,101797-sample_1_lv_0046706_007,0,-4.2666516,-9.513044,0,4,Treg
Border_Region,101798-sample_1_lv_0046706_007,0,-4.497361,-9.41771,0,2,F2
Border_Region,101799-sample_1_lv_0046706_007,0,-4.075954,-8.7432785,0,2,Undifferentiated_KC
Border_Region,101800-sample_1_lv_0046706_007,0,-4.2687564,-9.062137,0,2,Macro_1
Border_Region,101801-sample_1_lv_0046706_007,0,-4.311366,-10.284763,0,4,Differentiated_KC
Border_Region,101802-sample_1_lv_0046706_007,0,-4.2367516,-9.024915,0,2,Differentiated_KC
Border_Region,101803-sample_1_lv_0046706_007,1,1.6810019,-8.609466,0,4,Mono_mac
Border_Region,101804-sample_1_lv_0046706_007,1,3.3155773,-8.578216,0,13,F1
Border_Region,101805-sample_1_lv_0046706_007,0,-5.128756,-10.177129,0,2,Differentiated_KC
Border_Region,101806-sample_1_lv_0046706_007,0,-4.5087643,-9.579715,0,3,Differentiated_KC
Border_Region,101807-sample_1_lv_0046706_007,0,-4.4304056,-9.921503,0,8,Undifferentiated_KC
Border_Region,101808-sample_1_lv_0046706_007,0,-4.481107,-9.01168,0,10,F1
Border_Region,101809-sample_1_lv_0046706_007,1,2.792443,-8.943713,0,26,Undifferentiated_KC
Border_Region,101810-sample_1_lv_0046706_007,0,-3.7897367,-9.172114,0,28,F3
Border_Region,101811-sample_1_lv_0046706_007,1,1.6591526,-8.497373,0,8,F1
Border_Region,101812-sample_1_lv_0046706_007,0,-4.4505186,-9.321522,0,1,Undifferentiated_KC
Border_Region,101813-sample_1_lv_0046706_007,1,2.2270932,-9.53453,0,7,Undifferentiated_KC
Border_Region,101814-sample_1_lv_0046706_007,0,-3.8910174,-9.343721,0,10,Th
Border_Region,101815-sample_1_lv_0046706_007,0,-4.2775364,-10.403499,0,9,F1
Border_Region,101816-sample_1_lv_0046706_007,1,0.8300024,-9.663581,0,5,Treg
Border_Region,101817-sample_1_lv_0046706_007,0,-5.1543574,-9.432705,0,8,F1
Border_Region,101818-sample_1_lv_0046706_007,1,2.8516343,-7.5230274,0,5,F2
Border_Region,101819-sample_1_lv_0046706_007,0,-4.8173394,-9.824313,0,3,Undifferentiated_KC
Border_Region,101820-sample_1_lv_0046706_007,0,-3.9552321,-8.993752,0,10,F1
Border_Region,101821-sample_1_lv_0046706_007,0,-4.7680387,-9.629909,0,18,F1
Border_Region,101823-sample_1_lv_0046706_007,0,-3.9144773,-10.300842,0,9,Undifferentiated_KC
Border_Region,101824-sample_1_lv_0046706_007,0,-4.63902,-10.276345,0,3,Undifferentiated_KC
Border_Region,101825-sample_1_lv_0046706_007,1,2.3753133,-8.37125,0,2,Differentiated_KC
Border_Region,101826-sample_1_lv_0046706_007,0,-3.7874107,-10.748986,0,4,Undifferentiated_KC
Border_Region,101829-sample_1_lv_0046706_007,0,-4.799039,-10.50589,0,6,Undifferentiated_KC
Border_Region,101830-sample_1_lv_0046706_007,0,-4.3089137,-9.841484,0,6,Undifferentiated_KC
Border_Region,101831-sample_1_lv_0046706_007,0,-4.41149,-10.65597,0,11,F1
Border_Region,101835-sample_1_lv_0046706_007,0,-3.6858027,-9.8898325,0,1,Differentiated_KC
Border_Region,101837-sample_1_lv_0046706_007,0,-4.6485577,-8.945338,0,1,Differentiated_KC
Border_Region,101838-sample_1_lv_0046706_007,0,-4.3590136,-9.643639,0,0,Differentiated_KC
Border_Region,101839-sample_1_lv_0046706_007,0,-4.4544234,-9.39566,0,2,Treg
Border_Region,101840-sample_1_lv_0046706_007,0,-4.333619,-9.286383,0,11,F1
Border_Region,101841-sample_1_lv_0046706_007,0,-4.150333,-9.984315,0,0,Differentiated_KC
Border_Region,101842-sample_1_lv_0046706_007,0,-4.729091,-10.022112,0,7,Undifferentiated_KC
Border_Region,101843-sample_1_lv_0046706_007,0,-4.0630054,-10.4125805,0,3,Th
Border_Region,101844-sample_1_lv_0046706_007,0,-3.654663,-10.826102,0,1,Differentiated_KC
Border_Region,101845-sample_1_lv_0046706_007,0,-4.2062964,-9.248572,0,6,Undifferentiated_KC
Border_Region,101846-sample_1_lv_0046706_007,1,3.2565227,-9.338899,0,4,Th
Border_Region,101847-sample_1_lv_0046706_007,0,-4.7087793,-9.940645,0,1,Undifferentiated_KC
Border_Region,101848-sample_1_lv_0046706_007,0,-3.7449489,-10.202239,0,7,Differentiated_KC
Border_Region,101849-sample_1_lv_0046706_007,0,-3.947773,-10.639915,0,7,Undifferentiated_KC
Border_Region,101850-sample_1_lv_0046706_007,0,-4.5340757,-9.033955,0,2,Differentiated_KC
Border_Region,101851-sample_1_lv_0046706_007,0,-3.6819465,-9.216543,0,3,Differentiated_KC
Border_Region,101852-sample_1_lv_0046706_007,0,-3.747174,-10.586493,0,0,Differentiated_KC
Border_Region,101853-sample_1_lv_0046706_007,0,-4.0918217,-10.209098,0,16,Undifferentiated_KC
Border_Region,101854-sample_1_lv_0046706_007,0,-3.6395133,-10.268198,0,6,Undifferentiated_KC
Border_Region,101855-sample_1_lv_0046706_007,1,0.68189466,-9.239729,0,17,F1
Border_Region,101856-sample_1_lv_0046706_007,0,-4.65705,-9.241813,0,6,Th
Border_Region,101857-sample_1_lv_0046706_007,0,-3.669795,-10.177435,0,18,F2
Border_Region,101858-sample_1_lv_0046706_007,1,-0.2823606,-9.139241,0,27,F2
Border_Region,101859-sample_1_lv_0046706_007,0,-4.131016,-9.627054,0,1,Undifferentiated_KC
Border_Region,101860-sample_1_lv_0046706_007,0,-4.2291603,-9.747783,0,1,F2
Border_Region,101861-sample_1_lv_0046706_007,0,-1.7364637,-8.906306,0,12,Inf_mac
Border_Region,101862-sample_1_lv_0046706_007,0,-4.2868,-8.964682,0,9,Pericyte_1
Border_Region,101863-sample_1_lv_0046706_007,1,3.5423386,-7.7167683,0,21,F1
Border_Region,101864-sample_1_lv_0046706_007,0,-2.946916,-10.711951,0,9,Mono_mac
Border_Region,101865-sample_1_lv_0046706_007,0,-3.8711212,-10.063978,0,4,Differentiated_KC
Border_Region,101866-sample_1_lv_0046706_007,0,-3.9932337,-9.72796,0,10,F1
Border_Region,101867-sample_1_lv_0046706_007,1,1.3979263,-7.216841,0,24,Tc
Border_Region,101868-sample_1_lv_0046706_007,0,-4.0126157,-9.396844,0,11,Differentiated_KC
Border_Region,101869-sample_1_lv_0046706_007,0,-3.9251375,-9.893082,0,18,Th
Border_Region,101870-sample_1_lv_0046706_007,0,-4.32116,-10.267672,0,1,Differentiated_KC
Border_Region,101871-sample_1_lv_0046706_007,1,0.31774658,-7.9217224,0,14,F1
Border_Region,101872-sample_1_lv_0046706_007,1,1.2255898,-7.8282347,0,22,Macro_1
Border_Region,101873-sample_1_lv_0046706_007,0,-4.341562,-9.163361,0,1,LE2
Border_Region,101874-sample_1_lv_0046706_007,1,2.18356,-8.028298,0,8,VE1
Border_Region,101887-sample_1_lv_0046706_007,0,-4.18845,-9.665797,0,36,Undifferentiated_KC
Border_Region,101888-sample_1_lv_0046706_007,0,-3.3995352,-10.683889,0,5,Undifferentiated_KC
Border_Region,101893-sample_1_lv_0046706_007,1,3.1116784,-7.7372346,0,26,Inf_mac
Border_Region,101894-sample_1_lv_0046706_007,0,-3.7964542,-9.463591,0,7,Undifferentiated_KC
Border_Region,101895-sample_1_lv_0046706_007,0,-3.6118817,-10.512618,0,10,Undifferentiated_KC
Border_Region,101896-sample_1_lv_0046706_007,0,-3.5286837,-10.289326,0,4,Differentiated_KC
Border_Region,101897-sample_1_lv_0046706_007,0,-4.425502,-9.988442,0,27,F1
Border_Region,101946-sample_1_lv_0046706_007,2,4.4544563,-3.855563,0,28,F3
Border_Region,101958-sample_1_lv_0046706_007,2,4.331608,-3.9727252,0,29,Undifferentiated_KC
Border_Region,105698-sample_1_lv_0046706_007,0,-4.0279045,-9.87746,0,8,F1
Border_Region,105699-sample_1_lv_0046706_007,0,-4.1429996,-9.306057,0,9,Undifferentiated_KC
Border_Region,105700-sample_1_lv_0046706_007,0,-3.0435739,-10.60688,0,8,F1
Border_Region,105701-sample_1_lv_0046706_007,0,-3.2380798,-10.088111,0,3,Undifferentiated_KC
Border_Region,105702-sample_1_lv_0046706_007,0,-3.8889968,-9.903456,0,1,Differentiated_KC
Border_Region,105703-sample_1_lv_0046706_007,1,0.93956804,-9.0968485,0,3,Differentiated_KC
Border_Region,105704-sample_1_lv_0046706_007,0,-3.3832173,-10.288892,0,1,F2
Border_Region,105705-sample_1_lv_0046706_007,0,-3.5734048,-9.955502,0,4,F1
Border_Region,105706-sample_1_lv_0046706_007,0,-2.944166,-10.2364025,0,2,Differentiated_KC
Border_Region,105707-sample_1_lv_0046706_007,0,-3.1343935,-10.48963,0,1,Differentiated_KC
Border_Region,105708-sample_1_lv_0046706_007,0,-3.2989814,-9.597218,0,2,Undifferentiated_KC
Border_Region,105709-sample_1_lv_0046706_007,0,-2.6902921,-10.1627865,0,5,Th
Border_Region,105710-sample_1_lv_0046706_007,0,-3.548584,-9.936998,0,13,Undifferentiated_KC
Border_Region,105711-sample_1_lv_0046706_007,0,-3.4422894,-9.821931,0,9,F1
Border_Region,105712-sample_1_lv_0046706_007,0,-4.110086,-9.473272,0,9,Differentiated_KC
Border_Region,105713-sample_1_lv_0046706_007,0,-3.2263603,-10.239851,0,11,Macro_2
Border_Region,105714-sample_1_lv_0046706_007,1,1.9867473,-9.781315,0,7,Macro_1
Border_Region,105715-sample_1_lv_0046706_007,0,-2.774653,-10.027344,0,3,Undifferentiated_KC
Border_Region,105716-sample_1_lv_0046706_007,0,-3.5887702,-9.043013,0,2,Undifferentiated_KC
Border_Region,105717-sample_1_lv_0046706_007,0,-2.4589953,-9.9944105,0,0,Differentiated_KC
Border_Region,105718-sample_1_lv_0046706_007,0,-2.1960514,-9.825509,0,15,Undifferentiated_KC
Border_Region,105719-sample_1_lv_0046706_007,0,-3.6716635,-9.569119,0,6,Differentiated_KC
Border_Region,105720-sample_1_lv_0046706_007,1,1.5467219,-6.946291,0,6,Pericyte_1
Border_Region,105721-sample_1_lv_0046706_007,0,-2.862624,-10.0922985,0,5,F1
Border_Region,105722-sample_1_lv_0046706_007,0,-2.9134305,-10.163506,0,11,Macro_1
Border_Region,105723-sample_1_lv_0046706_007,0,-3.7005749,-9.643842,0,18,Undifferentiated_KC
Border_Region,105724-sample_1_lv_0046706_007,0,-3.2510767,-10.205554,0,9,Th
Border_Region,105725-sample_1_lv_0046706_007,0,-3.9454908,-9.43638,0,3,Macro_1
Border_Region,105726-sample_1_lv_0046706_007,0,-3.2962627,-9.809949,0,9,Undifferentiated_KC
Border_Region,105727-sample_1_lv_0046706_007,0,-2.7283118,-10.000481,0,4,Undifferentiated_KC
Border_Region,105728-sample_1_lv_0046706_007,0,-3.444075,-9.864642,0,2,Differentiated_KC
Border_Region,105729-sample_1_lv_0046706_007,0,-3.2962694,-9.938912,0,7,F1
Border_Region,105730-sample_1_lv_0046706_007,1,0.7887334,-8.174035,0,9,F1
Border_Region,105731-sample_1_lv_0046706_007,1,3.2181156,-9.553442,0,6,Differentiated_KC
Border_Region,105732-sample_1_lv_0046706_007,0,-3.8980677,-8.71914,0,11,Pericyte_1
Border_Region,105733-sample_1_lv_0046706_007,0,-3.2916422,-9.109203,0,9,Macro_1
Border_Region,105734-sample_1_lv_0046706_007,1,1.5425829,-8.047285,0,9,F1
Border_Region,105735-sample_1_lv_0046706_007,0,-2.4644141,-10.049709,0,2,Differentiated_KC
Border_Region,105736-sample_1_lv_0046706_007,0,-2.9975836,-9.340645,0,1,Melanocyte
Border_Region,105737-sample_1_lv_0046706_007,0,-3.0795636,-9.709695,0,0,Differentiated_KC
Border_Region,105738-sample_1_lv_0046706_007,0,-2.8515108,-9.3950205,0,5,Differentiated_KC
Border_Region,105739-sample_1_lv_0046706_007,0,-3.714871,-8.969854,0,13,F1
Border_Region,105740-sample_1_lv_0046706_007,0,-2.1482375,-9.524765,0,11,Undifferentiated_KC
Border_Region,105741-sample_1_lv_0046706_007,0,-3.1971657,-9.602351,0,0,Differentiated_KC
Border_Region,105742-sample_1_lv_0046706_007,0,-3.5152411,-9.192407,0,1,Differentiated_KC
Border_Region,105743-sample_1_lv_0046706_007,0,-3.2675726,-9.441805,0,7,Differentiated_KC
Border_Region,105744-sample_1_lv_0046706_007,0,-3.3897886,-9.110839,0,2,Th
Border_Region,105745-sample_1_lv_0046706_007,1,2.291238,-7.971172,0,7,Undifferentiated_KC
Border_Region,105746-sample_1_lv_0046706_007,0,-2.8406327,-9.910518,0,2,Differentiated_KC
Border_Region,105747-sample_1_lv_0046706_007,0,-3.176824,-9.494153,0,10,Macro_1
Border_Region,105748-sample_1_lv_0046706_007,0,-3.6236756,-9.164306,0,2,Differentiated_KC
Border_Region,105749-sample_1_lv_0046706_007,0,-2.3305242,-9.912584,0,5,F1
Border_Region,105750-sample_1_lv_0046706_007,0,-2.9542916,-9.644815,0,7,Undifferentiated_KC
Border_Region,105751-sample_1_lv_0046706_007,0,-2.5322604,-9.53465,0,9,Th
Border_Region,105752-sample_1_lv_0046706_007,0,-3.3343062,-9.479703,0,7,Undifferentiated_KC
Border_Region,105753-sample_1_lv_0046706_007,0,-3.681486,-9.231728,0,5,Th
Border_Region,105754-sample_1_lv_0046706_007,0,-3.0767725,-9.282154,0,2,Differentiated_KC
Border_Region,105755-sample_1_lv_0046706_007,0,-2.2590647,-9.604517,0,1,Differentiated_KC
Border_Region,105756-sample_1_lv_0046706_007,0,-2.7329118,-9.36083,0,5,Differentiated_KC
Border_Region,105767-sample_1_lv_0046706_007,1,1.3651369,-6.0374274,0,34,VE2
Border_Region,105768-sample_1_lv_0046706_007,0,-2.9213276,-9.532955,0,2,Differentiated_KC
Border_Region,105769-sample_1_lv_0046706_007,1,3.2157528,-8.463571,0,23,Pericyte_1
Border_Region,105770-sample_1_lv_0046706_007,0,-3.5606885,-9.505458,0,3,Undifferentiated_KC
Border_Region,105771-sample_1_lv_0046706_007,0,-3.4265623,-9.296717,0,15,Differentiated_KC
Border_Region,105772-sample_1_lv_0046706_007,0,-3.1755624,-9.858337,0,1,Differentiated_KC
Border_Region,105773-sample_1_lv_0046706_007,0,-2.5346613,-9.5918255,0,1,F2
Border_Region,105774-sample_1_lv_0046706_007,0,-2.82974,-9.556804,0,0,Differentiated_KC
Border_Region,105775-sample_1_lv_0046706_007,0,-2.0112755,-7.6795473,0,12,Tc
Border_Region,105776-sample_1_lv_0046706_007,0,-2.066031,-9.2755,0,13,Differentiated_KC
Border_Region,105777-sample_1_lv_0046706_007,0,-2.4971461,-9.458921,0,3,Undifferentiated_KC
Border_Region,105778-sample_1_lv_0046706_007,1,2.8029988,-9.229609,0,4,Differentiated_KC
Border_Region,105779-sample_1_lv_0046706_007,0,-4.4866796,-11.32968,0,8,F2
Border_Region,126376-sample_1_lv_0046706_007,0,-2.3627179,-9.31259,0,7,Undifferentiated_KC
Border_Region,126377-sample_1_lv_0046706_007,0,-2.7880082,-6.8498287,0,1,Differentiated_KC
Border_Region,126591-sample_1_lv_0046706_007,1,3.0202308,-8.416372,0,44,Undifferentiated_KC
Border_Region,126598-sample_1_lv_0046706_007,0,-2.7970076,-9.352194,0,1,Differentiated_KC
Border_Region,126643-sample_1_lv_0046706_007,0,-1.9363697,-8.4396,0,6,Differentiated_KC
Border_Region,126644-sample_1_lv_0046706_007,1,2.1213057,-9.654309,0,19,Undifferentiated_KC
Border_Region,126645-sample_1_lv_0046706_007,1,2.242997,-6.790152,0,74,Differentiated_KC
Border_Region,126646-sample_1_lv_0046706_007,0,-2.2079504,-9.669501,0,35,Undifferentiated_KC
Border_Region,126654-sample_1_lv_0046706_007,1,2.2979934,-7.144465,0,218,F1
Border_Region,126661-sample_1_lv_0046706_007,1,0.833527,-9.299856,0,2,Differentiated_KC
Border_Region,126664-sample_1_lv_0046706_007,0,-3.267358,-8.892131,0,8,Differentiated_KC
Border_Region,166535-sample_1_lv_0046706_007,1,2.7379212,-9.837713,0,2,Differentiated_KC
Border_Region,166555-sample_1_lv_0046706_007,0,-2.6771429,-9.149734,0,1,Differentiated_KC
Border_Region,166556-sample_1_lv_0046706_007,1,0.8003986,-9.583141,0,9,Undifferentiated_KC
Border_Region,166557-sample_1_lv_0046706_007,1,2.9490461,-7.676135,0,20,Undifferentiated_KC
Border_Region,166558-sample_1_lv_0046706_007,0,-2.71495,-9.113654,0,4,Undifferentiated_KC
Border_Region,166559-sample_1_lv_0046706_007,0,-2.8361526,-9.632548,0,0,Differentiated_KC
Border_Region,166560-sample_1_lv_0046706_007,0,-2.0560493,-8.919672,0,1,Differentiated_KC
Border_Region,166561-sample_1_lv_0046706_007,0,-2.5583985,-9.092422,0,4,Th
Border_Region,166563-sample_1_lv_0046706_007,0,-3.0221238,-9.158406,0,57,Undifferentiated_KC
Border_Region,166564-sample_1_lv_0046706_007,1,2.970333,-9.287528,0,10,Undifferentiated_KC
Border_Region,166565-sample_1_lv_0046706_007,1,2.3043761,-6.847851,0,2,Differentiated_KC
Border_Region,166566-sample_1_lv_0046706_007,0,-2.9672847,-9.209809,0,6,F1
Border_Region,166567-sample_1_lv_0046706_007,0,-2.1750648,-8.640728,0,12,Undifferentiated_KC
Border_Region,166574-sample_1_lv_0046706_007,0,-2.3662007,-8.6749935,0,6,F1
Border_Region,166575-sample_1_lv_0046706_007,0,-2.2724693,-8.650116,0,3,Th
Border_Region,166576-sample_1_lv_0046706_007,0,-1.8980976,-8.277238,0,4,Undifferentiated_KC
Border_Region,166577-sample_1_lv_0046706_007,0,-2.6681263,-8.954421,0,1,Differentiated_KC
Border_Region,166578-sample_1_lv_0046706_007,0,-2.2134264,-9.309107,0,0,Differentiated_KC
Border_Region,166579-sample_1_lv_0046706_007,0,-2.111643,-8.565643,0,2,Differentiated_KC
Border_Region,166580-sample_1_lv_0046706_007,0,-2.4935217,-8.84817,0,7,Differentiated_KC
Border_Region,166581-sample_1_lv_0046706_007,0,-4.800327,-11.151505,0,2,Th
Border_Region,166582-sample_1_lv_0046706_007,0,-2.8041756,-9.188537,0,0,Differentiated_KC
Border_Region,166583-sample_1_lv_0046706_007,0,-3.0518405,-8.975193,0,1,Differentiated_KC
Border_Region,166587-sample_1_lv_0046706_007,0,-2.9931045,-8.912297,0,20,Undifferentiated_KC
Border_Region,166594-sample_1_lv_0046706_007,0,-2.3773448,-9.13793,0,1,Treg
Border_Region,166595-sample_1_lv_0046706_007,0,-2.547285,-7.6679664,0,0,Differentiated_KC
Border_Region,166596-sample_1_lv_0046706_007,0,-2.4848871,-9.120639,0,0,Differentiated_KC
Border_Region,166597-sample_1_lv_0046706_007,0,-3.124203,-9.025796,0,2,Macro_1
Border_Region,166598-sample_1_lv_0046706_007,0,-2.260955,-9.033336,0,0,Differentiated_KC
Border_Region,166599-sample_1_lv_0046706_007,2,4.235881,-3.85105,0,2,Differentiated_KC
Border_Region,166600-sample_1_lv_0046706_007,0,-2.7267869,-8.741212,0,1,Differentiated_KC
Border_Region,166601-sample_1_lv_0046706_007,0,-2.5789702,-8.719323,0,1,Differentiated_KC
Border_Region,166602-sample_1_lv_0046706_007,0,-3.150537,-9.071988,0,3,Undifferentiated_KC
Border_Region,166603-sample_1_lv_0046706_007,0,-2.5894914,-7.369527,0,1,Differentiated_KC
Border_Region,166604-sample_1_lv_0046706_007,1,-0.016899059,-9.032731,0,2,Treg
Border_Region,166605-sample_1_lv_0046706_007,0,-2.147214,-7.57938,0,1,Differentiated_KC
Border_Region,166606-sample_1_lv_0046706_007,0,-2.8354483,-8.838836,0,6,Th
Border_Region,166607-sample_1_lv_0046706_007,0,-2.4105484,-8.135056,0,26,VE2
Border_Region,166608-sample_1_lv_0046706_007,0,-3.236301,-8.617917,0,1,F1
Border_Region,166609-sample_1_lv_0046706_007,0,-2.6583214,-7.2105436,0,2,Treg
Border_Region,166610-sample_1_lv_0046706_007,0,-2.0306811,-8.044626,0,0,Differentiated_KC
Border_Region,166611-sample_1_lv_0046706_007,0,-2.2704105,-8.528381,0,2,Undifferentiated_KC
Border_Region,166612-sample_1_lv_0046706_007,0,-2.258678,-8.159011,0,2,Macro_1
Border_Region,166613-sample_1_lv_0046706_007,0,-2.617248,-8.563123,0,0,Differentiated_KC
Border_Region,166614-sample_1_lv_0046706_007,0,-2.3010569,-8.404247,0,2,Differentiated_KC
Border_Region,166615-sample_1_lv_0046706_007,0,-2.7688715,-8.651997,0,5,Undifferentiated_KC
Border_Region,166616-sample_1_lv_0046706_007,0,-2.296545,-7.740983,0,2,F1
Border_Region,166617-sample_1_lv_0046706_007,0,-2.914836,-8.518669,0,9,Macro_1
Border_Region,166618-sample_1_lv_0046706_007,0,-2.7291262,-8.727157,0,0,Differentiated_KC
Border_Region,166619-sample_1_lv_0046706_007,0,-2.793094,-7.159376,0,1,Differentiated_KC
Border_Region,166638-sample_1_lv_0046706_007,0,-3.0386636,-8.332105,0,16,F1
Border_Region,166639-sample_1_lv_0046706_007,0,-3.1588933,-8.473122,0,18,Undifferentiated_KC
Border_Region,166646-sample_1_lv_0046706_007,0,-3.1419826,-8.828321,0,7,Th
Border_Region,166647-sample_1_lv_0046706_007,1,0.41749156,-8.659781,0,13,ILC2
Border_Region,166648-sample_1_lv_0046706_007,1,0.7593654,-9.518025,0,5,Differentiated_KC
Border_Region,166649-sample_1_lv_0046706_007,0,-3.3678002,-6.9400864,0,15,F1
Border_Region,166650-sample_1_lv_0046706_007,0,-2.7541947,-7.160221,0,6,Undifferentiated_KC
Border_Region,166651-sample_1_lv_0046706_007,0,-2.6933637,-7.664608,0,6,F1
Border_Region,166652-sample_1_lv_0046706_007,0,-2.425801,-8.522111,0,2,Undifferentiated_KC
Border_Region,166653-sample_1_lv_0046706_007,0,-2.881849,-7.599287,0,5,Pericyte_1
Border_Region,166654-sample_1_lv_0046706_007,0,-3.114304,-8.434114,0,10,Undifferentiated_KC
Border_Region,166655-sample_1_lv_0046706_007,0,-2.9750938,-7.3904734,0,5,Melanocyte
Border_Region,166657-sample_1_lv_0046706_007,0,-2.43288,-8.32852,0,3,Undifferentiated_KC
Border_Region,166658-sample_1_lv_0046706_007,0,-2.7789268,-8.256283,0,10,F1
Border_Region,166659-sample_1_lv_0046706_007,0,-3.0928771,-7.9825406,0,2,F1
Border_Region,166660-sample_1_lv_0046706_007,1,2.5180223,-10.062005,0,14,F2
Border_Region,166661-sample_1_lv_0046706_007,0,-2.6304655,-8.196392,0,30,F1
Border_Region,166662-sample_1_lv_0046706_007,0,-3.2257843,-8.316975,0,3,Undifferentiated_KC
Border_Region,166664-sample_1_lv_0046706_007,0,-3.1742408,-8.839447,0,1,F1
Border_Region,166665-sample_1_lv_0046706_007,1,2.117061,-9.985696,0,2,Differentiated_KC
Border_Region,166666-sample_1_lv_0046706_007,0,-2.847725,-7.9514303,0,2,Differentiated_KC
Border_Region,166667-sample_1_lv_0046706_007,1,1.898757,-7.4454236,0,3,Differentiated_KC
Border_Region,166668-sample_1_lv_0046706_007,0,-2.698051,-7.949088,0,3,Macro_1
Border_Region,166669-sample_1_lv_0046706_007,1,2.931678,-9.165352,0,3,Differentiated_KC
Border_Region,166670-sample_1_lv_0046706_007,0,-2.5491364,-8.301848,0,12,Inf_mac
Border_Region,166671-sample_1_lv_0046706_007,0,-3.6109047,-8.625098,0,16,Macro_1
Border_Region,166672-sample_1_lv_0046706_007,0,-3.1471605,-6.9045,0,3,Differentiated_KC
Border_Region,166673-sample_1_lv_0046706_007,0,-3.147153,-7.1663275,0,10,Macro_1
Border_Region,166674-sample_1_lv_0046706_007,2,4.149075,-4.1364765,0,19,Mono_mac
Border_Region,166675-sample_1_lv_0046706_007,0,-2.8909557,-8.579118,0,10,F1
Border_Region,166676-sample_1_lv_0046706_007,0,-2.865585,-7.5928507,0,11,Undifferentiated_KC
Border_Region,166677-sample_1_lv_0046706_007,0,-3.6565502,-7.166509,0,10,Macro_1
Border_Region,166679-sample_1_lv_0046706_007,0,-3.1465285,-7.4905596,0,4,F1
Border_Region,166680-sample_1_lv_0046706_007,1,3.3598998,-9.583631,0,10,Undifferentiated_KC
Border_Region,166681-sample_1_lv_0046706_007,0,-3.196395,-8.431991,0,5,VE1
Border_Region,166682-sample_1_lv_0046706_007,0,-3.0649679,-8.034291,0,5,F1
Border_Region,166683-sample_1_lv_0046706_007,0,-3.606462,-7.242454,0,0,Differentiated_KC
Border_Region,166687-sample_1_lv_0046706_007,0,-4.4587603,-6.947717,0,6,VE2
Border_Region,166694-sample_1_lv_0046706_007,2,4.3210125,-4.066923,0,56,Macro_1
Border_Region,166695-sample_1_lv_0046706_007,0,-2.7287488,-7.937854,0,16,Undifferentiated_KC
Border_Region,166696-sample_1_lv_0046706_007,0,-3.0865757,-8.164943,0,29,F3
Border_Region,166698-sample_1_lv_0046706_007,0,-3.2661443,-7.1140313,0,2,Differentiated_KC
Border_Region,166699-sample_1_lv_0046706_007,0,-3.3186789,-8.532701,0,11,F3
Border_Region,166709-sample_1_lv_0046706_007,0,-3.5960088,-6.846928,0,5,Undifferentiated_KC
Border_Region,166710-sample_1_lv_0046706_007,1,1.5266527,-8.223103,0,18,Pericyte_1
Border_Region,166711-sample_1_lv_0046706_007,1,2.1284254,-6.805192,0,22,F1
Border_Region,166712-sample_1_lv_0046706_007,0,-3.1439128,-7.638319,0,23,Undifferentiated_KC
Border_Region,166719-sample_1_lv_0046706_007,0,-3.2752357,-7.749162,0,6,Undifferentiated_KC
Border_Region,166729-sample_1_lv_0046706_007,0,-6.154573,-10.058836,0,5,VE2
Border_Region,167438-sample_1_lv_0046706_007,0,-3.0850472,-7.851938,0,6,F1
Border_Region,167439-sample_1_lv_0046706_007,0,-3.2557964,-7.7335925,0,3,Differentiated_KC
Border_Region,167440-sample_1_lv_0046706_007,0,-3.3741221,-7.55115,0,0,Differentiated_KC
Border_Region,167441-sample_1_lv_0046706_007,0,-6.12486,-8.817286,0,6,F1
Border_Region,167442-sample_1_lv_0046706_007,0,-3.4180107,-7.181794,0,0,Differentiated_KC
Border_Region,167443-sample_1_lv_0046706_007,0,-3.4322813,-7.9994926,0,11,Differentiated_KC
Border_Region,167444-sample_1_lv_0046706_007,0,-3.7561822,-7.2279873,0,1,F2
Border_Region,167445-sample_1_lv_0046706_007,0,-3.514394,-7.6229377,0,2,F2
Border_Region,167446-sample_1_lv_0046706_007,0,-3.8367279,-6.9268227,0,2,Macro_1
Border_Region,167447-sample_1_lv_0046706_007,0,-3.2654228,-7.692926,0,1,F2
Border_Region,167448-sample_1_lv_0046706_007,0,-3.3161197,-7.7261086,0,11,Undifferentiated_KC
Border_Region,167449-sample_1_lv_0046706_007,1,2.8536787,-8.589144,0,6,F1
Border_Region,167450-sample_1_lv_0046706_007,0,-3.478445,-8.039053,0,6,F1
Border_Region,167451-sample_1_lv_0046706_007,0,-4.107931,-7.6334867,0,1,Differentiated_KC
Border_Region,167452-sample_1_lv_0046706_007,2,4.4343357,-4.017881,0,26,LE1
Border_Region,167453-sample_1_lv_0046706_007,1,0.6236654,-8.237132,0,31,Undifferentiated_KC
Border_Region,167454-sample_1_lv_0046706_007,0,-4.491295,-7.240551,0,2,Undifferentiated_KC
Border_Region,167455-sample_1_lv_0046706_007,0,-5.161886,-7.3087525,0,5,Undifferentiated_KC
Border_Region,167456-sample_1_lv_0046706_007,0,-4.2091556,-6.748826,0,10,F1
Border_Region,167457-sample_1_lv_0046706_007,0,-5.484022,-7.2447715,0,1,Differentiated_KC
Border_Region,167458-sample_1_lv_0046706_007,1,1.799276,-8.6329,0,2,Undifferentiated_KC
Border_Region,167459-sample_1_lv_0046706_007,0,-3.5073068,-7.8218193,0,8,Macro_1
Border_Region,167460-sample_1_lv_0046706_007,0,-3.8653326,-7.577928,0,5,Differentiated_KC
Border_Region,167461-sample_1_lv_0046706_007,0,-6.314976,-8.654611,0,0,Differentiated_KC
Border_Region,167462-sample_1_lv_0046706_007,0,-4.510291,-6.8715286,0,8,Differentiated_KC
Border_Region,171631-sample_1_lv_0046706_007,0,-3.9809716,-7.316056,0,0,Differentiated_KC
Border_Region,171632-sample_1_lv_0046706_007,0,-4.5552564,-7.140926,0,15,Th
Border_Region,171634-sample_1_lv_0046706_007,1,1.1175507,-7.5269685,0,36,F3
Border_Region,171635-sample_1_lv_0046706_007,1,3.278964,-7.3519654,0,46,Tc
Border_Region,171709-sample_1_lv_0046706_007,0,-4.799544,-7.302334,0,2,Differentiated_KC
Border_Region,171710-sample_1_lv_0046706_007,0,-5.3974023,-7.731222,0,6,Undifferentiated_KC
Border_Region,171711-sample_1_lv_0046706_007,1,2.6346283,-9.705248,0,50,Macro_1
Border_Region,171713-sample_1_lv_0046706_007,0,-4.0501447,-7.4546285,0,9,Undifferentiated_KC
Border_Region,171714-sample_1_lv_0046706_007,1,0.04717826,-8.645893,0,23,Differentiated_KC
Border_Region,171715-sample_1_lv_0046706_007,0,-4.206061,-6.9872527,0,8,Differentiated_KC
Border_Region,171716-sample_1_lv_0046706_007,0,-5.9785933,-8.052545,0,2,Differentiated_KC
Border_Region,171717-sample_1_lv_0046706_007,1,1.6982281,-7.6979747,0,15,F1
Border_Region,171718-sample_1_lv_0046706_007,1,2.5401762,-6.889573,0,17,Macro_1
Border_Region,171719-sample_1_lv_0046706_007,0,-5.0787354,-8.2314005,0,16,Undifferentiated_KC
Border_Region,171720-sample_1_lv_0046706_007,0,-4.0476646,-7.044367,0,5,Macro_1
Border_Region,171721-sample_1_lv_0046706_007,0,-5.0298924,-7.1721234,0,18,Undifferentiated_KC
Border_Region,171722-sample_1_lv_0046706_007,0,-4.364395,-7.8878536,0,4,Differentiated_KC
Border_Region,171723-sample_1_lv_0046706_007,1,0.83029556,-9.389529,0,5,Treg
Border_Region,171724-sample_1_lv_0046706_007,0,-3.587956,-8.125253,0,26,Undifferentiated_KC
Border_Region,171725-sample_1_lv_0046706_007,0,-4.997667,-7.0933566,0,25,Undifferentiated_KC
Border_Region,171726-sample_1_lv_0046706_007,0,-4.052725,-7.146815,0,24,Undifferentiated_KC
Border_Region,171727-sample_1_lv_0046706_007,0,-4.2752395,-7.471101,0,37,Mono_mac
